split,label,label_raw,file_name,relative_path,size_bytes,width,height
train,Glioma,glioma_tumor,gg (1).jpg,data/raw/Training/glioma_tumor/gg (1).jpg,21150,512,512
train,Glioma,glioma_tumor,gg (10).jpg,data/raw/Training/glioma_tumor/gg (10).jpg,21922,512,512
train,Glioma,glioma_tumor,gg (100).jpg,data/raw/Training/glioma_tumor/gg (100).jpg,27678,512,512
train,Glioma,glioma_tumor,gg (101).jpg,data/raw/Training/glioma_tumor/gg (101).jpg,29283,512,512
train,Glioma,glioma_tumor,gg (102).jpg,data/raw/Training/glioma_tumor/gg (102).jpg,28661,512,512
train,Glioma,glioma_tumor,gg (103).jpg,data/raw/Training/glioma_tumor/gg (103).jpg,23759,512,512
train,Glioma,glioma_tumor,gg (104).jpg,data/raw/Training/glioma_tumor/gg (104).jpg,26727,512,512
train,Glioma,glioma_tumor,gg (105).jpg,data/raw/Training/glioma_tumor/gg (105).jpg,28618,512,512
train,Glioma,glioma_tumor,gg (106).jpg,data/raw/Training/glioma_tumor/gg (106).jpg,28825,512,512
train,Glioma,glioma_tumor,gg (107).jpg,data/raw/Training/glioma_tumor/gg (107).jpg,26810,512,512
train,Glioma,glioma_tumor,gg (108).jpg,data/raw/Training/glioma_tumor/gg (108).jpg,29954,512,512
train,Glioma,glioma_tumor,gg (109).jpg,data/raw/Training/glioma_tumor/gg (109).jpg,28909,512,512
train,Glioma,glioma_tumor,gg (11).jpg,data/raw/Training/glioma_tumor/gg (11).jpg,24438,512,512
train,Glioma,glioma_tumor,gg (110).jpg,data/raw/Training/glioma_tumor/gg (110).jpg,32219,512,512
train,Glioma,glioma_tumor,gg (111).jpg,data/raw/Training/glioma_tumor/gg (111).jpg,33025,512,512
train,Glioma,glioma_tumor,gg (112).jpg,data/raw/Training/glioma_tumor/gg (112).jpg,33449,512,512
train,Glioma,glioma_tumor,gg (113).jpg,data/raw/Training/glioma_tumor/gg (113).jpg,36656,512,512
train,Glioma,glioma_tumor,gg (114).jpg,data/raw/Training/glioma_tumor/gg (114).jpg,28926,512,512
train,Glioma,glioma_tumor,gg (115).jpg,data/raw/Training/glioma_tumor/gg (115).jpg,32192,512,512
train,Glioma,glioma_tumor,gg (116).jpg,data/raw/Training/glioma_tumor/gg (116).jpg,25677,512,512
train,Glioma,glioma_tumor,gg (117).jpg,data/raw/Training/glioma_tumor/gg (117).jpg,24502,512,512
train,Glioma,glioma_tumor,gg (118).jpg,data/raw/Training/glioma_tumor/gg (118).jpg,25841,512,512
train,Glioma,glioma_tumor,gg (119).jpg,data/raw/Training/glioma_tumor/gg (119).jpg,25519,512,512
train,Glioma,glioma_tumor,gg (12).jpg,data/raw/Training/glioma_tumor/gg (12).jpg,23917,512,512
train,Glioma,glioma_tumor,gg (120).jpg,data/raw/Training/glioma_tumor/gg (120).jpg,25785,512,512
train,Glioma,glioma_tumor,gg (121).jpg,data/raw/Training/glioma_tumor/gg (121).jpg,26921,512,512
train,Glioma,glioma_tumor,gg (122).jpg,data/raw/Training/glioma_tumor/gg (122).jpg,25150,512,512
train,Glioma,glioma_tumor,gg (123).jpg,data/raw/Training/glioma_tumor/gg (123).jpg,27992,512,512
train,Glioma,glioma_tumor,gg (124).jpg,data/raw/Training/glioma_tumor/gg (124).jpg,28964,512,512
train,Glioma,glioma_tumor,gg (125).jpg,data/raw/Training/glioma_tumor/gg (125).jpg,29495,512,512
train,Glioma,glioma_tumor,gg (126).jpg,data/raw/Training/glioma_tumor/gg (126).jpg,29807,512,512
train,Glioma,glioma_tumor,gg (127).jpg,data/raw/Training/glioma_tumor/gg (127).jpg,28087,512,512
train,Glioma,glioma_tumor,gg (128).jpg,data/raw/Training/glioma_tumor/gg (128).jpg,27557,512,512
train,Glioma,glioma_tumor,gg (129).jpg,data/raw/Training/glioma_tumor/gg (129).jpg,27253,512,512
train,Glioma,glioma_tumor,gg (13).jpg,data/raw/Training/glioma_tumor/gg (13).jpg,21914,512,512
train,Glioma,glioma_tumor,gg (130).jpg,data/raw/Training/glioma_tumor/gg (130).jpg,26823,512,512
train,Glioma,glioma_tumor,gg (131).jpg,data/raw/Training/glioma_tumor/gg (131).jpg,25440,512,512
train,Glioma,glioma_tumor,gg (132).jpg,data/raw/Training/glioma_tumor/gg (132).jpg,29651,512,512
train,Glioma,glioma_tumor,gg (133).jpg,data/raw/Training/glioma_tumor/gg (133).jpg,29890,512,512
train,Glioma,glioma_tumor,gg (134).jpg,data/raw/Training/glioma_tumor/gg (134).jpg,29083,512,512
train,Glioma,glioma_tumor,gg (135).jpg,data/raw/Training/glioma_tumor/gg (135).jpg,26236,512,512
train,Glioma,glioma_tumor,gg (136).jpg,data/raw/Training/glioma_tumor/gg (136).jpg,25395,512,512
train,Glioma,glioma_tumor,gg (137).jpg,data/raw/Training/glioma_tumor/gg (137).jpg,25633,512,512
train,Glioma,glioma_tumor,gg (138).jpg,data/raw/Training/glioma_tumor/gg (138).jpg,25610,512,512
train,Glioma,glioma_tumor,gg (139).jpg,data/raw/Training/glioma_tumor/gg (139).jpg,24367,512,512
train,Glioma,glioma_tumor,gg (14).jpg,data/raw/Training/glioma_tumor/gg (14).jpg,20329,512,512
train,Glioma,glioma_tumor,gg (140).jpg,data/raw/Training/glioma_tumor/gg (140).jpg,25334,512,512
train,Glioma,glioma_tumor,gg (141).jpg,data/raw/Training/glioma_tumor/gg (141).jpg,22564,512,512
train,Glioma,glioma_tumor,gg (142).jpg,data/raw/Training/glioma_tumor/gg (142).jpg,30007,512,512
train,Glioma,glioma_tumor,gg (143).jpg,data/raw/Training/glioma_tumor/gg (143).jpg,29064,512,512
train,Glioma,glioma_tumor,gg (144).jpg,data/raw/Training/glioma_tumor/gg (144).jpg,30090,512,512
train,Glioma,glioma_tumor,gg (145).jpg,data/raw/Training/glioma_tumor/gg (145).jpg,27917,512,512
train,Glioma,glioma_tumor,gg (146).jpg,data/raw/Training/glioma_tumor/gg (146).jpg,26270,512,512
train,Glioma,glioma_tumor,gg (147).jpg,data/raw/Training/glioma_tumor/gg (147).jpg,28557,512,512
train,Glioma,glioma_tumor,gg (148).jpg,data/raw/Training/glioma_tumor/gg (148).jpg,28473,512,512
train,Glioma,glioma_tumor,gg (149).jpg,data/raw/Training/glioma_tumor/gg (149).jpg,25530,512,512
train,Glioma,glioma_tumor,gg (15).jpg,data/raw/Training/glioma_tumor/gg (15).jpg,20173,512,512
train,Glioma,glioma_tumor,gg (150).jpg,data/raw/Training/glioma_tumor/gg (150).jpg,31778,512,512
train,Glioma,glioma_tumor,gg (151).jpg,data/raw/Training/glioma_tumor/gg (151).jpg,31824,512,512
train,Glioma,glioma_tumor,gg (152).jpg,data/raw/Training/glioma_tumor/gg (152).jpg,31714,512,512
train,Glioma,glioma_tumor,gg (153).jpg,data/raw/Training/glioma_tumor/gg (153).jpg,28547,512,512
train,Glioma,glioma_tumor,gg (154).jpg,data/raw/Training/glioma_tumor/gg (154).jpg,28508,512,512
train,Glioma,glioma_tumor,gg (155).jpg,data/raw/Training/glioma_tumor/gg (155).jpg,23108,512,512
train,Glioma,glioma_tumor,gg (156).jpg,data/raw/Training/glioma_tumor/gg (156).jpg,26652,512,512
train,Glioma,glioma_tumor,gg (157).jpg,data/raw/Training/glioma_tumor/gg (157).jpg,27684,512,512
train,Glioma,glioma_tumor,gg (158).jpg,data/raw/Training/glioma_tumor/gg (158).jpg,31239,512,512
train,Glioma,glioma_tumor,gg (159).jpg,data/raw/Training/glioma_tumor/gg (159).jpg,29319,512,512
train,Glioma,glioma_tumor,gg (16).jpg,data/raw/Training/glioma_tumor/gg (16).jpg,23848,512,512
train,Glioma,glioma_tumor,gg (160).jpg,data/raw/Training/glioma_tumor/gg (160).jpg,32977,512,512
train,Glioma,glioma_tumor,gg (161).jpg,data/raw/Training/glioma_tumor/gg (161).jpg,29123,512,512
train,Glioma,glioma_tumor,gg (162).jpg,data/raw/Training/glioma_tumor/gg (162).jpg,24401,512,512
train,Glioma,glioma_tumor,gg (163).jpg,data/raw/Training/glioma_tumor/gg (163).jpg,30778,512,512
train,Glioma,glioma_tumor,gg (164).jpg,data/raw/Training/glioma_tumor/gg (164).jpg,31351,512,512
train,Glioma,glioma_tumor,gg (165).jpg,data/raw/Training/glioma_tumor/gg (165).jpg,34124,512,512
train,Glioma,glioma_tumor,gg (166).jpg,data/raw/Training/glioma_tumor/gg (166).jpg,33203,512,512
train,Glioma,glioma_tumor,gg (167).jpg,data/raw/Training/glioma_tumor/gg (167).jpg,32814,512,512
train,Glioma,glioma_tumor,gg (168).jpg,data/raw/Training/glioma_tumor/gg (168).jpg,33208,512,512
train,Glioma,glioma_tumor,gg (169).jpg,data/raw/Training/glioma_tumor/gg (169).jpg,34128,512,512
train,Glioma,glioma_tumor,gg (17).jpg,data/raw/Training/glioma_tumor/gg (17).jpg,23042,512,512
train,Glioma,glioma_tumor,gg (170).jpg,data/raw/Training/glioma_tumor/gg (170).jpg,29732,512,512
train,Glioma,glioma_tumor,gg (171).jpg,data/raw/Training/glioma_tumor/gg (171).jpg,33642,512,512
train,Glioma,glioma_tumor,gg (172).jpg,data/raw/Training/glioma_tumor/gg (172).jpg,32385,512,512
train,Glioma,glioma_tumor,gg (173).jpg,data/raw/Training/glioma_tumor/gg (173).jpg,30780,512,512
train,Glioma,glioma_tumor,gg (174).jpg,data/raw/Training/glioma_tumor/gg (174).jpg,30921,512,512
train,Glioma,glioma_tumor,gg (175).jpg,data/raw/Training/glioma_tumor/gg (175).jpg,30343,512,512
train,Glioma,glioma_tumor,gg (176).jpg,data/raw/Training/glioma_tumor/gg (176).jpg,33269,512,512
train,Glioma,glioma_tumor,gg (177).jpg,data/raw/Training/glioma_tumor/gg (177).jpg,32026,512,512
train,Glioma,glioma_tumor,gg (178).jpg,data/raw/Training/glioma_tumor/gg (178).jpg,30888,512,512
train,Glioma,glioma_tumor,gg (179).jpg,data/raw/Training/glioma_tumor/gg (179).jpg,31194,512,512
train,Glioma,glioma_tumor,gg (18).jpg,data/raw/Training/glioma_tumor/gg (18).jpg,24135,512,512
train,Glioma,glioma_tumor,gg (180).jpg,data/raw/Training/glioma_tumor/gg (180).jpg,28358,512,512
train,Glioma,glioma_tumor,gg (181).jpg,data/raw/Training/glioma_tumor/gg (181).jpg,29155,512,512
train,Glioma,glioma_tumor,gg (182).jpg,data/raw/Training/glioma_tumor/gg (182).jpg,27768,512,512
train,Glioma,glioma_tumor,gg (183).jpg,data/raw/Training/glioma_tumor/gg (183).jpg,26258,512,512
train,Glioma,glioma_tumor,gg (184).jpg,data/raw/Training/glioma_tumor/gg (184).jpg,24401,512,512
train,Glioma,glioma_tumor,gg (185).jpg,data/raw/Training/glioma_tumor/gg (185).jpg,21670,512,512
train,Glioma,glioma_tumor,gg (186).jpg,data/raw/Training/glioma_tumor/gg (186).jpg,28304,512,512
train,Glioma,glioma_tumor,gg (187).jpg,data/raw/Training/glioma_tumor/gg (187).jpg,28259,512,512
train,Glioma,glioma_tumor,gg (188).jpg,data/raw/Training/glioma_tumor/gg (188).jpg,30722,512,512
train,Glioma,glioma_tumor,gg (189).jpg,data/raw/Training/glioma_tumor/gg (189).jpg,31699,512,512
train,Glioma,glioma_tumor,gg (19).jpg,data/raw/Training/glioma_tumor/gg (19).jpg,24233,512,512
train,Glioma,glioma_tumor,gg (190).jpg,data/raw/Training/glioma_tumor/gg (190).jpg,32511,512,512
train,Glioma,glioma_tumor,gg (191).jpg,data/raw/Training/glioma_tumor/gg (191).jpg,33366,512,512
train,Glioma,glioma_tumor,gg (192).jpg,data/raw/Training/glioma_tumor/gg (192).jpg,30248,512,512
train,Glioma,glioma_tumor,gg (193).jpg,data/raw/Training/glioma_tumor/gg (193).jpg,29053,512,512
train,Glioma,glioma_tumor,gg (194).jpg,data/raw/Training/glioma_tumor/gg (194).jpg,25245,512,512
train,Glioma,glioma_tumor,gg (195).jpg,data/raw/Training/glioma_tumor/gg (195).jpg,24023,512,512
train,Glioma,glioma_tumor,gg (196).jpg,data/raw/Training/glioma_tumor/gg (196).jpg,21139,512,512
train,Glioma,glioma_tumor,gg (197).jpg,data/raw/Training/glioma_tumor/gg (197).jpg,29544,512,512
train,Glioma,glioma_tumor,gg (198).jpg,data/raw/Training/glioma_tumor/gg (198).jpg,23401,512,512
train,Glioma,glioma_tumor,gg (199).jpg,data/raw/Training/glioma_tumor/gg (199).jpg,23498,512,512
train,Glioma,glioma_tumor,gg (2).jpg,data/raw/Training/glioma_tumor/gg (2).jpg,29807,512,512
train,Glioma,glioma_tumor,gg (20).jpg,data/raw/Training/glioma_tumor/gg (20).jpg,21386,512,512
train,Glioma,glioma_tumor,gg (200).jpg,data/raw/Training/glioma_tumor/gg (200).jpg,26505,512,512
train,Glioma,glioma_tumor,gg (201).jpg,data/raw/Training/glioma_tumor/gg (201).jpg,27781,512,512
train,Glioma,glioma_tumor,gg (202).jpg,data/raw/Training/glioma_tumor/gg (202).jpg,28082,512,512
train,Glioma,glioma_tumor,gg (203).jpg,data/raw/Training/glioma_tumor/gg (203).jpg,27074,512,512
train,Glioma,glioma_tumor,gg (204).jpg,data/raw/Training/glioma_tumor/gg (204).jpg,31704,512,512
train,Glioma,glioma_tumor,gg (205).jpg,data/raw/Training/glioma_tumor/gg (205).jpg,32221,512,512
train,Glioma,glioma_tumor,gg (206).jpg,data/raw/Training/glioma_tumor/gg (206).jpg,24966,512,512
train,Glioma,glioma_tumor,gg (207).jpg,data/raw/Training/glioma_tumor/gg (207).jpg,25635,512,512
train,Glioma,glioma_tumor,gg (208).jpg,data/raw/Training/glioma_tumor/gg (208).jpg,26356,512,512
train,Glioma,glioma_tumor,gg (209).jpg,data/raw/Training/glioma_tumor/gg (209).jpg,26301,512,512
train,Glioma,glioma_tumor,gg (21).jpg,data/raw/Training/glioma_tumor/gg (21).jpg,21577,512,512
train,Glioma,glioma_tumor,gg (210).jpg,data/raw/Training/glioma_tumor/gg (210).jpg,27898,512,512
train,Glioma,glioma_tumor,gg (211).jpg,data/raw/Training/glioma_tumor/gg (211).jpg,30596,512,512
train,Glioma,glioma_tumor,gg (212).jpg,data/raw/Training/glioma_tumor/gg (212).jpg,25469,512,512
train,Glioma,glioma_tumor,gg (213).jpg,data/raw/Training/glioma_tumor/gg (213).jpg,23938,512,512
train,Glioma,glioma_tumor,gg (214).jpg,data/raw/Training/glioma_tumor/gg (214).jpg,26390,512,512
train,Glioma,glioma_tumor,gg (215).jpg,data/raw/Training/glioma_tumor/gg (215).jpg,27064,512,512
train,Glioma,glioma_tumor,gg (216).jpg,data/raw/Training/glioma_tumor/gg (216).jpg,25754,512,512
train,Glioma,glioma_tumor,gg (217).jpg,data/raw/Training/glioma_tumor/gg (217).jpg,26648,512,512
train,Glioma,glioma_tumor,gg (218).jpg,data/raw/Training/glioma_tumor/gg (218).jpg,26936,512,512
train,Glioma,glioma_tumor,gg (219).jpg,data/raw/Training/glioma_tumor/gg (219).jpg,24612,512,512
train,Glioma,glioma_tumor,gg (22).jpg,data/raw/Training/glioma_tumor/gg (22).jpg,19739,512,512
train,Glioma,glioma_tumor,gg (220).jpg,data/raw/Training/glioma_tumor/gg (220).jpg,36414,512,512
train,Glioma,glioma_tumor,gg (221).jpg,data/raw/Training/glioma_tumor/gg (221).jpg,34404,512,512
train,Glioma,glioma_tumor,gg (222).jpg,data/raw/Training/glioma_tumor/gg (222).jpg,33128,512,512
train,Glioma,glioma_tumor,gg (223).jpg,data/raw/Training/glioma_tumor/gg (223).jpg,32086,512,512
train,Glioma,glioma_tumor,gg (224).jpg,data/raw/Training/glioma_tumor/gg (224).jpg,28802,512,512
train,Glioma,glioma_tumor,gg (225).jpg,data/raw/Training/glioma_tumor/gg (225).jpg,27944,512,512
train,Glioma,glioma_tumor,gg (226).jpg,data/raw/Training/glioma_tumor/gg (226).jpg,32725,512,512
train,Glioma,glioma_tumor,gg (227).jpg,data/raw/Training/glioma_tumor/gg (227).jpg,32255,512,512
train,Glioma,glioma_tumor,gg (228).jpg,data/raw/Training/glioma_tumor/gg (228).jpg,34684,512,512
train,Glioma,glioma_tumor,gg (229).jpg,data/raw/Training/glioma_tumor/gg (229).jpg,33755,512,512
train,Glioma,glioma_tumor,gg (23).jpg,data/raw/Training/glioma_tumor/gg (23).jpg,19034,512,512
train,Glioma,glioma_tumor,gg (230).jpg,data/raw/Training/glioma_tumor/gg (230).jpg,30265,512,512
train,Glioma,glioma_tumor,gg (231).jpg,data/raw/Training/glioma_tumor/gg (231).jpg,33303,512,512
train,Glioma,glioma_tumor,gg (232).jpg,data/raw/Training/glioma_tumor/gg (232).jpg,31072,512,512
train,Glioma,glioma_tumor,gg (233).jpg,data/raw/Training/glioma_tumor/gg (233).jpg,32515,512,512
train,Glioma,glioma_tumor,gg (234).jpg,data/raw/Training/glioma_tumor/gg (234).jpg,31937,512,512
train,Glioma,glioma_tumor,gg (235).jpg,data/raw/Training/glioma_tumor/gg (235).jpg,31762,512,512
train,Glioma,glioma_tumor,gg (236).jpg,data/raw/Training/glioma_tumor/gg (236).jpg,33017,512,512
train,Glioma,glioma_tumor,gg (237).jpg,data/raw/Training/glioma_tumor/gg (237).jpg,27106,512,512
train,Glioma,glioma_tumor,gg (238).jpg,data/raw/Training/glioma_tumor/gg (238).jpg,27853,512,512
train,Glioma,glioma_tumor,gg (239).jpg,data/raw/Training/glioma_tumor/gg (239).jpg,28614,512,512
train,Glioma,glioma_tumor,gg (24).jpg,data/raw/Training/glioma_tumor/gg (24).jpg,19391,512,512
train,Glioma,glioma_tumor,gg (240).jpg,data/raw/Training/glioma_tumor/gg (240).jpg,29800,512,512
train,Glioma,glioma_tumor,gg (241).jpg,data/raw/Training/glioma_tumor/gg (241).jpg,25720,512,512
train,Glioma,glioma_tumor,gg (242).jpg,data/raw/Training/glioma_tumor/gg (242).jpg,23134,512,512
train,Glioma,glioma_tumor,gg (243).jpg,data/raw/Training/glioma_tumor/gg (243).jpg,23839,512,512
train,Glioma,glioma_tumor,gg (244).jpg,data/raw/Training/glioma_tumor/gg (244).jpg,24370,512,512
train,Glioma,glioma_tumor,gg (245).jpg,data/raw/Training/glioma_tumor/gg (245).jpg,27726,512,512
train,Glioma,glioma_tumor,gg (246).jpg,data/raw/Training/glioma_tumor/gg (246).jpg,25004,512,512
train,Glioma,glioma_tumor,gg (247).jpg,data/raw/Training/glioma_tumor/gg (247).jpg,23151,512,512
train,Glioma,glioma_tumor,gg (248).jpg,data/raw/Training/glioma_tumor/gg (248).jpg,25338,512,512
train,Glioma,glioma_tumor,gg (249).jpg,data/raw/Training/glioma_tumor/gg (249).jpg,24944,512,512
train,Glioma,glioma_tumor,gg (25).jpg,data/raw/Training/glioma_tumor/gg (25).jpg,18077,512,512
train,Glioma,glioma_tumor,gg (250).jpg,data/raw/Training/glioma_tumor/gg (250).jpg,27837,512,512
train,Glioma,glioma_tumor,gg (251).jpg,data/raw/Training/glioma_tumor/gg (251).jpg,28941,512,512
train,Glioma,glioma_tumor,gg (252).jpg,data/raw/Training/glioma_tumor/gg (252).jpg,28066,512,512
train,Glioma,glioma_tumor,gg (253).jpg,data/raw/Training/glioma_tumor/gg (253).jpg,28181,512,512
train,Glioma,glioma_tumor,gg (254).jpg,data/raw/Training/glioma_tumor/gg (254).jpg,29115,512,512
train,Glioma,glioma_tumor,gg (255).jpg,data/raw/Training/glioma_tumor/gg (255).jpg,26323,512,512
train,Glioma,glioma_tumor,gg (256).jpg,data/raw/Training/glioma_tumor/gg (256).jpg,27569,512,512
train,Glioma,glioma_tumor,gg (257).jpg,data/raw/Training/glioma_tumor/gg (257).jpg,25838,512,512
train,Glioma,glioma_tumor,gg (258).jpg,data/raw/Training/glioma_tumor/gg (258).jpg,23629,512,512
train,Glioma,glioma_tumor,gg (259).jpg,data/raw/Training/glioma_tumor/gg (259).jpg,20970,512,512
train,Glioma,glioma_tumor,gg (26).jpg,data/raw/Training/glioma_tumor/gg (26).jpg,21242,512,512
train,Glioma,glioma_tumor,gg (260).jpg,data/raw/Training/glioma_tumor/gg (260).jpg,27295,512,512
train,Glioma,glioma_tumor,gg (261).jpg,data/raw/Training/glioma_tumor/gg (261).jpg,29373,512,512
train,Glioma,glioma_tumor,gg (262).jpg,data/raw/Training/glioma_tumor/gg (262).jpg,25348,512,512
train,Glioma,glioma_tumor,gg (263).jpg,data/raw/Training/glioma_tumor/gg (263).jpg,26180,512,512
train,Glioma,glioma_tumor,gg (264).jpg,data/raw/Training/glioma_tumor/gg (264).jpg,28240,512,512
train,Glioma,glioma_tumor,gg (265).jpg,data/raw/Training/glioma_tumor/gg (265).jpg,25448,512,512
train,Glioma,glioma_tumor,gg (266).jpg,data/raw/Training/glioma_tumor/gg (266).jpg,22004,512,512
train,Glioma,glioma_tumor,gg (267).jpg,data/raw/Training/glioma_tumor/gg (267).jpg,26762,512,512
train,Glioma,glioma_tumor,gg (268).jpg,data/raw/Training/glioma_tumor/gg (268).jpg,27406,512,512
train,Glioma,glioma_tumor,gg (269).jpg,data/raw/Training/glioma_tumor/gg (269).jpg,29539,512,512
train,Glioma,glioma_tumor,gg (27).jpg,data/raw/Training/glioma_tumor/gg (27).jpg,30129,512,512
train,Glioma,glioma_tumor,gg (270).jpg,data/raw/Training/glioma_tumor/gg (270).jpg,29151,512,512
train,Glioma,glioma_tumor,gg (271).jpg,data/raw/Training/glioma_tumor/gg (271).jpg,23127,512,512
train,Glioma,glioma_tumor,gg (272).jpg,data/raw/Training/glioma_tumor/gg (272).jpg,23127,512,512
train,Glioma,glioma_tumor,gg (273).jpg,data/raw/Training/glioma_tumor/gg (273).jpg,21086,512,512
train,Glioma,glioma_tumor,gg (274).jpg,data/raw/Training/glioma_tumor/gg (274).jpg,22890,512,512
train,Glioma,glioma_tumor,gg (275).jpg,data/raw/Training/glioma_tumor/gg (275).jpg,24353,512,512
train,Glioma,glioma_tumor,gg (276).jpg,data/raw/Training/glioma_tumor/gg (276).jpg,23937,512,512
train,Glioma,glioma_tumor,gg (277).jpg,data/raw/Training/glioma_tumor/gg (277).jpg,24342,512,512
train,Glioma,glioma_tumor,gg (278).jpg,data/raw/Training/glioma_tumor/gg (278).jpg,23563,512,512
train,Glioma,glioma_tumor,gg (279).jpg,data/raw/Training/glioma_tumor/gg (279).jpg,21103,512,512
train,Glioma,glioma_tumor,gg (28).jpg,data/raw/Training/glioma_tumor/gg (28).jpg,29381,512,512
train,Glioma,glioma_tumor,gg (280).jpg,data/raw/Training/glioma_tumor/gg (280).jpg,24453,512,512
train,Glioma,glioma_tumor,gg (281).jpg,data/raw/Training/glioma_tumor/gg (281).jpg,22095,512,512
train,Glioma,glioma_tumor,gg (282).jpg,data/raw/Training/glioma_tumor/gg (282).jpg,22237,512,512
train,Glioma,glioma_tumor,gg (283).jpg,data/raw/Training/glioma_tumor/gg (283).jpg,23838,512,512
train,Glioma,glioma_tumor,gg (284).jpg,data/raw/Training/glioma_tumor/gg (284).jpg,22244,512,512
train,Glioma,glioma_tumor,gg (285).jpg,data/raw/Training/glioma_tumor/gg (285).jpg,24116,512,512
train,Glioma,glioma_tumor,gg (286).jpg,data/raw/Training/glioma_tumor/gg (286).jpg,25954,512,512
train,Glioma,glioma_tumor,gg (287).jpg,data/raw/Training/glioma_tumor/gg (287).jpg,24087,512,512
train,Glioma,glioma_tumor,gg (288).jpg,data/raw/Training/glioma_tumor/gg (288).jpg,25309,512,512
train,Glioma,glioma_tumor,gg (289).jpg,data/raw/Training/glioma_tumor/gg (289).jpg,26148,512,512
train,Glioma,glioma_tumor,gg (29).jpg,data/raw/Training/glioma_tumor/gg (29).jpg,30619,512,512
train,Glioma,glioma_tumor,gg (290).jpg,data/raw/Training/glioma_tumor/gg (290).jpg,25981,512,512
train,Glioma,glioma_tumor,gg (291).jpg,data/raw/Training/glioma_tumor/gg (291).jpg,25747,512,512
train,Glioma,glioma_tumor,gg (292).jpg,data/raw/Training/glioma_tumor/gg (292).jpg,24647,512,512
train,Glioma,glioma_tumor,gg (293).jpg,data/raw/Training/glioma_tumor/gg (293).jpg,25535,512,512
train,Glioma,glioma_tumor,gg (294).jpg,data/raw/Training/glioma_tumor/gg (294).jpg,26148,512,512
train,Glioma,glioma_tumor,gg (295).jpg,data/raw/Training/glioma_tumor/gg (295).jpg,23716,512,512
train,Glioma,glioma_tumor,gg (296).jpg,data/raw/Training/glioma_tumor/gg (296).jpg,21494,512,512
train,Glioma,glioma_tumor,gg (297).jpg,data/raw/Training/glioma_tumor/gg (297).jpg,26148,512,512
train,Glioma,glioma_tumor,gg (298).jpg,data/raw/Training/glioma_tumor/gg (298).jpg,26884,512,512
train,Glioma,glioma_tumor,gg (299).jpg,data/raw/Training/glioma_tumor/gg (299).jpg,26714,512,512
train,Glioma,glioma_tumor,gg (3).jpg,data/raw/Training/glioma_tumor/gg (3).jpg,21868,512,512
train,Glioma,glioma_tumor,gg (30).jpg,data/raw/Training/glioma_tumor/gg (30).jpg,33571,512,512
train,Glioma,glioma_tumor,gg (300).jpg,data/raw/Training/glioma_tumor/gg (300).jpg,26619,512,512
train,Glioma,glioma_tumor,gg (301).jpg,data/raw/Training/glioma_tumor/gg (301).jpg,26728,512,512
train,Glioma,glioma_tumor,gg (302).jpg,data/raw/Training/glioma_tumor/gg (302).jpg,21481,512,512
train,Glioma,glioma_tumor,gg (303).jpg,data/raw/Training/glioma_tumor/gg (303).jpg,26591,512,512
train,Glioma,glioma_tumor,gg (304).jpg,data/raw/Training/glioma_tumor/gg (304).jpg,24275,512,512
train,Glioma,glioma_tumor,gg (305).jpg,data/raw/Training/glioma_tumor/gg (305).jpg,27305,512,512
train,Glioma,glioma_tumor,gg (306).jpg,data/raw/Training/glioma_tumor/gg (306).jpg,23334,512,512
train,Glioma,glioma_tumor,gg (307).jpg,data/raw/Training/glioma_tumor/gg (307).jpg,21368,512,512
train,Glioma,glioma_tumor,gg (308).jpg,data/raw/Training/glioma_tumor/gg (308).jpg,23025,512,512
train,Glioma,glioma_tumor,gg (309).jpg,data/raw/Training/glioma_tumor/gg (309).jpg,22097,512,512
train,Glioma,glioma_tumor,gg (31).jpg,data/raw/Training/glioma_tumor/gg (31).jpg,36079,512,512
train,Glioma,glioma_tumor,gg (310).jpg,data/raw/Training/glioma_tumor/gg (310).jpg,23444,512,512
train,Glioma,glioma_tumor,gg (311).jpg,data/raw/Training/glioma_tumor/gg (311).jpg,19447,512,512
train,Glioma,glioma_tumor,gg (312).jpg,data/raw/Training/glioma_tumor/gg (312).jpg,23730,512,512
train,Glioma,glioma_tumor,gg (313).jpg,data/raw/Training/glioma_tumor/gg (313).jpg,23953,512,512
train,Glioma,glioma_tumor,gg (314).jpg,data/raw/Training/glioma_tumor/gg (314).jpg,20982,512,512
train,Glioma,glioma_tumor,gg (315).jpg,data/raw/Training/glioma_tumor/gg (315).jpg,23601,512,512
train,Glioma,glioma_tumor,gg (316).jpg,data/raw/Training/glioma_tumor/gg (316).jpg,25931,512,512
train,Glioma,glioma_tumor,gg (317).jpg,data/raw/Training/glioma_tumor/gg (317).jpg,26793,512,512
train,Glioma,glioma_tumor,gg (318).jpg,data/raw/Training/glioma_tumor/gg (318).jpg,27521,512,512
train,Glioma,glioma_tumor,gg (319).jpg,data/raw/Training/glioma_tumor/gg (319).jpg,26406,512,512
train,Glioma,glioma_tumor,gg (32).jpg,data/raw/Training/glioma_tumor/gg (32).jpg,19135,512,512
train,Glioma,glioma_tumor,gg (320).jpg,data/raw/Training/glioma_tumor/gg (320).jpg,24549,512,512
train,Glioma,glioma_tumor,gg (321).jpg,data/raw/Training/glioma_tumor/gg (321).jpg,22764,512,512
train,Glioma,glioma_tumor,gg (322).jpg,data/raw/Training/glioma_tumor/gg (322).jpg,23009,512,512
train,Glioma,glioma_tumor,gg (323).jpg,data/raw/Training/glioma_tumor/gg (323).jpg,25849,512,512
train,Glioma,glioma_tumor,gg (324).jpg,data/raw/Training/glioma_tumor/gg (324).jpg,26040,512,512
train,Glioma,glioma_tumor,gg (325).jpg,data/raw/Training/glioma_tumor/gg (325).jpg,23888,512,512
train,Glioma,glioma_tumor,gg (326).jpg,data/raw/Training/glioma_tumor/gg (326).jpg,26367,512,512
train,Glioma,glioma_tumor,gg (327).jpg,data/raw/Training/glioma_tumor/gg (327).jpg,26717,512,512
train,Glioma,glioma_tumor,gg (328).jpg,data/raw/Training/glioma_tumor/gg (328).jpg,28164,512,512
train,Glioma,glioma_tumor,gg (329).jpg,data/raw/Training/glioma_tumor/gg (329).jpg,19545,512,512
train,Glioma,glioma_tumor,gg (33).jpg,data/raw/Training/glioma_tumor/gg (33).jpg,18459,512,512
train,Glioma,glioma_tumor,gg (330).jpg,data/raw/Training/glioma_tumor/gg (330).jpg,26496,512,512
train,Glioma,glioma_tumor,gg (331).jpg,data/raw/Training/glioma_tumor/gg (331).jpg,24399,512,512
train,Glioma,glioma_tumor,gg (332).jpg,data/raw/Training/glioma_tumor/gg (332).jpg,26320,512,512
train,Glioma,glioma_tumor,gg (333).jpg,data/raw/Training/glioma_tumor/gg (333).jpg,25138,512,512
train,Glioma,glioma_tumor,gg (334).jpg,data/raw/Training/glioma_tumor/gg (334).jpg,24279,512,512
train,Glioma,glioma_tumor,gg (335).jpg,data/raw/Training/glioma_tumor/gg (335).jpg,25299,512,512
train,Glioma,glioma_tumor,gg (336).jpg,data/raw/Training/glioma_tumor/gg (336).jpg,25299,512,512
train,Glioma,glioma_tumor,gg (337).jpg,data/raw/Training/glioma_tumor/gg (337).jpg,24545,512,512
train,Glioma,glioma_tumor,gg (338).jpg,data/raw/Training/glioma_tumor/gg (338).jpg,22755,512,512
train,Glioma,glioma_tumor,gg (339).jpg,data/raw/Training/glioma_tumor/gg (339).jpg,19788,512,512
train,Glioma,glioma_tumor,gg (34).jpg,data/raw/Training/glioma_tumor/gg (34).jpg,19245,512,512
train,Glioma,glioma_tumor,gg (340).jpg,data/raw/Training/glioma_tumor/gg (340).jpg,25114,512,512
train,Glioma,glioma_tumor,gg (341).jpg,data/raw/Training/glioma_tumor/gg (341).jpg,22747,512,512
train,Glioma,glioma_tumor,gg (342).jpg,data/raw/Training/glioma_tumor/gg (342).jpg,20952,512,512
train,Glioma,glioma_tumor,gg (343).jpg,data/raw/Training/glioma_tumor/gg (343).jpg,22579,512,512
train,Glioma,glioma_tumor,gg (344).jpg,data/raw/Training/glioma_tumor/gg (344).jpg,23735,512,512
train,Glioma,glioma_tumor,gg (345).jpg,data/raw/Training/glioma_tumor/gg (345).jpg,26145,512,512
train,Glioma,glioma_tumor,gg (346).jpg,data/raw/Training/glioma_tumor/gg (346).jpg,26018,512,512
train,Glioma,glioma_tumor,gg (347).jpg,data/raw/Training/glioma_tumor/gg (347).jpg,29092,512,512
train,Glioma,glioma_tumor,gg (348).jpg,data/raw/Training/glioma_tumor/gg (348).jpg,28998,512,512
train,Glioma,glioma_tumor,gg (349).jpg,data/raw/Training/glioma_tumor/gg (349).jpg,29036,512,512
train,Glioma,glioma_tumor,gg (35).jpg,data/raw/Training/glioma_tumor/gg (35).jpg,22179,512,512
train,Glioma,glioma_tumor,gg (350).jpg,data/raw/Training/glioma_tumor/gg (350).jpg,26493,512,512
train,Glioma,glioma_tumor,gg (351).jpg,data/raw/Training/glioma_tumor/gg (351).jpg,30236,512,512
train,Glioma,glioma_tumor,gg (352).jpg,data/raw/Training/glioma_tumor/gg (352).jpg,29988,512,512
train,Glioma,glioma_tumor,gg (353).jpg,data/raw/Training/glioma_tumor/gg (353).jpg,30239,512,512
train,Glioma,glioma_tumor,gg (354).jpg,data/raw/Training/glioma_tumor/gg (354).jpg,27623,512,512
train,Glioma,glioma_tumor,gg (355).jpg,data/raw/Training/glioma_tumor/gg (355).jpg,24018,512,512
train,Glioma,glioma_tumor,gg (356).jpg,data/raw/Training/glioma_tumor/gg (356).jpg,23198,512,512
train,Glioma,glioma_tumor,gg (357).jpg,data/raw/Training/glioma_tumor/gg (357).jpg,21399,512,512
train,Glioma,glioma_tumor,gg (358).jpg,data/raw/Training/glioma_tumor/gg (358).jpg,24942,512,512
train,Glioma,glioma_tumor,gg (359).jpg,data/raw/Training/glioma_tumor/gg (359).jpg,27077,512,512
train,Glioma,glioma_tumor,gg (36).jpg,data/raw/Training/glioma_tumor/gg (36).jpg,23668,512,512
train,Glioma,glioma_tumor,gg (360).jpg,data/raw/Training/glioma_tumor/gg (360).jpg,28264,512,512
train,Glioma,glioma_tumor,gg (361).jpg,data/raw/Training/glioma_tumor/gg (361).jpg,29809,512,512
train,Glioma,glioma_tumor,gg (362).jpg,data/raw/Training/glioma_tumor/gg (362).jpg,26093,512,512
train,Glioma,glioma_tumor,gg (363).jpg,data/raw/Training/glioma_tumor/gg (363).jpg,24609,512,512
train,Glioma,glioma_tumor,gg (364).jpg,data/raw/Training/glioma_tumor/gg (364).jpg,24470,512,512
train,Glioma,glioma_tumor,gg (365).jpg,data/raw/Training/glioma_tumor/gg (365).jpg,30738,512,512
train,Glioma,glioma_tumor,gg (366).jpg,data/raw/Training/glioma_tumor/gg (366).jpg,32060,512,512
train,Glioma,glioma_tumor,gg (367).jpg,data/raw/Training/glioma_tumor/gg (367).jpg,28064,512,512
train,Glioma,glioma_tumor,gg (368).jpg,data/raw/Training/glioma_tumor/gg (368).jpg,27392,512,512
train,Glioma,glioma_tumor,gg (369).jpg,data/raw/Training/glioma_tumor/gg (369).jpg,30306,512,512
train,Glioma,glioma_tumor,gg (37).jpg,data/raw/Training/glioma_tumor/gg (37).jpg,23814,512,512
train,Glioma,glioma_tumor,gg (370).jpg,data/raw/Training/glioma_tumor/gg (370).jpg,31602,512,512
train,Glioma,glioma_tumor,gg (371).jpg,data/raw/Training/glioma_tumor/gg (371).jpg,31939,512,512
train,Glioma,glioma_tumor,gg (372).jpg,data/raw/Training/glioma_tumor/gg (372).jpg,30318,512,512
train,Glioma,glioma_tumor,gg (373).jpg,data/raw/Training/glioma_tumor/gg (373).jpg,27188,512,512
train,Glioma,glioma_tumor,gg (374).jpg,data/raw/Training/glioma_tumor/gg (374).jpg,25276,512,512
train,Glioma,glioma_tumor,gg (375).jpg,data/raw/Training/glioma_tumor/gg (375).jpg,25948,512,512
train,Glioma,glioma_tumor,gg (376).jpg,data/raw/Training/glioma_tumor/gg (376).jpg,25591,512,512
train,Glioma,glioma_tumor,gg (377).jpg,data/raw/Training/glioma_tumor/gg (377).jpg,28741,512,512
train,Glioma,glioma_tumor,gg (378).jpg,data/raw/Training/glioma_tumor/gg (378).jpg,28300,512,512
train,Glioma,glioma_tumor,gg (379).jpg,data/raw/Training/glioma_tumor/gg (379).jpg,26032,512,512
train,Glioma,glioma_tumor,gg (38).jpg,data/raw/Training/glioma_tumor/gg (38).jpg,25052,512,512
train,Glioma,glioma_tumor,gg (380).jpg,data/raw/Training/glioma_tumor/gg (380).jpg,27300,512,512
train,Glioma,glioma_tumor,gg (381).jpg,data/raw/Training/glioma_tumor/gg (381).jpg,28444,512,512
train,Glioma,glioma_tumor,gg (382).jpg,data/raw/Training/glioma_tumor/gg (382).jpg,28969,512,512
train,Glioma,glioma_tumor,gg (383).jpg,data/raw/Training/glioma_tumor/gg (383).jpg,30090,512,512
train,Glioma,glioma_tumor,gg (384).jpg,data/raw/Training/glioma_tumor/gg (384).jpg,28410,512,512
train,Glioma,glioma_tumor,gg (385).jpg,data/raw/Training/glioma_tumor/gg (385).jpg,25834,512,512
train,Glioma,glioma_tumor,gg (386).jpg,data/raw/Training/glioma_tumor/gg (386).jpg,25480,512,512
train,Glioma,glioma_tumor,gg (387).jpg,data/raw/Training/glioma_tumor/gg (387).jpg,23643,512,512
train,Glioma,glioma_tumor,gg (388).jpg,data/raw/Training/glioma_tumor/gg (388).jpg,19802,512,512
train,Glioma,glioma_tumor,gg (389).jpg,data/raw/Training/glioma_tumor/gg (389).jpg,23901,512,512
train,Glioma,glioma_tumor,gg (39).jpg,data/raw/Training/glioma_tumor/gg (39).jpg,24119,512,512
train,Glioma,glioma_tumor,gg (390).jpg,data/raw/Training/glioma_tumor/gg (390).jpg,24600,512,512
train,Glioma,glioma_tumor,gg (391).jpg,data/raw/Training/glioma_tumor/gg (391).jpg,26895,512,512
train,Glioma,glioma_tumor,gg (392).jpg,data/raw/Training/glioma_tumor/gg (392).jpg,22812,512,512
train,Glioma,glioma_tumor,gg (393).jpg,data/raw/Training/glioma_tumor/gg (393).jpg,23084,512,512
train,Glioma,glioma_tumor,gg (394).jpg,data/raw/Training/glioma_tumor/gg (394).jpg,24966,512,512
train,Glioma,glioma_tumor,gg (395).jpg,data/raw/Training/glioma_tumor/gg (395).jpg,24742,512,512
train,Glioma,glioma_tumor,gg (396).jpg,data/raw/Training/glioma_tumor/gg (396).jpg,21932,512,512
train,Glioma,glioma_tumor,gg (397).jpg,data/raw/Training/glioma_tumor/gg (397).jpg,22216,512,512
train,Glioma,glioma_tumor,gg (398).jpg,data/raw/Training/glioma_tumor/gg (398).jpg,27247,512,512
train,Glioma,glioma_tumor,gg (399).jpg,data/raw/Training/glioma_tumor/gg (399).jpg,26708,512,512
train,Glioma,glioma_tumor,gg (4).jpg,data/raw/Training/glioma_tumor/gg (4).jpg,21293,512,512
train,Glioma,glioma_tumor,gg (40).jpg,data/raw/Training/glioma_tumor/gg (40).jpg,26896,512,512
train,Glioma,glioma_tumor,gg (400).jpg,data/raw/Training/glioma_tumor/gg (400).jpg,28826,512,512
train,Glioma,glioma_tumor,gg (401).jpg,data/raw/Training/glioma_tumor/gg (401).jpg,26803,512,512
train,Glioma,glioma_tumor,gg (402).jpg,data/raw/Training/glioma_tumor/gg (402).jpg,25904,512,512
train,Glioma,glioma_tumor,gg (403).jpg,data/raw/Training/glioma_tumor/gg (403).jpg,24331,512,512
train,Glioma,glioma_tumor,gg (404).jpg,data/raw/Training/glioma_tumor/gg (404).jpg,18578,512,512
train,Glioma,glioma_tumor,gg (405).jpg,data/raw/Training/glioma_tumor/gg (405).jpg,19413,512,512
train,Glioma,glioma_tumor,gg (406).jpg,data/raw/Training/glioma_tumor/gg (406).jpg,20953,512,512
train,Glioma,glioma_tumor,gg (407).jpg,data/raw/Training/glioma_tumor/gg (407).jpg,18334,512,512
train,Glioma,glioma_tumor,gg (408).jpg,data/raw/Training/glioma_tumor/gg (408).jpg,23876,512,512
train,Glioma,glioma_tumor,gg (409).jpg,data/raw/Training/glioma_tumor/gg (409).jpg,23954,512,512
train,Glioma,glioma_tumor,gg (41).jpg,data/raw/Training/glioma_tumor/gg (41).jpg,30180,512,512
train,Glioma,glioma_tumor,gg (410).jpg,data/raw/Training/glioma_tumor/gg (410).jpg,24937,512,512
train,Glioma,glioma_tumor,gg (411).jpg,data/raw/Training/glioma_tumor/gg (411).jpg,23493,512,512
train,Glioma,glioma_tumor,gg (412).jpg,data/raw/Training/glioma_tumor/gg (412).jpg,24171,512,512
train,Glioma,glioma_tumor,gg (413).jpg,data/raw/Training/glioma_tumor/gg (413).jpg,24298,512,512
train,Glioma,glioma_tumor,gg (414).jpg,data/raw/Training/glioma_tumor/gg (414).jpg,23206,512,512
train,Glioma,glioma_tumor,gg (415).jpg,data/raw/Training/glioma_tumor/gg (415).jpg,22119,512,512
train,Glioma,glioma_tumor,gg (416).jpg,data/raw/Training/glioma_tumor/gg (416).jpg,22158,512,512
train,Glioma,glioma_tumor,gg (417).jpg,data/raw/Training/glioma_tumor/gg (417).jpg,23873,512,512
train,Glioma,glioma_tumor,gg (418).jpg,data/raw/Training/glioma_tumor/gg (418).jpg,26234,512,512
train,Glioma,glioma_tumor,gg (419).jpg,data/raw/Training/glioma_tumor/gg (419).jpg,27952,512,512
train,Glioma,glioma_tumor,gg (42).jpg,data/raw/Training/glioma_tumor/gg (42).jpg,30223,512,512
train,Glioma,glioma_tumor,gg (420).jpg,data/raw/Training/glioma_tumor/gg (420).jpg,26314,512,512
train,Glioma,glioma_tumor,gg (421).jpg,data/raw/Training/glioma_tumor/gg (421).jpg,24156,512,512
train,Glioma,glioma_tumor,gg (422).jpg,data/raw/Training/glioma_tumor/gg (422).jpg,25820,512,512
train,Glioma,glioma_tumor,gg (423).jpg,data/raw/Training/glioma_tumor/gg (423).jpg,27536,512,512
train,Glioma,glioma_tumor,gg (424).jpg,data/raw/Training/glioma_tumor/gg (424).jpg,27287,512,512
train,Glioma,glioma_tumor,gg (425).jpg,data/raw/Training/glioma_tumor/gg (425).jpg,25125,512,512
train,Glioma,glioma_tumor,gg (426).jpg,data/raw/Training/glioma_tumor/gg (426).jpg,26838,512,512
train,Glioma,glioma_tumor,gg (427).jpg,data/raw/Training/glioma_tumor/gg (427).jpg,27693,512,512
train,Glioma,glioma_tumor,gg (428).jpg,data/raw/Training/glioma_tumor/gg (428).jpg,22815,512,512
train,Glioma,glioma_tumor,gg (429).jpg,data/raw/Training/glioma_tumor/gg (429).jpg,25815,512,512
train,Glioma,glioma_tumor,gg (43).jpg,data/raw/Training/glioma_tumor/gg (43).jpg,31625,512,512
train,Glioma,glioma_tumor,gg (430).jpg,data/raw/Training/glioma_tumor/gg (430).jpg,30513,512,512
train,Glioma,glioma_tumor,gg (431).jpg,data/raw/Training/glioma_tumor/gg (431).jpg,29134,512,512
train,Glioma,glioma_tumor,gg (432).jpg,data/raw/Training/glioma_tumor/gg (432).jpg,29150,512,512
train,Glioma,glioma_tumor,gg (433).jpg,data/raw/Training/glioma_tumor/gg (433).jpg,28104,512,512
train,Glioma,glioma_tumor,gg (434).jpg,data/raw/Training/glioma_tumor/gg (434).jpg,27875,512,512
train,Glioma,glioma_tumor,gg (435).jpg,data/raw/Training/glioma_tumor/gg (435).jpg,25739,512,512
train,Glioma,glioma_tumor,gg (436).jpg,data/raw/Training/glioma_tumor/gg (436).jpg,25556,512,512
train,Glioma,glioma_tumor,gg (437).jpg,data/raw/Training/glioma_tumor/gg (437).jpg,25205,512,512
train,Glioma,glioma_tumor,gg (438).jpg,data/raw/Training/glioma_tumor/gg (438).jpg,24346,512,512
train,Glioma,glioma_tumor,gg (439).jpg,data/raw/Training/glioma_tumor/gg (439).jpg,22721,512,512
train,Glioma,glioma_tumor,gg (44).jpg,data/raw/Training/glioma_tumor/gg (44).jpg,28826,512,512
train,Glioma,glioma_tumor,gg (440).jpg,data/raw/Training/glioma_tumor/gg (440).jpg,18988,512,512
train,Glioma,glioma_tumor,gg (441).jpg,data/raw/Training/glioma_tumor/gg (441).jpg,24117,512,512
train,Glioma,glioma_tumor,gg (442).jpg,data/raw/Training/glioma_tumor/gg (442).jpg,25276,512,512
train,Glioma,glioma_tumor,gg (443).jpg,data/raw/Training/glioma_tumor/gg (443).jpg,25033,512,512
train,Glioma,glioma_tumor,gg (444).jpg,data/raw/Training/glioma_tumor/gg (444).jpg,25499,512,512
train,Glioma,glioma_tumor,gg (445).jpg,data/raw/Training/glioma_tumor/gg (445).jpg,27383,512,512
train,Glioma,glioma_tumor,gg (446).jpg,data/raw/Training/glioma_tumor/gg (446).jpg,28463,512,512
train,Glioma,glioma_tumor,gg (447).jpg,data/raw/Training/glioma_tumor/gg (447).jpg,25112,512,512
train,Glioma,glioma_tumor,gg (448).jpg,data/raw/Training/glioma_tumor/gg (448).jpg,24726,512,512
train,Glioma,glioma_tumor,gg (449).jpg,data/raw/Training/glioma_tumor/gg (449).jpg,23050,512,512
train,Glioma,glioma_tumor,gg (45).jpg,data/raw/Training/glioma_tumor/gg (45).jpg,27270,512,512
train,Glioma,glioma_tumor,gg (450).jpg,data/raw/Training/glioma_tumor/gg (450).jpg,21950,512,512
train,Glioma,glioma_tumor,gg (451).jpg,data/raw/Training/glioma_tumor/gg (451).jpg,23387,512,512
train,Glioma,glioma_tumor,gg (452).jpg,data/raw/Training/glioma_tumor/gg (452).jpg,28876,512,512
train,Glioma,glioma_tumor,gg (453).jpg,data/raw/Training/glioma_tumor/gg (453).jpg,28761,512,512
train,Glioma,glioma_tumor,gg (454).jpg,data/raw/Training/glioma_tumor/gg (454).jpg,30424,512,512
train,Glioma,glioma_tumor,gg (455).jpg,data/raw/Training/glioma_tumor/gg (455).jpg,31516,512,512
train,Glioma,glioma_tumor,gg (456).jpg,data/raw/Training/glioma_tumor/gg (456).jpg,32235,512,512
train,Glioma,glioma_tumor,gg (457).jpg,data/raw/Training/glioma_tumor/gg (457).jpg,32566,512,512
train,Glioma,glioma_tumor,gg (458).jpg,data/raw/Training/glioma_tumor/gg (458).jpg,30535,512,512
train,Glioma,glioma_tumor,gg (459).jpg,data/raw/Training/glioma_tumor/gg (459).jpg,30524,512,512
train,Glioma,glioma_tumor,gg (46).jpg,data/raw/Training/glioma_tumor/gg (46).jpg,26044,512,512
train,Glioma,glioma_tumor,gg (460).jpg,data/raw/Training/glioma_tumor/gg (460).jpg,29696,512,512
train,Glioma,glioma_tumor,gg (461).jpg,data/raw/Training/glioma_tumor/gg (461).jpg,28766,512,512
train,Glioma,glioma_tumor,gg (462).jpg,data/raw/Training/glioma_tumor/gg (462).jpg,27768,512,512
train,Glioma,glioma_tumor,gg (463).jpg,data/raw/Training/glioma_tumor/gg (463).jpg,26284,512,512
train,Glioma,glioma_tumor,gg (464).jpg,data/raw/Training/glioma_tumor/gg (464).jpg,27128,512,512
train,Glioma,glioma_tumor,gg (465).jpg,data/raw/Training/glioma_tumor/gg (465).jpg,26976,512,512
train,Glioma,glioma_tumor,gg (466).jpg,data/raw/Training/glioma_tumor/gg (466).jpg,27951,512,512
train,Glioma,glioma_tumor,gg (467).jpg,data/raw/Training/glioma_tumor/gg (467).jpg,19932,512,512
train,Glioma,glioma_tumor,gg (468).jpg,data/raw/Training/glioma_tumor/gg (468).jpg,22007,512,512
train,Glioma,glioma_tumor,gg (469).jpg,data/raw/Training/glioma_tumor/gg (469).jpg,26162,512,512
train,Glioma,glioma_tumor,gg (47).jpg,data/raw/Training/glioma_tumor/gg (47).jpg,24905,512,512
train,Glioma,glioma_tumor,gg (470).jpg,data/raw/Training/glioma_tumor/gg (470).jpg,29178,512,512
train,Glioma,glioma_tumor,gg (471).jpg,data/raw/Training/glioma_tumor/gg (471).jpg,29425,512,512
train,Glioma,glioma_tumor,gg (472).jpg,data/raw/Training/glioma_tumor/gg (472).jpg,28715,512,512
train,Glioma,glioma_tumor,gg (473).jpg,data/raw/Training/glioma_tumor/gg (473).jpg,23065,512,512
train,Glioma,glioma_tumor,gg (474).jpg,data/raw/Training/glioma_tumor/gg (474).jpg,20077,512,512
train,Glioma,glioma_tumor,gg (475).jpg,data/raw/Training/glioma_tumor/gg (475).jpg,20687,512,512
train,Glioma,glioma_tumor,gg (476).jpg,data/raw/Training/glioma_tumor/gg (476).jpg,20332,512,512
train,Glioma,glioma_tumor,gg (477).jpg,data/raw/Training/glioma_tumor/gg (477).jpg,19068,512,512
train,Glioma,glioma_tumor,gg (478).jpg,data/raw/Training/glioma_tumor/gg (478).jpg,18708,512,512
train,Glioma,glioma_tumor,gg (479).jpg,data/raw/Training/glioma_tumor/gg (479).jpg,16798,512,512
train,Glioma,glioma_tumor,gg (48).jpg,data/raw/Training/glioma_tumor/gg (48).jpg,24875,512,512
train,Glioma,glioma_tumor,gg (480).jpg,data/raw/Training/glioma_tumor/gg (480).jpg,16032,512,512
train,Glioma,glioma_tumor,gg (481).jpg,data/raw/Training/glioma_tumor/gg (481).jpg,15788,512,512
train,Glioma,glioma_tumor,gg (482).jpg,data/raw/Training/glioma_tumor/gg (482).jpg,23212,512,512
train,Glioma,glioma_tumor,gg (483).jpg,data/raw/Training/glioma_tumor/gg (483).jpg,23215,512,512
train,Glioma,glioma_tumor,gg (484).jpg,data/raw/Training/glioma_tumor/gg (484).jpg,21645,512,512
train,Glioma,glioma_tumor,gg (485).jpg,data/raw/Training/glioma_tumor/gg (485).jpg,21961,512,512
train,Glioma,glioma_tumor,gg (486).jpg,data/raw/Training/glioma_tumor/gg (486).jpg,21350,512,512
train,Glioma,glioma_tumor,gg (487).jpg,data/raw/Training/glioma_tumor/gg (487).jpg,20934,512,512
train,Glioma,glioma_tumor,gg (488).jpg,data/raw/Training/glioma_tumor/gg (488).jpg,19251,512,512
train,Glioma,glioma_tumor,gg (489).jpg,data/raw/Training/glioma_tumor/gg (489).jpg,18933,512,512
train,Glioma,glioma_tumor,gg (49).jpg,data/raw/Training/glioma_tumor/gg (49).jpg,25013,512,512
train,Glioma,glioma_tumor,gg (490).jpg,data/raw/Training/glioma_tumor/gg (490).jpg,19451,512,512
train,Glioma,glioma_tumor,gg (491).jpg,data/raw/Training/glioma_tumor/gg (491).jpg,19545,512,512
train,Glioma,glioma_tumor,gg (492).jpg,data/raw/Training/glioma_tumor/gg (492).jpg,19816,512,512
train,Glioma,glioma_tumor,gg (493).jpg,data/raw/Training/glioma_tumor/gg (493).jpg,18333,512,512
train,Glioma,glioma_tumor,gg (494).jpg,data/raw/Training/glioma_tumor/gg (494).jpg,18918,512,512
train,Glioma,glioma_tumor,gg (495).jpg,data/raw/Training/glioma_tumor/gg (495).jpg,18662,512,512
train,Glioma,glioma_tumor,gg (496).jpg,data/raw/Training/glioma_tumor/gg (496).jpg,16316,512,512
train,Glioma,glioma_tumor,gg (497).jpg,data/raw/Training/glioma_tumor/gg (497).jpg,17173,512,512
train,Glioma,glioma_tumor,gg (498).jpg,data/raw/Training/glioma_tumor/gg (498).jpg,22684,512,512
train,Glioma,glioma_tumor,gg (499).jpg,data/raw/Training/glioma_tumor/gg (499).jpg,21911,512,512
train,Glioma,glioma_tumor,gg (5).jpg,data/raw/Training/glioma_tumor/gg (5).jpg,20623,512,512
train,Glioma,glioma_tumor,gg (50).jpg,data/raw/Training/glioma_tumor/gg (50).jpg,28684,512,512
train,Glioma,glioma_tumor,gg (500).jpg,data/raw/Training/glioma_tumor/gg (500).jpg,19688,512,512
train,Glioma,glioma_tumor,gg (501).jpg,data/raw/Training/glioma_tumor/gg (501).jpg,19695,512,512
train,Glioma,glioma_tumor,gg (502).jpg,data/raw/Training/glioma_tumor/gg (502).jpg,14541,512,512
train,Glioma,glioma_tumor,gg (503).jpg,data/raw/Training/glioma_tumor/gg (503).jpg,14853,512,512
train,Glioma,glioma_tumor,gg (504).jpg,data/raw/Training/glioma_tumor/gg (504).jpg,21506,512,512
train,Glioma,glioma_tumor,gg (505).jpg,data/raw/Training/glioma_tumor/gg (505).jpg,20102,512,512
train,Glioma,glioma_tumor,gg (506).jpg,data/raw/Training/glioma_tumor/gg (506).jpg,20736,512,512
train,Glioma,glioma_tumor,gg (507).jpg,data/raw/Training/glioma_tumor/gg (507).jpg,19920,512,512
train,Glioma,glioma_tumor,gg (508).jpg,data/raw/Training/glioma_tumor/gg (508).jpg,24388,512,512
train,Glioma,glioma_tumor,gg (509).jpg,data/raw/Training/glioma_tumor/gg (509).jpg,23695,512,512
train,Glioma,glioma_tumor,gg (51).jpg,data/raw/Training/glioma_tumor/gg (51).jpg,26546,512,512
train,Glioma,glioma_tumor,gg (510).jpg,data/raw/Training/glioma_tumor/gg (510).jpg,22110,512,512
train,Glioma,glioma_tumor,gg (511).jpg,data/raw/Training/glioma_tumor/gg (511).jpg,21492,512,512
train,Glioma,glioma_tumor,gg (512).jpg,data/raw/Training/glioma_tumor/gg (512).jpg,20119,512,512
train,Glioma,glioma_tumor,gg (513).jpg,data/raw/Training/glioma_tumor/gg (513).jpg,19864,512,512
train,Glioma,glioma_tumor,gg (514).jpg,data/raw/Training/glioma_tumor/gg (514).jpg,21289,512,512
train,Glioma,glioma_tumor,gg (515).jpg,data/raw/Training/glioma_tumor/gg (515).jpg,20244,512,512
train,Glioma,glioma_tumor,gg (516).jpg,data/raw/Training/glioma_tumor/gg (516).jpg,18549,512,512
train,Glioma,glioma_tumor,gg (517).jpg,data/raw/Training/glioma_tumor/gg (517).jpg,22276,512,512
train,Glioma,glioma_tumor,gg (518).jpg,data/raw/Training/glioma_tumor/gg (518).jpg,22233,512,512
train,Glioma,glioma_tumor,gg (519).jpg,data/raw/Training/glioma_tumor/gg (519).jpg,22632,512,512
train,Glioma,glioma_tumor,gg (52).jpg,data/raw/Training/glioma_tumor/gg (52).jpg,29825,512,512
train,Glioma,glioma_tumor,gg (520).jpg,data/raw/Training/glioma_tumor/gg (520).jpg,17309,512,512
train,Glioma,glioma_tumor,gg (521).jpg,data/raw/Training/glioma_tumor/gg (521).jpg,27115,512,512
train,Glioma,glioma_tumor,gg (522).jpg,data/raw/Training/glioma_tumor/gg (522).jpg,26337,512,512
train,Glioma,glioma_tumor,gg (523).jpg,data/raw/Training/glioma_tumor/gg (523).jpg,23538,512,512
train,Glioma,glioma_tumor,gg (524).jpg,data/raw/Training/glioma_tumor/gg (524).jpg,18701,512,512
train,Glioma,glioma_tumor,gg (525).jpg,data/raw/Training/glioma_tumor/gg (525).jpg,18769,512,512
train,Glioma,glioma_tumor,gg (526).jpg,data/raw/Training/glioma_tumor/gg (526).jpg,18608,512,512
train,Glioma,glioma_tumor,gg (527).jpg,data/raw/Training/glioma_tumor/gg (527).jpg,17990,512,512
train,Glioma,glioma_tumor,gg (528).jpg,data/raw/Training/glioma_tumor/gg (528).jpg,20957,512,512
train,Glioma,glioma_tumor,gg (529).jpg,data/raw/Training/glioma_tumor/gg (529).jpg,24481,512,512
train,Glioma,glioma_tumor,gg (53).jpg,data/raw/Training/glioma_tumor/gg (53).jpg,30121,512,512
train,Glioma,glioma_tumor,gg (530).jpg,data/raw/Training/glioma_tumor/gg (530).jpg,26406,512,512
train,Glioma,glioma_tumor,gg (531).jpg,data/raw/Training/glioma_tumor/gg (531).jpg,24420,512,512
train,Glioma,glioma_tumor,gg (532).jpg,data/raw/Training/glioma_tumor/gg (532).jpg,25153,512,512
train,Glioma,glioma_tumor,gg (533).jpg,data/raw/Training/glioma_tumor/gg (533).jpg,25826,512,512
train,Glioma,glioma_tumor,gg (534).jpg,data/raw/Training/glioma_tumor/gg (534).jpg,26556,512,512
train,Glioma,glioma_tumor,gg (535).jpg,data/raw/Training/glioma_tumor/gg (535).jpg,19032,512,512
train,Glioma,glioma_tumor,gg (536).jpg,data/raw/Training/glioma_tumor/gg (536).jpg,18003,512,512
train,Glioma,glioma_tumor,gg (537).jpg,data/raw/Training/glioma_tumor/gg (537).jpg,20982,512,512
train,Glioma,glioma_tumor,gg (538).jpg,data/raw/Training/glioma_tumor/gg (538).jpg,14887,512,512
train,Glioma,glioma_tumor,gg (539).jpg,data/raw/Training/glioma_tumor/gg (539).jpg,15061,512,512
train,Glioma,glioma_tumor,gg (54).jpg,data/raw/Training/glioma_tumor/gg (54).jpg,28896,512,512
train,Glioma,glioma_tumor,gg (540).jpg,data/raw/Training/glioma_tumor/gg (540).jpg,14035,512,512
train,Glioma,glioma_tumor,gg (541).jpg,data/raw/Training/glioma_tumor/gg (541).jpg,13285,512,512
train,Glioma,glioma_tumor,gg (542).jpg,data/raw/Training/glioma_tumor/gg (542).jpg,16102,512,512
train,Glioma,glioma_tumor,gg (543).jpg,data/raw/Training/glioma_tumor/gg (543).jpg,16264,512,512
train,Glioma,glioma_tumor,gg (544).jpg,data/raw/Training/glioma_tumor/gg (544).jpg,26380,512,512
train,Glioma,glioma_tumor,gg (545).jpg,data/raw/Training/glioma_tumor/gg (545).jpg,26137,512,512
train,Glioma,glioma_tumor,gg (546).jpg,data/raw/Training/glioma_tumor/gg (546).jpg,21522,512,512
train,Glioma,glioma_tumor,gg (547).jpg,data/raw/Training/glioma_tumor/gg (547).jpg,21841,512,512
train,Glioma,glioma_tumor,gg (548).jpg,data/raw/Training/glioma_tumor/gg (548).jpg,25192,512,512
train,Glioma,glioma_tumor,gg (549).jpg,data/raw/Training/glioma_tumor/gg (549).jpg,21709,512,512
train,Glioma,glioma_tumor,gg (55).jpg,data/raw/Training/glioma_tumor/gg (55).jpg,27859,512,512
train,Glioma,glioma_tumor,gg (550).jpg,data/raw/Training/glioma_tumor/gg (550).jpg,22959,512,512
train,Glioma,glioma_tumor,gg (551).jpg,data/raw/Training/glioma_tumor/gg (551).jpg,22159,512,512
train,Glioma,glioma_tumor,gg (552).jpg,data/raw/Training/glioma_tumor/gg (552).jpg,17817,512,512
train,Glioma,glioma_tumor,gg (553).jpg,data/raw/Training/glioma_tumor/gg (553).jpg,18238,512,512
train,Glioma,glioma_tumor,gg (554).jpg,data/raw/Training/glioma_tumor/gg (554).jpg,17804,512,512
train,Glioma,glioma_tumor,gg (555).jpg,data/raw/Training/glioma_tumor/gg (555).jpg,17868,512,512
train,Glioma,glioma_tumor,gg (556).jpg,data/raw/Training/glioma_tumor/gg (556).jpg,22377,512,512
train,Glioma,glioma_tumor,gg (557).jpg,data/raw/Training/glioma_tumor/gg (557).jpg,22264,512,512
train,Glioma,glioma_tumor,gg (558).jpg,data/raw/Training/glioma_tumor/gg (558).jpg,23490,512,512
train,Glioma,glioma_tumor,gg (559).jpg,data/raw/Training/glioma_tumor/gg (559).jpg,19654,512,512
train,Glioma,glioma_tumor,gg (56).jpg,data/raw/Training/glioma_tumor/gg (56).jpg,28693,512,512
train,Glioma,glioma_tumor,gg (560).jpg,data/raw/Training/glioma_tumor/gg (560).jpg,21050,512,512
train,Glioma,glioma_tumor,gg (561).jpg,data/raw/Training/glioma_tumor/gg (561).jpg,20559,512,512
train,Glioma,glioma_tumor,gg (562).jpg,data/raw/Training/glioma_tumor/gg (562).jpg,22601,512,512
train,Glioma,glioma_tumor,gg (563).jpg,data/raw/Training/glioma_tumor/gg (563).jpg,19838,512,512
train,Glioma,glioma_tumor,gg (564).jpg,data/raw/Training/glioma_tumor/gg (564).jpg,17685,512,512
train,Glioma,glioma_tumor,gg (565).jpg,data/raw/Training/glioma_tumor/gg (565).jpg,21709,512,512
train,Glioma,glioma_tumor,gg (566).jpg,data/raw/Training/glioma_tumor/gg (566).jpg,21333,512,512
train,Glioma,glioma_tumor,gg (567).jpg,data/raw/Training/glioma_tumor/gg (567).jpg,20631,512,512
train,Glioma,glioma_tumor,gg (568).jpg,data/raw/Training/glioma_tumor/gg (568).jpg,20353,512,512
train,Glioma,glioma_tumor,gg (569).jpg,data/raw/Training/glioma_tumor/gg (569).jpg,20819,512,512
train,Glioma,glioma_tumor,gg (57).jpg,data/raw/Training/glioma_tumor/gg (57).jpg,30951,512,512
train,Glioma,glioma_tumor,gg (570).jpg,data/raw/Training/glioma_tumor/gg (570).jpg,18357,512,512
train,Glioma,glioma_tumor,gg (571).jpg,data/raw/Training/glioma_tumor/gg (571).jpg,17886,512,512
train,Glioma,glioma_tumor,gg (572).jpg,data/raw/Training/glioma_tumor/gg (572).jpg,16594,512,512
train,Glioma,glioma_tumor,gg (573).jpg,data/raw/Training/glioma_tumor/gg (573).jpg,22535,512,512
train,Glioma,glioma_tumor,gg (574).jpg,data/raw/Training/glioma_tumor/gg (574).jpg,21389,512,512
train,Glioma,glioma_tumor,gg (575).jpg,data/raw/Training/glioma_tumor/gg (575).jpg,21223,512,512
train,Glioma,glioma_tumor,gg (576).jpg,data/raw/Training/glioma_tumor/gg (576).jpg,21825,512,512
train,Glioma,glioma_tumor,gg (577).jpg,data/raw/Training/glioma_tumor/gg (577).jpg,23629,512,512
train,Glioma,glioma_tumor,gg (578).jpg,data/raw/Training/glioma_tumor/gg (578).jpg,21164,512,512
train,Glioma,glioma_tumor,gg (579).jpg,data/raw/Training/glioma_tumor/gg (579).jpg,18291,512,512
train,Glioma,glioma_tumor,gg (58).jpg,data/raw/Training/glioma_tumor/gg (58).jpg,27632,512,512
train,Glioma,glioma_tumor,gg (580).jpg,data/raw/Training/glioma_tumor/gg (580).jpg,18010,512,512
train,Glioma,glioma_tumor,gg (581).jpg,data/raw/Training/glioma_tumor/gg (581).jpg,19035,512,512
train,Glioma,glioma_tumor,gg (582).jpg,data/raw/Training/glioma_tumor/gg (582).jpg,20622,512,512
train,Glioma,glioma_tumor,gg (583).jpg,data/raw/Training/glioma_tumor/gg (583).jpg,22001,512,512
train,Glioma,glioma_tumor,gg (584).jpg,data/raw/Training/glioma_tumor/gg (584).jpg,21944,512,512
train,Glioma,glioma_tumor,gg (585).jpg,data/raw/Training/glioma_tumor/gg (585).jpg,17271,512,512
train,Glioma,glioma_tumor,gg (586).jpg,data/raw/Training/glioma_tumor/gg (586).jpg,16669,512,512
train,Glioma,glioma_tumor,gg (587).jpg,data/raw/Training/glioma_tumor/gg (587).jpg,16024,512,512
train,Glioma,glioma_tumor,gg (588).jpg,data/raw/Training/glioma_tumor/gg (588).jpg,16632,512,512
train,Glioma,glioma_tumor,gg (589).jpg,data/raw/Training/glioma_tumor/gg (589).jpg,16385,512,512
train,Glioma,glioma_tumor,gg (59).jpg,data/raw/Training/glioma_tumor/gg (59).jpg,26414,512,512
train,Glioma,glioma_tumor,gg (590).jpg,data/raw/Training/glioma_tumor/gg (590).jpg,15535,512,512
train,Glioma,glioma_tumor,gg (591).jpg,data/raw/Training/glioma_tumor/gg (591).jpg,14459,512,512
train,Glioma,glioma_tumor,gg (592).jpg,data/raw/Training/glioma_tumor/gg (592).jpg,22867,512,512
train,Glioma,glioma_tumor,gg (593).jpg,data/raw/Training/glioma_tumor/gg (593).jpg,23572,512,512
train,Glioma,glioma_tumor,gg (594).jpg,data/raw/Training/glioma_tumor/gg (594).jpg,19896,512,512
train,Glioma,glioma_tumor,gg (595).jpg,data/raw/Training/glioma_tumor/gg (595).jpg,19842,512,512
train,Glioma,glioma_tumor,gg (596).jpg,data/raw/Training/glioma_tumor/gg (596).jpg,20212,512,512
train,Glioma,glioma_tumor,gg (597).jpg,data/raw/Training/glioma_tumor/gg (597).jpg,19139,512,512
train,Glioma,glioma_tumor,gg (598).jpg,data/raw/Training/glioma_tumor/gg (598).jpg,18363,512,512
train,Glioma,glioma_tumor,gg (599).jpg,data/raw/Training/glioma_tumor/gg (599).jpg,19006,512,512
train,Glioma,glioma_tumor,gg (6).jpg,data/raw/Training/glioma_tumor/gg (6).jpg,19922,512,512
train,Glioma,glioma_tumor,gg (60).jpg,data/raw/Training/glioma_tumor/gg (60).jpg,25745,512,512
train,Glioma,glioma_tumor,gg (600).jpg,data/raw/Training/glioma_tumor/gg (600).jpg,18897,512,512
train,Glioma,glioma_tumor,gg (601).jpg,data/raw/Training/glioma_tumor/gg (601).jpg,16971,512,512
train,Glioma,glioma_tumor,gg (602).jpg,data/raw/Training/glioma_tumor/gg (602).jpg,19794,512,512
train,Glioma,glioma_tumor,gg (603).jpg,data/raw/Training/glioma_tumor/gg (603).jpg,19066,512,512
train,Glioma,glioma_tumor,gg (604).jpg,data/raw/Training/glioma_tumor/gg (604).jpg,24264,512,512
train,Glioma,glioma_tumor,gg (605).jpg,data/raw/Training/glioma_tumor/gg (605).jpg,19079,512,512
train,Glioma,glioma_tumor,gg (606).jpg,data/raw/Training/glioma_tumor/gg (606).jpg,21280,512,512
train,Glioma,glioma_tumor,gg (607).jpg,data/raw/Training/glioma_tumor/gg (607).jpg,20901,512,512
train,Glioma,glioma_tumor,gg (608).jpg,data/raw/Training/glioma_tumor/gg (608).jpg,23829,512,512
train,Glioma,glioma_tumor,gg (609).jpg,data/raw/Training/glioma_tumor/gg (609).jpg,21557,512,512
train,Glioma,glioma_tumor,gg (61).jpg,data/raw/Training/glioma_tumor/gg (61).jpg,26042,512,512
train,Glioma,glioma_tumor,gg (610).jpg,data/raw/Training/glioma_tumor/gg (610).jpg,21455,512,512
train,Glioma,glioma_tumor,gg (611).jpg,data/raw/Training/glioma_tumor/gg (611).jpg,19714,512,512
train,Glioma,glioma_tumor,gg (612).jpg,data/raw/Training/glioma_tumor/gg (612).jpg,19932,512,512
train,Glioma,glioma_tumor,gg (613).jpg,data/raw/Training/glioma_tumor/gg (613).jpg,23774,512,512
train,Glioma,glioma_tumor,gg (614).jpg,data/raw/Training/glioma_tumor/gg (614).jpg,21417,512,512
train,Glioma,glioma_tumor,gg (615).jpg,data/raw/Training/glioma_tumor/gg (615).jpg,21687,512,512
train,Glioma,glioma_tumor,gg (616).jpg,data/raw/Training/glioma_tumor/gg (616).jpg,21124,512,512
train,Glioma,glioma_tumor,gg (617).jpg,data/raw/Training/glioma_tumor/gg (617).jpg,20318,512,512
train,Glioma,glioma_tumor,gg (618).jpg,data/raw/Training/glioma_tumor/gg (618).jpg,21784,512,512
train,Glioma,glioma_tumor,gg (619).jpg,data/raw/Training/glioma_tumor/gg (619).jpg,22759,512,512
train,Glioma,glioma_tumor,gg (62).jpg,data/raw/Training/glioma_tumor/gg (62).jpg,36265,512,512
train,Glioma,glioma_tumor,gg (620).jpg,data/raw/Training/glioma_tumor/gg (620).jpg,21061,512,512
train,Glioma,glioma_tumor,gg (621).jpg,data/raw/Training/glioma_tumor/gg (621).jpg,20501,512,512
train,Glioma,glioma_tumor,gg (622).jpg,data/raw/Training/glioma_tumor/gg (622).jpg,19414,512,512
train,Glioma,glioma_tumor,gg (623).jpg,data/raw/Training/glioma_tumor/gg (623).jpg,20723,512,512
train,Glioma,glioma_tumor,gg (624).jpg,data/raw/Training/glioma_tumor/gg (624).jpg,17864,512,512
train,Glioma,glioma_tumor,gg (625).jpg,data/raw/Training/glioma_tumor/gg (625).jpg,18544,512,512
train,Glioma,glioma_tumor,gg (626).jpg,data/raw/Training/glioma_tumor/gg (626).jpg,23654,512,512
train,Glioma,glioma_tumor,gg (627).jpg,data/raw/Training/glioma_tumor/gg (627).jpg,21652,512,512
train,Glioma,glioma_tumor,gg (628).jpg,data/raw/Training/glioma_tumor/gg (628).jpg,22392,512,512
train,Glioma,glioma_tumor,gg (629).jpg,data/raw/Training/glioma_tumor/gg (629).jpg,25760,512,512
train,Glioma,glioma_tumor,gg (63).jpg,data/raw/Training/glioma_tumor/gg (63).jpg,34868,512,512
train,Glioma,glioma_tumor,gg (630).jpg,data/raw/Training/glioma_tumor/gg (630).jpg,24963,512,512
train,Glioma,glioma_tumor,gg (631).jpg,data/raw/Training/glioma_tumor/gg (631).jpg,22909,512,512
train,Glioma,glioma_tumor,gg (632).jpg,data/raw/Training/glioma_tumor/gg (632).jpg,23287,512,512
train,Glioma,glioma_tumor,gg (633).jpg,data/raw/Training/glioma_tumor/gg (633).jpg,17622,512,512
train,Glioma,glioma_tumor,gg (634).jpg,data/raw/Training/glioma_tumor/gg (634).jpg,16893,512,512
train,Glioma,glioma_tumor,gg (635).jpg,data/raw/Training/glioma_tumor/gg (635).jpg,17307,512,512
train,Glioma,glioma_tumor,gg (636).jpg,data/raw/Training/glioma_tumor/gg (636).jpg,23603,512,512
train,Glioma,glioma_tumor,gg (637).jpg,data/raw/Training/glioma_tumor/gg (637).jpg,22832,512,512
train,Glioma,glioma_tumor,gg (638).jpg,data/raw/Training/glioma_tumor/gg (638).jpg,21049,512,512
train,Glioma,glioma_tumor,gg (639).jpg,data/raw/Training/glioma_tumor/gg (639).jpg,18563,512,512
train,Glioma,glioma_tumor,gg (64).jpg,data/raw/Training/glioma_tumor/gg (64).jpg,36580,512,512
train,Glioma,glioma_tumor,gg (640).jpg,data/raw/Training/glioma_tumor/gg (640).jpg,17298,512,512
train,Glioma,glioma_tumor,gg (641).jpg,data/raw/Training/glioma_tumor/gg (641).jpg,17305,512,512
train,Glioma,glioma_tumor,gg (642).jpg,data/raw/Training/glioma_tumor/gg (642).jpg,21380,512,512
train,Glioma,glioma_tumor,gg (643).jpg,data/raw/Training/glioma_tumor/gg (643).jpg,20391,512,512
train,Glioma,glioma_tumor,gg (644).jpg,data/raw/Training/glioma_tumor/gg (644).jpg,19931,512,512
train,Glioma,glioma_tumor,gg (645).jpg,data/raw/Training/glioma_tumor/gg (645).jpg,19743,512,512
train,Glioma,glioma_tumor,gg (646).jpg,data/raw/Training/glioma_tumor/gg (646).jpg,19015,512,512
train,Glioma,glioma_tumor,gg (647).jpg,data/raw/Training/glioma_tumor/gg (647).jpg,18723,512,512
train,Glioma,glioma_tumor,gg (648).jpg,data/raw/Training/glioma_tumor/gg (648).jpg,27558,512,512
train,Glioma,glioma_tumor,gg (649).jpg,data/raw/Training/glioma_tumor/gg (649).jpg,25760,512,512
train,Glioma,glioma_tumor,gg (65).jpg,data/raw/Training/glioma_tumor/gg (65).jpg,31926,512,512
train,Glioma,glioma_tumor,gg (650).jpg,data/raw/Training/glioma_tumor/gg (650).jpg,26114,512,512
train,Glioma,glioma_tumor,gg (651).jpg,data/raw/Training/glioma_tumor/gg (651).jpg,21896,512,512
train,Glioma,glioma_tumor,gg (652).jpg,data/raw/Training/glioma_tumor/gg (652).jpg,19621,512,512
train,Glioma,glioma_tumor,gg (653).jpg,data/raw/Training/glioma_tumor/gg (653).jpg,17549,512,512
train,Glioma,glioma_tumor,gg (654).jpg,data/raw/Training/glioma_tumor/gg (654).jpg,18141,512,512
train,Glioma,glioma_tumor,gg (655).jpg,data/raw/Training/glioma_tumor/gg (655).jpg,18632,512,512
train,Glioma,glioma_tumor,gg (656).jpg,data/raw/Training/glioma_tumor/gg (656).jpg,19079,512,512
train,Glioma,glioma_tumor,gg (657).jpg,data/raw/Training/glioma_tumor/gg (657).jpg,21424,512,512
train,Glioma,glioma_tumor,gg (658).jpg,data/raw/Training/glioma_tumor/gg (658).jpg,21204,512,512
train,Glioma,glioma_tumor,gg (659).jpg,data/raw/Training/glioma_tumor/gg (659).jpg,21126,512,512
train,Glioma,glioma_tumor,gg (66).jpg,data/raw/Training/glioma_tumor/gg (66).jpg,30439,512,512
train,Glioma,glioma_tumor,gg (660).jpg,data/raw/Training/glioma_tumor/gg (660).jpg,19671,512,512
train,Glioma,glioma_tumor,gg (661).jpg,data/raw/Training/glioma_tumor/gg (661).jpg,19209,512,512
train,Glioma,glioma_tumor,gg (662).jpg,data/raw/Training/glioma_tumor/gg (662).jpg,18686,512,512
train,Glioma,glioma_tumor,gg (663).jpg,data/raw/Training/glioma_tumor/gg (663).jpg,19146,512,512
train,Glioma,glioma_tumor,gg (664).jpg,data/raw/Training/glioma_tumor/gg (664).jpg,19855,512,512
train,Glioma,glioma_tumor,gg (665).jpg,data/raw/Training/glioma_tumor/gg (665).jpg,18000,512,512
train,Glioma,glioma_tumor,gg (666).jpg,data/raw/Training/glioma_tumor/gg (666).jpg,17218,512,512
train,Glioma,glioma_tumor,gg (667).jpg,data/raw/Training/glioma_tumor/gg (667).jpg,17548,512,512
train,Glioma,glioma_tumor,gg (668).jpg,data/raw/Training/glioma_tumor/gg (668).jpg,17417,512,512
train,Glioma,glioma_tumor,gg (669).jpg,data/raw/Training/glioma_tumor/gg (669).jpg,16995,512,512
train,Glioma,glioma_tumor,gg (67).jpg,data/raw/Training/glioma_tumor/gg (67).jpg,31795,512,512
train,Glioma,glioma_tumor,gg (670).jpg,data/raw/Training/glioma_tumor/gg (670).jpg,15416,512,512
train,Glioma,glioma_tumor,gg (671).jpg,data/raw/Training/glioma_tumor/gg (671).jpg,15928,512,512
train,Glioma,glioma_tumor,gg (672).jpg,data/raw/Training/glioma_tumor/gg (672).jpg,17586,512,512
train,Glioma,glioma_tumor,gg (673).jpg,data/raw/Training/glioma_tumor/gg (673).jpg,16913,512,512
train,Glioma,glioma_tumor,gg (674).jpg,data/raw/Training/glioma_tumor/gg (674).jpg,26801,512,512
train,Glioma,glioma_tumor,gg (675).jpg,data/raw/Training/glioma_tumor/gg (675).jpg,27983,512,512
train,Glioma,glioma_tumor,gg (676).jpg,data/raw/Training/glioma_tumor/gg (676).jpg,26989,512,512
train,Glioma,glioma_tumor,gg (677).jpg,data/raw/Training/glioma_tumor/gg (677).jpg,29729,512,512
train,Glioma,glioma_tumor,gg (678).jpg,data/raw/Training/glioma_tumor/gg (678).jpg,29103,512,512
train,Glioma,glioma_tumor,gg (679).jpg,data/raw/Training/glioma_tumor/gg (679).jpg,28376,512,512
train,Glioma,glioma_tumor,gg (68).jpg,data/raw/Training/glioma_tumor/gg (68).jpg,34053,512,512
train,Glioma,glioma_tumor,gg (680).jpg,data/raw/Training/glioma_tumor/gg (680).jpg,27410,512,512
train,Glioma,glioma_tumor,gg (681).jpg,data/raw/Training/glioma_tumor/gg (681).jpg,26013,512,512
train,Glioma,glioma_tumor,gg (682).jpg,data/raw/Training/glioma_tumor/gg (682).jpg,25303,512,512
train,Glioma,glioma_tumor,gg (683).jpg,data/raw/Training/glioma_tumor/gg (683).jpg,24714,512,512
train,Glioma,glioma_tumor,gg (684).jpg,data/raw/Training/glioma_tumor/gg (684).jpg,25911,512,512
train,Glioma,glioma_tumor,gg (685).jpg,data/raw/Training/glioma_tumor/gg (685).jpg,27701,512,512
train,Glioma,glioma_tumor,gg (686).jpg,data/raw/Training/glioma_tumor/gg (686).jpg,26660,512,512
train,Glioma,glioma_tumor,gg (687).jpg,data/raw/Training/glioma_tumor/gg (687).jpg,26330,512,512
train,Glioma,glioma_tumor,gg (688).jpg,data/raw/Training/glioma_tumor/gg (688).jpg,23930,512,512
train,Glioma,glioma_tumor,gg (689).jpg,data/raw/Training/glioma_tumor/gg (689).jpg,25391,512,512
train,Glioma,glioma_tumor,gg (69).jpg,data/raw/Training/glioma_tumor/gg (69).jpg,32189,512,512
train,Glioma,glioma_tumor,gg (690).jpg,data/raw/Training/glioma_tumor/gg (690).jpg,23951,512,512
train,Glioma,glioma_tumor,gg (691).jpg,data/raw/Training/glioma_tumor/gg (691).jpg,22885,512,512
train,Glioma,glioma_tumor,gg (692).jpg,data/raw/Training/glioma_tumor/gg (692).jpg,21108,512,512
train,Glioma,glioma_tumor,gg (693).jpg,data/raw/Training/glioma_tumor/gg (693).jpg,23105,512,512
train,Glioma,glioma_tumor,gg (694).jpg,data/raw/Training/glioma_tumor/gg (694).jpg,25169,512,512
train,Glioma,glioma_tumor,gg (695).jpg,data/raw/Training/glioma_tumor/gg (695).jpg,23461,512,512
train,Glioma,glioma_tumor,gg (696).jpg,data/raw/Training/glioma_tumor/gg (696).jpg,23735,512,512
train,Glioma,glioma_tumor,gg (697).jpg,data/raw/Training/glioma_tumor/gg (697).jpg,21185,512,512
train,Glioma,glioma_tumor,gg (698).jpg,data/raw/Training/glioma_tumor/gg (698).jpg,23642,512,512
train,Glioma,glioma_tumor,gg (699).jpg,data/raw/Training/glioma_tumor/gg (699).jpg,24010,512,512
train,Glioma,glioma_tumor,gg (7).jpg,data/raw/Training/glioma_tumor/gg (7).jpg,23063,512,512
train,Glioma,glioma_tumor,gg (70).jpg,data/raw/Training/glioma_tumor/gg (70).jpg,31156,512,512
train,Glioma,glioma_tumor,gg (700).jpg,data/raw/Training/glioma_tumor/gg (700).jpg,25088,512,512
train,Glioma,glioma_tumor,gg (701).jpg,data/raw/Training/glioma_tumor/gg (701).jpg,24440,512,512
train,Glioma,glioma_tumor,gg (702).jpg,data/raw/Training/glioma_tumor/gg (702).jpg,17800,512,512
train,Glioma,glioma_tumor,gg (703).jpg,data/raw/Training/glioma_tumor/gg (703).jpg,20295,512,512
train,Glioma,glioma_tumor,gg (704).jpg,data/raw/Training/glioma_tumor/gg (704).jpg,16352,512,512
train,Glioma,glioma_tumor,gg (705).jpg,data/raw/Training/glioma_tumor/gg (705).jpg,14824,512,512
train,Glioma,glioma_tumor,gg (706).jpg,data/raw/Training/glioma_tumor/gg (706).jpg,25639,512,512
train,Glioma,glioma_tumor,gg (707).jpg,data/raw/Training/glioma_tumor/gg (707).jpg,26671,512,512
train,Glioma,glioma_tumor,gg (708).jpg,data/raw/Training/glioma_tumor/gg (708).jpg,26235,512,512
train,Glioma,glioma_tumor,gg (709).jpg,data/raw/Training/glioma_tumor/gg (709).jpg,24866,512,512
train,Glioma,glioma_tumor,gg (71).jpg,data/raw/Training/glioma_tumor/gg (71).jpg,32098,512,512
train,Glioma,glioma_tumor,gg (710).jpg,data/raw/Training/glioma_tumor/gg (710).jpg,24649,512,512
train,Glioma,glioma_tumor,gg (711).jpg,data/raw/Training/glioma_tumor/gg (711).jpg,25290,512,512
train,Glioma,glioma_tumor,gg (712).jpg,data/raw/Training/glioma_tumor/gg (712).jpg,23363,512,512
train,Glioma,glioma_tumor,gg (713).jpg,data/raw/Training/glioma_tumor/gg (713).jpg,26379,512,512
train,Glioma,glioma_tumor,gg (714).jpg,data/raw/Training/glioma_tumor/gg (714).jpg,25793,512,512
train,Glioma,glioma_tumor,gg (715).jpg,data/raw/Training/glioma_tumor/gg (715).jpg,25316,512,512
train,Glioma,glioma_tumor,gg (716).jpg,data/raw/Training/glioma_tumor/gg (716).jpg,26215,512,512
train,Glioma,glioma_tumor,gg (717).jpg,data/raw/Training/glioma_tumor/gg (717).jpg,25004,512,512
train,Glioma,glioma_tumor,gg (718).jpg,data/raw/Training/glioma_tumor/gg (718).jpg,25016,512,512
train,Glioma,glioma_tumor,gg (719).jpg,data/raw/Training/glioma_tumor/gg (719).jpg,25518,512,512
train,Glioma,glioma_tumor,gg (72).jpg,data/raw/Training/glioma_tumor/gg (72).jpg,27449,512,512
train,Glioma,glioma_tumor,gg (720).jpg,data/raw/Training/glioma_tumor/gg (720).jpg,25493,512,512
train,Glioma,glioma_tumor,gg (721).jpg,data/raw/Training/glioma_tumor/gg (721).jpg,25808,512,512
train,Glioma,glioma_tumor,gg (722).jpg,data/raw/Training/glioma_tumor/gg (722).jpg,25983,512,512
train,Glioma,glioma_tumor,gg (723).jpg,data/raw/Training/glioma_tumor/gg (723).jpg,25911,512,512
train,Glioma,glioma_tumor,gg (724).jpg,data/raw/Training/glioma_tumor/gg (724).jpg,24372,512,512
train,Glioma,glioma_tumor,gg (725).jpg,data/raw/Training/glioma_tumor/gg (725).jpg,25857,512,512
train,Glioma,glioma_tumor,gg (726).jpg,data/raw/Training/glioma_tumor/gg (726).jpg,24894,512,512
train,Glioma,glioma_tumor,gg (727).jpg,data/raw/Training/glioma_tumor/gg (727).jpg,24311,512,512
train,Glioma,glioma_tumor,gg (728).jpg,data/raw/Training/glioma_tumor/gg (728).jpg,21216,512,512
train,Glioma,glioma_tumor,gg (729).jpg,data/raw/Training/glioma_tumor/gg (729).jpg,18846,512,512
train,Glioma,glioma_tumor,gg (73).jpg,data/raw/Training/glioma_tumor/gg (73).jpg,28114,512,512
train,Glioma,glioma_tumor,gg (730).jpg,data/raw/Training/glioma_tumor/gg (730).jpg,19225,512,512
train,Glioma,glioma_tumor,gg (731).jpg,data/raw/Training/glioma_tumor/gg (731).jpg,19435,512,512
train,Glioma,glioma_tumor,gg (732).jpg,data/raw/Training/glioma_tumor/gg (732).jpg,19712,512,512
train,Glioma,glioma_tumor,gg (733).jpg,data/raw/Training/glioma_tumor/gg (733).jpg,23993,512,512
train,Glioma,glioma_tumor,gg (734).jpg,data/raw/Training/glioma_tumor/gg (734).jpg,22694,512,512
train,Glioma,glioma_tumor,gg (735).jpg,data/raw/Training/glioma_tumor/gg (735).jpg,21658,512,512
train,Glioma,glioma_tumor,gg (736).jpg,data/raw/Training/glioma_tumor/gg (736).jpg,20426,512,512
train,Glioma,glioma_tumor,gg (737).jpg,data/raw/Training/glioma_tumor/gg (737).jpg,20228,512,512
train,Glioma,glioma_tumor,gg (738).jpg,data/raw/Training/glioma_tumor/gg (738).jpg,19872,512,512
train,Glioma,glioma_tumor,gg (739).jpg,data/raw/Training/glioma_tumor/gg (739).jpg,17891,512,512
train,Glioma,glioma_tumor,gg (74).jpg,data/raw/Training/glioma_tumor/gg (74).jpg,26507,512,512
train,Glioma,glioma_tumor,gg (740).jpg,data/raw/Training/glioma_tumor/gg (740).jpg,18472,512,512
train,Glioma,glioma_tumor,gg (741).jpg,data/raw/Training/glioma_tumor/gg (741).jpg,14967,512,512
train,Glioma,glioma_tumor,gg (742).jpg,data/raw/Training/glioma_tumor/gg (742).jpg,15935,512,512
train,Glioma,glioma_tumor,gg (743).jpg,data/raw/Training/glioma_tumor/gg (743).jpg,13674,512,512
train,Glioma,glioma_tumor,gg (744).jpg,data/raw/Training/glioma_tumor/gg (744).jpg,15293,512,512
train,Glioma,glioma_tumor,gg (745).jpg,data/raw/Training/glioma_tumor/gg (745).jpg,20738,512,512
train,Glioma,glioma_tumor,gg (746).jpg,data/raw/Training/glioma_tumor/gg (746).jpg,20810,512,512
train,Glioma,glioma_tumor,gg (747).jpg,data/raw/Training/glioma_tumor/gg (747).jpg,21168,512,512
train,Glioma,glioma_tumor,gg (748).jpg,data/raw/Training/glioma_tumor/gg (748).jpg,19713,512,512
train,Glioma,glioma_tumor,gg (749).jpg,data/raw/Training/glioma_tumor/gg (749).jpg,20128,512,512
train,Glioma,glioma_tumor,gg (75).jpg,data/raw/Training/glioma_tumor/gg (75).jpg,27307,512,512
train,Glioma,glioma_tumor,gg (750).jpg,data/raw/Training/glioma_tumor/gg (750).jpg,17919,512,512
train,Glioma,glioma_tumor,gg (751).jpg,data/raw/Training/glioma_tumor/gg (751).jpg,18165,512,512
train,Glioma,glioma_tumor,gg (752).jpg,data/raw/Training/glioma_tumor/gg (752).jpg,16645,512,512
train,Glioma,glioma_tumor,gg (753).jpg,data/raw/Training/glioma_tumor/gg (753).jpg,16444,512,512
train,Glioma,glioma_tumor,gg (754).jpg,data/raw/Training/glioma_tumor/gg (754).jpg,17901,512,512
train,Glioma,glioma_tumor,gg (755).jpg,data/raw/Training/glioma_tumor/gg (755).jpg,24888,512,512
train,Glioma,glioma_tumor,gg (756).jpg,data/raw/Training/glioma_tumor/gg (756).jpg,23365,512,512
train,Glioma,glioma_tumor,gg (757).jpg,data/raw/Training/glioma_tumor/gg (757).jpg,24962,512,512
train,Glioma,glioma_tumor,gg (758).jpg,data/raw/Training/glioma_tumor/gg (758).jpg,26311,512,512
train,Glioma,glioma_tumor,gg (759).jpg,data/raw/Training/glioma_tumor/gg (759).jpg,27768,512,512
train,Glioma,glioma_tumor,gg (76).jpg,data/raw/Training/glioma_tumor/gg (76).jpg,26675,512,512
train,Glioma,glioma_tumor,gg (760).jpg,data/raw/Training/glioma_tumor/gg (760).jpg,26350,512,512
train,Glioma,glioma_tumor,gg (761).jpg,data/raw/Training/glioma_tumor/gg (761).jpg,26032,512,512
train,Glioma,glioma_tumor,gg (762).jpg,data/raw/Training/glioma_tumor/gg (762).jpg,25881,512,512
train,Glioma,glioma_tumor,gg (763).jpg,data/raw/Training/glioma_tumor/gg (763).jpg,25881,512,512
train,Glioma,glioma_tumor,gg (764).jpg,data/raw/Training/glioma_tumor/gg (764).jpg,27066,512,512
train,Glioma,glioma_tumor,gg (765).jpg,data/raw/Training/glioma_tumor/gg (765).jpg,26755,512,512
train,Glioma,glioma_tumor,gg (766).jpg,data/raw/Training/glioma_tumor/gg (766).jpg,25062,512,512
train,Glioma,glioma_tumor,gg (767).jpg,data/raw/Training/glioma_tumor/gg (767).jpg,26297,512,512
train,Glioma,glioma_tumor,gg (768).jpg,data/raw/Training/glioma_tumor/gg (768).jpg,26166,512,512
train,Glioma,glioma_tumor,gg (769).jpg,data/raw/Training/glioma_tumor/gg (769).jpg,27446,512,512
train,Glioma,glioma_tumor,gg (77).jpg,data/raw/Training/glioma_tumor/gg (77).jpg,26010,512,512
train,Glioma,glioma_tumor,gg (770).jpg,data/raw/Training/glioma_tumor/gg (770).jpg,26438,512,512
train,Glioma,glioma_tumor,gg (771).jpg,data/raw/Training/glioma_tumor/gg (771).jpg,24669,512,512
train,Glioma,glioma_tumor,gg (772).jpg,data/raw/Training/glioma_tumor/gg (772).jpg,26019,512,512
train,Glioma,glioma_tumor,gg (773).jpg,data/raw/Training/glioma_tumor/gg (773).jpg,25509,512,512
train,Glioma,glioma_tumor,gg (774).jpg,data/raw/Training/glioma_tumor/gg (774).jpg,27448,512,512
train,Glioma,glioma_tumor,gg (775).jpg,data/raw/Training/glioma_tumor/gg (775).jpg,25981,512,512
train,Glioma,glioma_tumor,gg (776).jpg,data/raw/Training/glioma_tumor/gg (776).jpg,25425,512,512
train,Glioma,glioma_tumor,gg (777).jpg,data/raw/Training/glioma_tumor/gg (777).jpg,25506,512,512
train,Glioma,glioma_tumor,gg (778).jpg,data/raw/Training/glioma_tumor/gg (778).jpg,22553,512,512
train,Glioma,glioma_tumor,gg (779).jpg,data/raw/Training/glioma_tumor/gg (779).jpg,23000,512,512
train,Glioma,glioma_tumor,gg (78).jpg,data/raw/Training/glioma_tumor/gg (78).jpg,30115,512,512
train,Glioma,glioma_tumor,gg (780).jpg,data/raw/Training/glioma_tumor/gg (780).jpg,23452,512,512
train,Glioma,glioma_tumor,gg (781).jpg,data/raw/Training/glioma_tumor/gg (781).jpg,24080,512,512
train,Glioma,glioma_tumor,gg (782).jpg,data/raw/Training/glioma_tumor/gg (782).jpg,23502,512,512
train,Glioma,glioma_tumor,gg (783).jpg,data/raw/Training/glioma_tumor/gg (783).jpg,22806,512,512
train,Glioma,glioma_tumor,gg (784).jpg,data/raw/Training/glioma_tumor/gg (784).jpg,25211,512,512
train,Glioma,glioma_tumor,gg (785).jpg,data/raw/Training/glioma_tumor/gg (785).jpg,24339,512,512
train,Glioma,glioma_tumor,gg (786).jpg,data/raw/Training/glioma_tumor/gg (786).jpg,22869,512,512
train,Glioma,glioma_tumor,gg (787).jpg,data/raw/Training/glioma_tumor/gg (787).jpg,23819,512,512
train,Glioma,glioma_tumor,gg (788).jpg,data/raw/Training/glioma_tumor/gg (788).jpg,26122,512,512
train,Glioma,glioma_tumor,gg (789).jpg,data/raw/Training/glioma_tumor/gg (789).jpg,25357,512,512
train,Glioma,glioma_tumor,gg (79).jpg,data/raw/Training/glioma_tumor/gg (79).jpg,26450,512,512
train,Glioma,glioma_tumor,gg (790).jpg,data/raw/Training/glioma_tumor/gg (790).jpg,27477,512,512
train,Glioma,glioma_tumor,gg (791).jpg,data/raw/Training/glioma_tumor/gg (791).jpg,28172,512,512
train,Glioma,glioma_tumor,gg (792).jpg,data/raw/Training/glioma_tumor/gg (792).jpg,27019,512,512
train,Glioma,glioma_tumor,gg (793).jpg,data/raw/Training/glioma_tumor/gg (793).jpg,25466,512,512
train,Glioma,glioma_tumor,gg (794).jpg,data/raw/Training/glioma_tumor/gg (794).jpg,20986,512,512
train,Glioma,glioma_tumor,gg (795).jpg,data/raw/Training/glioma_tumor/gg (795).jpg,21801,512,512
train,Glioma,glioma_tumor,gg (796).jpg,data/raw/Training/glioma_tumor/gg (796).jpg,22410,512,512
train,Glioma,glioma_tumor,gg (797).jpg,data/raw/Training/glioma_tumor/gg (797).jpg,23480,512,512
train,Glioma,glioma_tumor,gg (798).jpg,data/raw/Training/glioma_tumor/gg (798).jpg,25758,512,512
train,Glioma,glioma_tumor,gg (799).jpg,data/raw/Training/glioma_tumor/gg (799).jpg,26028,512,512
train,Glioma,glioma_tumor,gg (8).jpg,data/raw/Training/glioma_tumor/gg (8).jpg,23581,512,512
train,Glioma,glioma_tumor,gg (80).jpg,data/raw/Training/glioma_tumor/gg (80).jpg,29293,512,512
train,Glioma,glioma_tumor,gg (800).jpg,data/raw/Training/glioma_tumor/gg (800).jpg,26404,512,512
train,Glioma,glioma_tumor,gg (801).jpg,data/raw/Training/glioma_tumor/gg (801).jpg,25994,512,512
train,Glioma,glioma_tumor,gg (802).jpg,data/raw/Training/glioma_tumor/gg (802).jpg,27407,512,512
train,Glioma,glioma_tumor,gg (803).jpg,data/raw/Training/glioma_tumor/gg (803).jpg,19940,512,512
train,Glioma,glioma_tumor,gg (804).jpg,data/raw/Training/glioma_tumor/gg (804).jpg,21120,512,512
train,Glioma,glioma_tumor,gg (805).jpg,data/raw/Training/glioma_tumor/gg (805).jpg,22382,512,512
train,Glioma,glioma_tumor,gg (806).jpg,data/raw/Training/glioma_tumor/gg (806).jpg,23434,512,512
train,Glioma,glioma_tumor,gg (807).jpg,data/raw/Training/glioma_tumor/gg (807).jpg,22899,512,512
train,Glioma,glioma_tumor,gg (808).jpg,data/raw/Training/glioma_tumor/gg (808).jpg,20796,512,512
train,Glioma,glioma_tumor,gg (809).jpg,data/raw/Training/glioma_tumor/gg (809).jpg,28013,512,512
train,Glioma,glioma_tumor,gg (81).jpg,data/raw/Training/glioma_tumor/gg (81).jpg,34157,512,512
train,Glioma,glioma_tumor,gg (810).jpg,data/raw/Training/glioma_tumor/gg (810).jpg,28692,512,512
train,Glioma,glioma_tumor,gg (811).jpg,data/raw/Training/glioma_tumor/gg (811).jpg,28712,512,512
train,Glioma,glioma_tumor,gg (812).jpg,data/raw/Training/glioma_tumor/gg (812).jpg,26907,512,512
train,Glioma,glioma_tumor,gg (813).jpg,data/raw/Training/glioma_tumor/gg (813).jpg,23329,512,512
train,Glioma,glioma_tumor,gg (814).jpg,data/raw/Training/glioma_tumor/gg (814).jpg,22219,512,512
train,Glioma,glioma_tumor,gg (815).jpg,data/raw/Training/glioma_tumor/gg (815).jpg,22293,512,512
train,Glioma,glioma_tumor,gg (816).jpg,data/raw/Training/glioma_tumor/gg (816).jpg,23556,512,512
train,Glioma,glioma_tumor,gg (817).jpg,data/raw/Training/glioma_tumor/gg (817).jpg,24807,512,512
train,Glioma,glioma_tumor,gg (818).jpg,data/raw/Training/glioma_tumor/gg (818).jpg,23649,512,512
train,Glioma,glioma_tumor,gg (819).jpg,data/raw/Training/glioma_tumor/gg (819).jpg,24356,512,512
train,Glioma,glioma_tumor,gg (82).jpg,data/raw/Training/glioma_tumor/gg (82).jpg,34317,512,512
train,Glioma,glioma_tumor,gg (820).jpg,data/raw/Training/glioma_tumor/gg (820).jpg,17490,512,512
train,Glioma,glioma_tumor,gg (821).jpg,data/raw/Training/glioma_tumor/gg (821).jpg,16372,512,512
train,Glioma,glioma_tumor,gg (822).jpg,data/raw/Training/glioma_tumor/gg (822).jpg,17018,512,512
train,Glioma,glioma_tumor,gg (823).jpg,data/raw/Training/glioma_tumor/gg (823).jpg,14127,512,512
train,Glioma,glioma_tumor,gg (824).jpg,data/raw/Training/glioma_tumor/gg (824).jpg,13535,512,512
train,Glioma,glioma_tumor,gg (825).jpg,data/raw/Training/glioma_tumor/gg (825).jpg,21248,512,512
train,Glioma,glioma_tumor,gg (826).jpg,data/raw/Training/glioma_tumor/gg (826).jpg,21003,512,512
train,Glioma,glioma_tumor,gg (83).jpg,data/raw/Training/glioma_tumor/gg (83).jpg,33745,512,512
train,Glioma,glioma_tumor,gg (84).jpg,data/raw/Training/glioma_tumor/gg (84).jpg,30449,512,512
train,Glioma,glioma_tumor,gg (85).jpg,data/raw/Training/glioma_tumor/gg (85).jpg,28600,512,512
train,Glioma,glioma_tumor,gg (86).jpg,data/raw/Training/glioma_tumor/gg (86).jpg,26727,512,512
train,Glioma,glioma_tumor,gg (87).jpg,data/raw/Training/glioma_tumor/gg (87).jpg,34627,512,512
train,Glioma,glioma_tumor,gg (88).jpg,data/raw/Training/glioma_tumor/gg (88).jpg,30695,512,512
train,Glioma,glioma_tumor,gg (89).jpg,data/raw/Training/glioma_tumor/gg (89).jpg,33255,512,512
train,Glioma,glioma_tumor,gg (9).jpg,data/raw/Training/glioma_tumor/gg (9).jpg,21598,512,512
train,Glioma,glioma_tumor,gg (90).jpg,data/raw/Training/glioma_tumor/gg (90).jpg,32696,512,512
train,Glioma,glioma_tumor,gg (91).jpg,data/raw/Training/glioma_tumor/gg (91).jpg,29197,512,512
train,Glioma,glioma_tumor,gg (92).jpg,data/raw/Training/glioma_tumor/gg (92).jpg,29820,512,512
train,Glioma,glioma_tumor,gg (93).jpg,data/raw/Training/glioma_tumor/gg (93).jpg,27834,512,512
train,Glioma,glioma_tumor,gg (94).jpg,data/raw/Training/glioma_tumor/gg (94).jpg,34050,512,512
train,Glioma,glioma_tumor,gg (95).jpg,data/raw/Training/glioma_tumor/gg (95).jpg,32258,512,512
train,Glioma,glioma_tumor,gg (96).jpg,data/raw/Training/glioma_tumor/gg (96).jpg,32549,512,512
train,Glioma,glioma_tumor,gg (97).jpg,data/raw/Training/glioma_tumor/gg (97).jpg,33054,512,512
train,Glioma,glioma_tumor,gg (98).jpg,data/raw/Training/glioma_tumor/gg (98).jpg,30635,512,512
train,Glioma,glioma_tumor,gg (99).jpg,data/raw/Training/glioma_tumor/gg (99).jpg,23058,512,512
train,Meningioma,meningioma_tumor,m (10).jpg,data/raw/Training/meningioma_tumor/m (10).jpg,22691,512,512
train,Meningioma,meningioma_tumor,m (100).jpg,data/raw/Training/meningioma_tumor/m (100).jpg,26014,512,512
train,Meningioma,meningioma_tumor,m (101).jpg,data/raw/Training/meningioma_tumor/m (101).jpg,24895,512,512
train,Meningioma,meningioma_tumor,m (102).jpg,data/raw/Training/meningioma_tumor/m (102).jpg,27227,512,512
train,Meningioma,meningioma_tumor,m (103).jpg,data/raw/Training/meningioma_tumor/m (103).jpg,25709,512,512
train,Meningioma,meningioma_tumor,m (104).jpg,data/raw/Training/meningioma_tumor/m (104).jpg,25474,512,512
train,Meningioma,meningioma_tumor,m (105).jpg,data/raw/Training/meningioma_tumor/m (105).jpg,23930,512,512
train,Meningioma,meningioma_tumor,m (106).jpg,data/raw/Training/meningioma_tumor/m (106).jpg,22050,512,512
train,Meningioma,meningioma_tumor,m (107).jpg,data/raw/Training/meningioma_tumor/m (107).jpg,21110,512,512
train,Meningioma,meningioma_tumor,m (108).jpg,data/raw/Training/meningioma_tumor/m (108).jpg,20298,512,512
train,Meningioma,meningioma_tumor,m (109).jpg,data/raw/Training/meningioma_tumor/m (109).jpg,19711,512,512
train,Meningioma,meningioma_tumor,m (11).jpg,data/raw/Training/meningioma_tumor/m (11).jpg,23971,512,512
train,Meningioma,meningioma_tumor,m (110).jpg,data/raw/Training/meningioma_tumor/m (110).jpg,19512,512,512
train,Meningioma,meningioma_tumor,m (111).jpg,data/raw/Training/meningioma_tumor/m (111).jpg,18010,512,512
train,Meningioma,meningioma_tumor,m (112).jpg,data/raw/Training/meningioma_tumor/m (112).jpg,17751,512,512
train,Meningioma,meningioma_tumor,m (113).jpg,data/raw/Training/meningioma_tumor/m (113).jpg,18053,512,512
train,Meningioma,meningioma_tumor,m (114).jpg,data/raw/Training/meningioma_tumor/m (114).jpg,25787,512,512
train,Meningioma,meningioma_tumor,m (115).jpg,data/raw/Training/meningioma_tumor/m (115).jpg,23337,512,512
train,Meningioma,meningioma_tumor,m (116).jpg,data/raw/Training/meningioma_tumor/m (116).jpg,18047,512,512
train,Meningioma,meningioma_tumor,m (117).jpg,data/raw/Training/meningioma_tumor/m (117).jpg,17259,512,512
train,Meningioma,meningioma_tumor,m (118).jpg,data/raw/Training/meningioma_tumor/m (118).jpg,17413,512,512
train,Meningioma,meningioma_tumor,m (119).jpg,data/raw/Training/meningioma_tumor/m (119).jpg,17674,512,512
train,Meningioma,meningioma_tumor,m (12).jpg,data/raw/Training/meningioma_tumor/m (12).jpg,24654,512,512
train,Meningioma,meningioma_tumor,m (120).jpg,data/raw/Training/meningioma_tumor/m (120).jpg,17700,512,512
train,Meningioma,meningioma_tumor,m (121).jpg,data/raw/Training/meningioma_tumor/m (121).jpg,18554,512,512
train,Meningioma,meningioma_tumor,m (122).jpg,data/raw/Training/meningioma_tumor/m (122).jpg,18940,512,512
train,Meningioma,meningioma_tumor,m (123).jpg,data/raw/Training/meningioma_tumor/m (123).jpg,24352,512,512
train,Meningioma,meningioma_tumor,m (124).jpg,data/raw/Training/meningioma_tumor/m (124).jpg,21776,512,512
train,Meningioma,meningioma_tumor,m (125).jpg,data/raw/Training/meningioma_tumor/m (125).jpg,22246,512,512
train,Meningioma,meningioma_tumor,m (126).jpg,data/raw/Training/meningioma_tumor/m (126).jpg,21930,512,512
train,Meningioma,meningioma_tumor,m (127).jpg,data/raw/Training/meningioma_tumor/m (127).jpg,28797,512,512
train,Meningioma,meningioma_tumor,m (128).jpg,data/raw/Training/meningioma_tumor/m (128).jpg,22726,512,512
train,Meningioma,meningioma_tumor,m (129).jpg,data/raw/Training/meningioma_tumor/m (129).jpg,22157,512,512
train,Meningioma,meningioma_tumor,m (13).jpg,data/raw/Training/meningioma_tumor/m (13).jpg,25225,512,512
train,Meningioma,meningioma_tumor,m (130).jpg,data/raw/Training/meningioma_tumor/m (130).jpg,19660,512,512
train,Meningioma,meningioma_tumor,m (131).jpg,data/raw/Training/meningioma_tumor/m (131).jpg,20977,512,512
train,Meningioma,meningioma_tumor,m (132).jpg,data/raw/Training/meningioma_tumor/m (132).jpg,21094,512,512
train,Meningioma,meningioma_tumor,m (133).jpg,data/raw/Training/meningioma_tumor/m (133).jpg,20301,512,512
train,Meningioma,meningioma_tumor,m (134).jpg,data/raw/Training/meningioma_tumor/m (134).jpg,19173,512,512
train,Meningioma,meningioma_tumor,m (135).jpg,data/raw/Training/meningioma_tumor/m (135).jpg,16668,512,512
train,Meningioma,meningioma_tumor,m (136).jpg,data/raw/Training/meningioma_tumor/m (136).jpg,17432,512,512
train,Meningioma,meningioma_tumor,m (137).jpg,data/raw/Training/meningioma_tumor/m (137).jpg,15470,512,512
train,Meningioma,meningioma_tumor,m (138).jpg,data/raw/Training/meningioma_tumor/m (138).jpg,22290,512,512
train,Meningioma,meningioma_tumor,m (139).jpg,data/raw/Training/meningioma_tumor/m (139).jpg,22387,512,512
train,Meningioma,meningioma_tumor,m (14).jpg,data/raw/Training/meningioma_tumor/m (14).jpg,25936,512,512
train,Meningioma,meningioma_tumor,m (140).jpg,data/raw/Training/meningioma_tumor/m (140).jpg,21361,512,512
train,Meningioma,meningioma_tumor,m (141).jpg,data/raw/Training/meningioma_tumor/m (141).jpg,22180,512,512
train,Meningioma,meningioma_tumor,m (142).jpg,data/raw/Training/meningioma_tumor/m (142).jpg,17558,512,512
train,Meningioma,meningioma_tumor,m (143).jpg,data/raw/Training/meningioma_tumor/m (143).jpg,17656,512,512
train,Meningioma,meningioma_tumor,m (144).jpg,data/raw/Training/meningioma_tumor/m (144).jpg,16209,512,512
train,Meningioma,meningioma_tumor,m (145).jpg,data/raw/Training/meningioma_tumor/m (145).jpg,17600,512,512
train,Meningioma,meningioma_tumor,m (146).jpg,data/raw/Training/meningioma_tumor/m (146).jpg,15950,512,512
train,Meningioma,meningioma_tumor,m (147).jpg,data/raw/Training/meningioma_tumor/m (147).jpg,21764,512,512
train,Meningioma,meningioma_tumor,m (148).jpg,data/raw/Training/meningioma_tumor/m (148).jpg,19587,512,512
train,Meningioma,meningioma_tumor,m (149).jpg,data/raw/Training/meningioma_tumor/m (149).jpg,19036,512,512
train,Meningioma,meningioma_tumor,m (15).jpg,data/raw/Training/meningioma_tumor/m (15).jpg,25578,512,512
train,Meningioma,meningioma_tumor,m (150).jpg,data/raw/Training/meningioma_tumor/m (150).jpg,18554,512,512
train,Meningioma,meningioma_tumor,m (151).jpg,data/raw/Training/meningioma_tumor/m (151).jpg,19275,512,512
train,Meningioma,meningioma_tumor,m (152).jpg,data/raw/Training/meningioma_tumor/m (152).jpg,18660,512,512
train,Meningioma,meningioma_tumor,m (153).jpg,data/raw/Training/meningioma_tumor/m (153).jpg,18420,512,512
train,Meningioma,meningioma_tumor,m (154).jpg,data/raw/Training/meningioma_tumor/m (154).jpg,25582,512,512
train,Meningioma,meningioma_tumor,m (155).jpg,data/raw/Training/meningioma_tumor/m (155).jpg,25078,512,512
train,Meningioma,meningioma_tumor,m (156).jpg,data/raw/Training/meningioma_tumor/m (156).jpg,22521,512,512
train,Meningioma,meningioma_tumor,m (157).jpg,data/raw/Training/meningioma_tumor/m (157).jpg,16993,512,512
train,Meningioma,meningioma_tumor,m (158).jpg,data/raw/Training/meningioma_tumor/m (158).jpg,16372,512,512
train,Meningioma,meningioma_tumor,m (159).jpg,data/raw/Training/meningioma_tumor/m (159).jpg,17650,512,512
train,Meningioma,meningioma_tumor,m (16).jpg,data/raw/Training/meningioma_tumor/m (16).jpg,25131,512,512
train,Meningioma,meningioma_tumor,m (160).jpg,data/raw/Training/meningioma_tumor/m (160).jpg,15804,512,512
train,Meningioma,meningioma_tumor,m (161).jpg,data/raw/Training/meningioma_tumor/m (161).jpg,15672,512,512
train,Meningioma,meningioma_tumor,m (162).jpg,data/raw/Training/meningioma_tumor/m (162).jpg,15574,512,512
train,Meningioma,meningioma_tumor,m (163).jpg,data/raw/Training/meningioma_tumor/m (163).jpg,16858,512,512
train,Meningioma,meningioma_tumor,m (164).jpg,data/raw/Training/meningioma_tumor/m (164).jpg,17493,512,512
train,Meningioma,meningioma_tumor,m (165).jpg,data/raw/Training/meningioma_tumor/m (165).jpg,16689,512,512
train,Meningioma,meningioma_tumor,m (166).jpg,data/raw/Training/meningioma_tumor/m (166).jpg,19407,512,512
train,Meningioma,meningioma_tumor,m (167).jpg,data/raw/Training/meningioma_tumor/m (167).jpg,23292,512,512
train,Meningioma,meningioma_tumor,m (168).jpg,data/raw/Training/meningioma_tumor/m (168).jpg,21714,512,512
train,Meningioma,meningioma_tumor,m (169).jpg,data/raw/Training/meningioma_tumor/m (169).jpg,21478,512,512
train,Meningioma,meningioma_tumor,m (17).jpg,data/raw/Training/meningioma_tumor/m (17).jpg,29456,512,512
train,Meningioma,meningioma_tumor,m (170).jpg,data/raw/Training/meningioma_tumor/m (170).jpg,21037,512,512
train,Meningioma,meningioma_tumor,m (171).jpg,data/raw/Training/meningioma_tumor/m (171).jpg,21679,512,512
train,Meningioma,meningioma_tumor,m (172).jpg,data/raw/Training/meningioma_tumor/m (172).jpg,18612,512,512
train,Meningioma,meningioma_tumor,m (173).jpg,data/raw/Training/meningioma_tumor/m (173).jpg,17705,512,512
train,Meningioma,meningioma_tumor,m (174).jpg,data/raw/Training/meningioma_tumor/m (174).jpg,16631,512,512
train,Meningioma,meningioma_tumor,m (175).jpg,data/raw/Training/meningioma_tumor/m (175).jpg,16207,512,512
train,Meningioma,meningioma_tumor,m (176).jpg,data/raw/Training/meningioma_tumor/m (176).jpg,15919,512,512
train,Meningioma,meningioma_tumor,m (177).jpg,data/raw/Training/meningioma_tumor/m (177).jpg,15824,512,512
train,Meningioma,meningioma_tumor,m (178).jpg,data/raw/Training/meningioma_tumor/m (178).jpg,17566,512,512
train,Meningioma,meningioma_tumor,m (179).jpg,data/raw/Training/meningioma_tumor/m (179).jpg,17735,512,512
train,Meningioma,meningioma_tumor,m (18).jpg,data/raw/Training/meningioma_tumor/m (18).jpg,28503,512,512
train,Meningioma,meningioma_tumor,m (180).jpg,data/raw/Training/meningioma_tumor/m (180).jpg,17102,512,512
train,Meningioma,meningioma_tumor,m (181).jpg,data/raw/Training/meningioma_tumor/m (181).jpg,17970,512,512
train,Meningioma,meningioma_tumor,m (182).jpg,data/raw/Training/meningioma_tumor/m (182).jpg,17877,512,512
train,Meningioma,meningioma_tumor,m (183).jpg,data/raw/Training/meningioma_tumor/m (183).jpg,17877,512,512
train,Meningioma,meningioma_tumor,m (184).jpg,data/raw/Training/meningioma_tumor/m (184).jpg,17432,512,512
train,Meningioma,meningioma_tumor,m (185).jpg,data/raw/Training/meningioma_tumor/m (185).jpg,17198,512,512
train,Meningioma,meningioma_tumor,m (186).jpg,data/raw/Training/meningioma_tumor/m (186).jpg,23931,512,512
train,Meningioma,meningioma_tumor,m (187).jpg,data/raw/Training/meningioma_tumor/m (187).jpg,22727,512,512
train,Meningioma,meningioma_tumor,m (188).jpg,data/raw/Training/meningioma_tumor/m (188).jpg,23766,512,512
train,Meningioma,meningioma_tumor,m (189).jpg,data/raw/Training/meningioma_tumor/m (189).jpg,22381,512,512
train,Meningioma,meningioma_tumor,m (19).jpg,data/raw/Training/meningioma_tumor/m (19).jpg,30799,512,512
train,Meningioma,meningioma_tumor,m (190).jpg,data/raw/Training/meningioma_tumor/m (190).jpg,21636,512,512
train,Meningioma,meningioma_tumor,m (191).jpg,data/raw/Training/meningioma_tumor/m (191).jpg,21473,512,512
train,Meningioma,meningioma_tumor,m (192).jpg,data/raw/Training/meningioma_tumor/m (192).jpg,20070,512,512
train,Meningioma,meningioma_tumor,m (193).jpg,data/raw/Training/meningioma_tumor/m (193).jpg,19440,512,512
train,Meningioma,meningioma_tumor,m (194).jpg,data/raw/Training/meningioma_tumor/m (194).jpg,17567,512,512
train,Meningioma,meningioma_tumor,m (195).jpg,data/raw/Training/meningioma_tumor/m (195).jpg,21244,512,512
train,Meningioma,meningioma_tumor,m (196).jpg,data/raw/Training/meningioma_tumor/m (196).jpg,21207,512,512
train,Meningioma,meningioma_tumor,m (197).jpg,data/raw/Training/meningioma_tumor/m (197).jpg,21336,512,512
train,Meningioma,meningioma_tumor,m (198).jpg,data/raw/Training/meningioma_tumor/m (198).jpg,20609,512,512
train,Meningioma,meningioma_tumor,m (199).jpg,data/raw/Training/meningioma_tumor/m (199).jpg,31118,512,512
train,Meningioma,meningioma_tumor,m (2).jpg,data/raw/Training/meningioma_tumor/m (2).jpg,19869,512,512
train,Meningioma,meningioma_tumor,m (20).jpg,data/raw/Training/meningioma_tumor/m (20).jpg,25062,512,512
train,Meningioma,meningioma_tumor,m (200).jpg,data/raw/Training/meningioma_tumor/m (200).jpg,27500,512,512
train,Meningioma,meningioma_tumor,m (201).jpg,data/raw/Training/meningioma_tumor/m (201).jpg,18391,512,512
train,Meningioma,meningioma_tumor,m (21).jpg,data/raw/Training/meningioma_tumor/m (21).jpg,23520,512,512
train,Meningioma,meningioma_tumor,m (22).jpg,data/raw/Training/meningioma_tumor/m (22).jpg,22882,512,512
train,Meningioma,meningioma_tumor,m (23).jpg,data/raw/Training/meningioma_tumor/m (23).jpg,22651,512,512
train,Meningioma,meningioma_tumor,m (24).jpg,data/raw/Training/meningioma_tumor/m (24).jpg,23519,512,512
train,Meningioma,meningioma_tumor,m (25).jpg,data/raw/Training/meningioma_tumor/m (25).jpg,22168,512,512
train,Meningioma,meningioma_tumor,m (26).jpg,data/raw/Training/meningioma_tumor/m (26).jpg,25811,512,512
train,Meningioma,meningioma_tumor,m (27).jpg,data/raw/Training/meningioma_tumor/m (27).jpg,26446,512,512
train,Meningioma,meningioma_tumor,m (28).jpg,data/raw/Training/meningioma_tumor/m (28).jpg,25652,512,512
train,Meningioma,meningioma_tumor,m (29).jpg,data/raw/Training/meningioma_tumor/m (29).jpg,26121,512,512
train,Meningioma,meningioma_tumor,m (3).jpg,data/raw/Training/meningioma_tumor/m (3).jpg,19400,512,512
train,Meningioma,meningioma_tumor,m (30).jpg,data/raw/Training/meningioma_tumor/m (30).jpg,25309,512,512
train,Meningioma,meningioma_tumor,m (31).jpg,data/raw/Training/meningioma_tumor/m (31).jpg,25278,512,512
train,Meningioma,meningioma_tumor,m (32).jpg,data/raw/Training/meningioma_tumor/m (32).jpg,26671,512,512
train,Meningioma,meningioma_tumor,m (33).jpg,data/raw/Training/meningioma_tumor/m (33).jpg,25989,512,512
train,Meningioma,meningioma_tumor,m (34).jpg,data/raw/Training/meningioma_tumor/m (34).jpg,15387,503,369
train,Meningioma,meningioma_tumor,m (35).jpg,data/raw/Training/meningioma_tumor/m (35).jpg,21455,512,512
train,Meningioma,meningioma_tumor,m (36).jpg,data/raw/Training/meningioma_tumor/m (36).jpg,23088,512,512
train,Meningioma,meningioma_tumor,m (37).jpg,data/raw/Training/meningioma_tumor/m (37).jpg,23309,512,512
train,Meningioma,meningioma_tumor,m (38).jpg,data/raw/Training/meningioma_tumor/m (38).jpg,23586,512,512
train,Meningioma,meningioma_tumor,m (39).jpg,data/raw/Training/meningioma_tumor/m (39).jpg,23704,512,512
train,Meningioma,meningioma_tumor,m (4).jpg,data/raw/Training/meningioma_tumor/m (4).jpg,17773,512,512
train,Meningioma,meningioma_tumor,m (40).jpg,data/raw/Training/meningioma_tumor/m (40).jpg,24833,512,512
train,Meningioma,meningioma_tumor,m (41).jpg,data/raw/Training/meningioma_tumor/m (41).jpg,32612,512,512
train,Meningioma,meningioma_tumor,m (42).jpg,data/raw/Training/meningioma_tumor/m (42).jpg,33144,512,512
train,Meningioma,meningioma_tumor,m (43).jpg,data/raw/Training/meningioma_tumor/m (43).jpg,31563,512,512
train,Meningioma,meningioma_tumor,m (44).jpg,data/raw/Training/meningioma_tumor/m (44).jpg,31649,512,512
train,Meningioma,meningioma_tumor,m (45).jpg,data/raw/Training/meningioma_tumor/m (45).jpg,30750,512,512
train,Meningioma,meningioma_tumor,m (46).jpg,data/raw/Training/meningioma_tumor/m (46).jpg,27221,512,512
train,Meningioma,meningioma_tumor,m (47).jpg,data/raw/Training/meningioma_tumor/m (47).jpg,22908,507,362
train,Meningioma,meningioma_tumor,m (48).jpg,data/raw/Training/meningioma_tumor/m (48).jpg,19050,497,320
train,Meningioma,meningioma_tumor,m (49).jpg,data/raw/Training/meningioma_tumor/m (49).jpg,32556,512,512
train,Meningioma,meningioma_tumor,m (5).jpg,data/raw/Training/meningioma_tumor/m (5).jpg,20122,512,512
train,Meningioma,meningioma_tumor,m (50).jpg,data/raw/Training/meningioma_tumor/m (50).jpg,34254,512,512
train,Meningioma,meningioma_tumor,m (51).jpg,data/raw/Training/meningioma_tumor/m (51).jpg,32951,512,512
train,Meningioma,meningioma_tumor,m (52).jpg,data/raw/Training/meningioma_tumor/m (52).jpg,31755,512,512
train,Meningioma,meningioma_tumor,m (53).jpg,data/raw/Training/meningioma_tumor/m (53).jpg,32887,512,512
train,Meningioma,meningioma_tumor,m (54).jpg,data/raw/Training/meningioma_tumor/m (54).jpg,34197,512,512
train,Meningioma,meningioma_tumor,m (55).jpg,data/raw/Training/meningioma_tumor/m (55).jpg,33471,512,512
train,Meningioma,meningioma_tumor,m (56).jpg,data/raw/Training/meningioma_tumor/m (56).jpg,30628,512,512
train,Meningioma,meningioma_tumor,m (57).jpg,data/raw/Training/meningioma_tumor/m (57).jpg,29384,512,512
train,Meningioma,meningioma_tumor,m (58).jpg,data/raw/Training/meningioma_tumor/m (58).jpg,30760,512,512
train,Meningioma,meningioma_tumor,m (59).jpg,data/raw/Training/meningioma_tumor/m (59).jpg,28907,512,512
train,Meningioma,meningioma_tumor,m (6).jpg,data/raw/Training/meningioma_tumor/m (6).jpg,19165,512,512
train,Meningioma,meningioma_tumor,m (60).jpg,data/raw/Training/meningioma_tumor/m (60).jpg,29979,512,512
train,Meningioma,meningioma_tumor,m (61).jpg,data/raw/Training/meningioma_tumor/m (61).jpg,29722,512,512
train,Meningioma,meningioma_tumor,m (62).jpg,data/raw/Training/meningioma_tumor/m (62).jpg,29463,512,512
train,Meningioma,meningioma_tumor,m (63).jpg,data/raw/Training/meningioma_tumor/m (63).jpg,28320,512,512
train,Meningioma,meningioma_tumor,m (64).jpg,data/raw/Training/meningioma_tumor/m (64).jpg,25519,512,512
train,Meningioma,meningioma_tumor,m (65).jpg,data/raw/Training/meningioma_tumor/m (65).jpg,24844,512,512
train,Meningioma,meningioma_tumor,m (66).jpg,data/raw/Training/meningioma_tumor/m (66).jpg,25102,512,512
train,Meningioma,meningioma_tumor,m (67).jpg,data/raw/Training/meningioma_tumor/m (67).jpg,26924,512,512
train,Meningioma,meningioma_tumor,m (68).jpg,data/raw/Training/meningioma_tumor/m (68).jpg,27377,512,512
train,Meningioma,meningioma_tumor,m (69).jpg,data/raw/Training/meningioma_tumor/m (69).jpg,24072,512,512
train,Meningioma,meningioma_tumor,m (7).jpg,data/raw/Training/meningioma_tumor/m (7).jpg,18622,512,512
train,Meningioma,meningioma_tumor,m (70).jpg,data/raw/Training/meningioma_tumor/m (70).jpg,23052,512,512
train,Meningioma,meningioma_tumor,m (71).jpg,data/raw/Training/meningioma_tumor/m (71).jpg,25188,512,512
train,Meningioma,meningioma_tumor,m (72).jpg,data/raw/Training/meningioma_tumor/m (72).jpg,24631,512,512
train,Meningioma,meningioma_tumor,m (73).jpg,data/raw/Training/meningioma_tumor/m (73).jpg,25689,512,512
train,Meningioma,meningioma_tumor,m (74).jpg,data/raw/Training/meningioma_tumor/m (74).jpg,24393,512,512
train,Meningioma,meningioma_tumor,m (75).jpg,data/raw/Training/meningioma_tumor/m (75).jpg,22612,512,512
train,Meningioma,meningioma_tumor,m (76).jpg,data/raw/Training/meningioma_tumor/m (76).jpg,27548,512,512
train,Meningioma,meningioma_tumor,m (77).jpg,data/raw/Training/meningioma_tumor/m (77).jpg,27623,512,512
train,Meningioma,meningioma_tumor,m (78).jpg,data/raw/Training/meningioma_tumor/m (78).jpg,25886,512,512
train,Meningioma,meningioma_tumor,m (79).jpg,data/raw/Training/meningioma_tumor/m (79).jpg,25775,512,512
train,Meningioma,meningioma_tumor,m (8).jpg,data/raw/Training/meningioma_tumor/m (8).jpg,18477,512,512
train,Meningioma,meningioma_tumor,m (80).jpg,data/raw/Training/meningioma_tumor/m (80).jpg,26628,512,512
train,Meningioma,meningioma_tumor,m (81).jpg,data/raw/Training/meningioma_tumor/m (81).jpg,28791,512,512
train,Meningioma,meningioma_tumor,m (82).jpg,data/raw/Training/meningioma_tumor/m (82).jpg,28836,512,512
train,Meningioma,meningioma_tumor,m (83).jpg,data/raw/Training/meningioma_tumor/m (83).jpg,26213,512,512
train,Meningioma,meningioma_tumor,m (84).jpg,data/raw/Training/meningioma_tumor/m (84).jpg,29477,512,512
train,Meningioma,meningioma_tumor,m (85).jpg,data/raw/Training/meningioma_tumor/m (85).jpg,28412,512,512
train,Meningioma,meningioma_tumor,m (86).jpg,data/raw/Training/meningioma_tumor/m (86).jpg,30875,512,512
train,Meningioma,meningioma_tumor,m (87).jpg,data/raw/Training/meningioma_tumor/m (87).jpg,18963,512,512
train,Meningioma,meningioma_tumor,m (88).jpg,data/raw/Training/meningioma_tumor/m (88).jpg,17781,512,512
train,Meningioma,meningioma_tumor,m (89).jpg,data/raw/Training/meningioma_tumor/m (89).jpg,17393,512,512
train,Meningioma,meningioma_tumor,m (9).jpg,data/raw/Training/meningioma_tumor/m (9).jpg,18052,512,512
train,Meningioma,meningioma_tumor,m (90).jpg,data/raw/Training/meningioma_tumor/m (90).jpg,17569,512,512
train,Meningioma,meningioma_tumor,m (91).jpg,data/raw/Training/meningioma_tumor/m (91).jpg,22957,512,512
train,Meningioma,meningioma_tumor,m (92).jpg,data/raw/Training/meningioma_tumor/m (92).jpg,23088,512,512
train,Meningioma,meningioma_tumor,m (93).jpg,data/raw/Training/meningioma_tumor/m (93).jpg,21920,512,512
train,Meningioma,meningioma_tumor,m (94).jpg,data/raw/Training/meningioma_tumor/m (94).jpg,21663,512,512
train,Meningioma,meningioma_tumor,m (95).jpg,data/raw/Training/meningioma_tumor/m (95).jpg,18776,512,512
train,Meningioma,meningioma_tumor,m (96).jpg,data/raw/Training/meningioma_tumor/m (96).jpg,28613,512,512
train,Meningioma,meningioma_tumor,m (97).jpg,data/raw/Training/meningioma_tumor/m (97).jpg,26694,512,512
train,Meningioma,meningioma_tumor,m (98).jpg,data/raw/Training/meningioma_tumor/m (98).jpg,26168,512,512
train,Meningioma,meningioma_tumor,m (99).jpg,data/raw/Training/meningioma_tumor/m (99).jpg,25580,512,512
train,Meningioma,meningioma_tumor,m1(10).jpg,data/raw/Training/meningioma_tumor/m1(10).jpg,8737,228,221
train,Meningioma,meningioma_tumor,m1(100).jpg,data/raw/Training/meningioma_tumor/m1(100).jpg,8707,213,237
train,Meningioma,meningioma_tumor,m1(101).jpg,data/raw/Training/meningioma_tumor/m1(101).jpg,26281,455,500
train,Meningioma,meningioma_tumor,m1(102).jpg,data/raw/Training/meningioma_tumor/m1(102).jpg,21256,250,270
train,Meningioma,meningioma_tumor,m1(103).jpg,data/raw/Training/meningioma_tumor/m1(103).jpg,47179,472,546
train,Meningioma,meningioma_tumor,m1(104).jpg,data/raw/Training/meningioma_tumor/m1(104).jpg,32429,441,427
train,Meningioma,meningioma_tumor,m1(105).jpg,data/raw/Training/meningioma_tumor/m1(105).jpg,21243,324,284
train,Meningioma,meningioma_tumor,m1(106).jpg,data/raw/Training/meningioma_tumor/m1(106).jpg,71845,485,510
train,Meningioma,meningioma_tumor,m1(107).jpg,data/raw/Training/meningioma_tumor/m1(107).jpg,40788,507,605
train,Meningioma,meningioma_tumor,m1(108).jpg,data/raw/Training/meningioma_tumor/m1(108).jpg,20927,290,339
train,Meningioma,meningioma_tumor,m1(109).jpg,data/raw/Training/meningioma_tumor/m1(109).jpg,16515,338,345
train,Meningioma,meningioma_tumor,m1(11).jpg,data/raw/Training/meningioma_tumor/m1(11).jpg,10788,226,212
train,Meningioma,meningioma_tumor,m1(110).jpg,data/raw/Training/meningioma_tumor/m1(110).jpg,41756,420,264
train,Meningioma,meningioma_tumor,m1(111).jpg,data/raw/Training/meningioma_tumor/m1(111).jpg,23698,554,554
train,Meningioma,meningioma_tumor,m1(112).jpg,data/raw/Training/meningioma_tumor/m1(112).jpg,9972,300,258
train,Meningioma,meningioma_tumor,m1(113).jpg,data/raw/Training/meningioma_tumor/m1(113).jpg,25681,369,398
train,Meningioma,meningioma_tumor,m1(114).jpg,data/raw/Training/meningioma_tumor/m1(114).jpg,56293,591,650
train,Meningioma,meningioma_tumor,m1(116).jpg,data/raw/Training/meningioma_tumor/m1(116).jpg,33098,351,398
train,Meningioma,meningioma_tumor,m1(117).jpg,data/raw/Training/meningioma_tumor/m1(117).jpg,34435,341,377
train,Meningioma,meningioma_tumor,m1(118).jpg,data/raw/Training/meningioma_tumor/m1(118).jpg,26509,491,624
train,Meningioma,meningioma_tumor,m1(119).jpg,data/raw/Training/meningioma_tumor/m1(119).jpg,23980,314,358
train,Meningioma,meningioma_tumor,m1(12).jpg,data/raw/Training/meningioma_tumor/m1(12).jpg,8791,212,237
train,Meningioma,meningioma_tumor,m1(120).jpg,data/raw/Training/meningioma_tumor/m1(120).jpg,20242,257,307
train,Meningioma,meningioma_tumor,m1(121).jpg,data/raw/Training/meningioma_tumor/m1(121).jpg,22860,262,308
train,Meningioma,meningioma_tumor,m1(122).jpg,data/raw/Training/meningioma_tumor/m1(122).jpg,9268,200,223
train,Meningioma,meningioma_tumor,m1(123).jpg,data/raw/Training/meningioma_tumor/m1(123).jpg,24340,300,345
train,Meningioma,meningioma_tumor,m1(124).jpg,data/raw/Training/meningioma_tumor/m1(124).jpg,18781,306,306
train,Meningioma,meningioma_tumor,m1(125).jpg,data/raw/Training/meningioma_tumor/m1(125).jpg,24585,374,370
train,Meningioma,meningioma_tumor,m1(126).jpg,data/raw/Training/meningioma_tumor/m1(126).jpg,13439,201,207
train,Meningioma,meningioma_tumor,m1(127).jpg,data/raw/Training/meningioma_tumor/m1(127).jpg,12216,291,340
train,Meningioma,meningioma_tumor,m1(128).jpg,data/raw/Training/meningioma_tumor/m1(128).jpg,37460,630,423
train,Meningioma,meningioma_tumor,m1(129).jpg,data/raw/Training/meningioma_tumor/m1(129).jpg,14912,318,354
train,Meningioma,meningioma_tumor,m1(13).jpg,data/raw/Training/meningioma_tumor/m1(13).jpg,7468,209,225
train,Meningioma,meningioma_tumor,m1(130).jpg,data/raw/Training/meningioma_tumor/m1(130).jpg,16767,315,341
train,Meningioma,meningioma_tumor,m1(131).jpg,data/raw/Training/meningioma_tumor/m1(131).jpg,16260,286,356
train,Meningioma,meningioma_tumor,m1(132).jpg,data/raw/Training/meningioma_tumor/m1(132).jpg,15883,278,306
train,Meningioma,meningioma_tumor,m1(133).jpg,data/raw/Training/meningioma_tumor/m1(133).jpg,16150,252,303
train,Meningioma,meningioma_tumor,m1(134).jpg,data/raw/Training/meningioma_tumor/m1(134).jpg,26281,455,500
train,Meningioma,meningioma_tumor,m1(135).jpg,data/raw/Training/meningioma_tumor/m1(135).jpg,23728,442,442
train,Meningioma,meningioma_tumor,m1(136).jpg,data/raw/Training/meningioma_tumor/m1(136).jpg,61046,513,522
train,Meningioma,meningioma_tumor,m1(137).jpg,data/raw/Training/meningioma_tumor/m1(137).jpg,23965,312,401
train,Meningioma,meningioma_tumor,m1(138).jpg,data/raw/Training/meningioma_tumor/m1(138).jpg,24073,300,412
train,Meningioma,meningioma_tumor,m1(139).jpg,data/raw/Training/meningioma_tumor/m1(139).jpg,8540,205,251
train,Meningioma,meningioma_tumor,m1(14).jpg,data/raw/Training/meningioma_tumor/m1(14).jpg,23224,512,512
train,Meningioma,meningioma_tumor,m1(140).jpg,data/raw/Training/meningioma_tumor/m1(140).jpg,11006,204,249
train,Meningioma,meningioma_tumor,m1(141).jpg,data/raw/Training/meningioma_tumor/m1(141).jpg,17800,239,224
train,Meningioma,meningioma_tumor,m1(142).jpg,data/raw/Training/meningioma_tumor/m1(142).jpg,15821,323,342
train,Meningioma,meningioma_tumor,m1(143).jpg,data/raw/Training/meningioma_tumor/m1(143).jpg,21232,290,342
train,Meningioma,meningioma_tumor,m1(144).jpg,data/raw/Training/meningioma_tumor/m1(144).jpg,19476,366,395
train,Meningioma,meningioma_tumor,m1(145).jpg,data/raw/Training/meningioma_tumor/m1(145).jpg,30960,416,395
train,Meningioma,meningioma_tumor,m1(146).jpg,data/raw/Training/meningioma_tumor/m1(146).jpg,12755,256,256
train,Meningioma,meningioma_tumor,m1(147).jpg,data/raw/Training/meningioma_tumor/m1(147).jpg,23295,402,396
train,Meningioma,meningioma_tumor,m1(148).jpg,data/raw/Training/meningioma_tumor/m1(148).jpg,19823,369,395
train,Meningioma,meningioma_tumor,m1(149).jpg,data/raw/Training/meningioma_tumor/m1(149).jpg,33124,343,367
train,Meningioma,meningioma_tumor,m1(15).jpg,data/raw/Training/meningioma_tumor/m1(15).jpg,21706,512,512
train,Meningioma,meningioma_tumor,m1(150).jpg,data/raw/Training/meningioma_tumor/m1(150).jpg,26580,313,393
train,Meningioma,meningioma_tumor,m1(151).jpg,data/raw/Training/meningioma_tumor/m1(151).jpg,25925,442,442
train,Meningioma,meningioma_tumor,m1(152).jpg,data/raw/Training/meningioma_tumor/m1(152).jpg,20661,330,355
train,Meningioma,meningioma_tumor,m1(153).jpg,data/raw/Training/meningioma_tumor/m1(153).jpg,24945,442,442
train,Meningioma,meningioma_tumor,m1(154).jpg,data/raw/Training/meningioma_tumor/m1(154).jpg,26037,442,442
train,Meningioma,meningioma_tumor,m1(155).jpg,data/raw/Training/meningioma_tumor/m1(155).jpg,19460,367,395
train,Meningioma,meningioma_tumor,m1(156).jpg,data/raw/Training/meningioma_tumor/m1(156).jpg,34017,411,396
train,Meningioma,meningioma_tumor,m1(157).jpg,data/raw/Training/meningioma_tumor/m1(157).jpg,10634,234,216
train,Meningioma,meningioma_tumor,m1(158).jpg,data/raw/Training/meningioma_tumor/m1(158).jpg,23352,232,261
train,Meningioma,meningioma_tumor,m1(159).jpg,data/raw/Training/meningioma_tumor/m1(159).jpg,33946,645,439
train,Meningioma,meningioma_tumor,m1(16).jpg,data/raw/Training/meningioma_tumor/m1(16).jpg,21706,512,512
train,Meningioma,meningioma_tumor,m1(160).jpg,data/raw/Training/meningioma_tumor/m1(160).jpg,10523,217,232
train,Meningioma,meningioma_tumor,m1(161).jpg,data/raw/Training/meningioma_tumor/m1(161).jpg,45185,329,314
train,Meningioma,meningioma_tumor,m1(162).jpg,data/raw/Training/meningioma_tumor/m1(162).jpg,8563,216,216
train,Meningioma,meningioma_tumor,m1(163).jpg,data/raw/Training/meningioma_tumor/m1(163).jpg,14166,257,248
train,Meningioma,meningioma_tumor,m1(165).jpg,data/raw/Training/meningioma_tumor/m1(165).jpg,13337,206,245
train,Meningioma,meningioma_tumor,m1(166).jpg,data/raw/Training/meningioma_tumor/m1(166).jpg,102858,1149,1019
train,Meningioma,meningioma_tumor,m1(167).jpg,data/raw/Training/meningioma_tumor/m1(167).jpg,38709,722,690
train,Meningioma,meningioma_tumor,m1(168).jpg,data/raw/Training/meningioma_tumor/m1(168).jpg,24063,554,554
train,Meningioma,meningioma_tumor,m1(169).jpg,data/raw/Training/meningioma_tumor/m1(169).jpg,23516,315,315
train,Meningioma,meningioma_tumor,m1(17).jpg,data/raw/Training/meningioma_tumor/m1(17).jpg,22027,512,512
train,Meningioma,meningioma_tumor,m1(170).jpg,data/raw/Training/meningioma_tumor/m1(170).jpg,25923,341,395
train,Meningioma,meningioma_tumor,m1(171).jpg,data/raw/Training/meningioma_tumor/m1(171).jpg,24718,341,372
train,Meningioma,meningioma_tumor,m1(172).jpg,data/raw/Training/meningioma_tumor/m1(172).jpg,25923,341,395
train,Meningioma,meningioma_tumor,m1(173).jpg,data/raw/Training/meningioma_tumor/m1(173).jpg,24412,273,326
train,Meningioma,meningioma_tumor,m1(174).jpg,data/raw/Training/meningioma_tumor/m1(174).jpg,11209,239,248
train,Meningioma,meningioma_tumor,m1(175).jpg,data/raw/Training/meningioma_tumor/m1(175).jpg,18020,289,354
train,Meningioma,meningioma_tumor,m1(176).jpg,data/raw/Training/meningioma_tumor/m1(176).jpg,16642,305,337
train,Meningioma,meningioma_tumor,m1(177).jpg,data/raw/Training/meningioma_tumor/m1(177).jpg,24297,304,410
train,Meningioma,meningioma_tumor,m1(178).jpg,data/raw/Training/meningioma_tumor/m1(178).jpg,10078,208,243
train,Meningioma,meningioma_tumor,m1(179).jpg,data/raw/Training/meningioma_tumor/m1(179).jpg,13287,221,228
train,Meningioma,meningioma_tumor,m1(18).jpg,data/raw/Training/meningioma_tumor/m1(18).jpg,20477,512,512
train,Meningioma,meningioma_tumor,m1(180).jpg,data/raw/Training/meningioma_tumor/m1(180).jpg,9172,200,252
train,Meningioma,meningioma_tumor,m1(181).jpg,data/raw/Training/meningioma_tumor/m1(181).jpg,7285,226,214
train,Meningioma,meningioma_tumor,m1(182).jpg,data/raw/Training/meningioma_tumor/m1(182).jpg,13451,200,236
train,Meningioma,meningioma_tumor,m1(183).jpg,data/raw/Training/meningioma_tumor/m1(183).jpg,8445,238,212
train,Meningioma,meningioma_tumor,m1(184).jpg,data/raw/Training/meningioma_tumor/m1(184).jpg,7865,225,225
train,Meningioma,meningioma_tumor,m1(185).jpg,data/raw/Training/meningioma_tumor/m1(185).jpg,10355,212,238
train,Meningioma,meningioma_tumor,m1(186).jpg,data/raw/Training/meningioma_tumor/m1(186).jpg,8803,215,220
train,Meningioma,meningioma_tumor,m1(187).jpg,data/raw/Training/meningioma_tumor/m1(187).jpg,7177,201,251
train,Meningioma,meningioma_tumor,m1(188).jpg,data/raw/Training/meningioma_tumor/m1(188).jpg,33754,480,480
train,Meningioma,meningioma_tumor,m1(189).jpg,data/raw/Training/meningioma_tumor/m1(189).jpg,9272,212,237
train,Meningioma,meningioma_tumor,m1(19).jpg,data/raw/Training/meningioma_tumor/m1(19).jpg,29427,512,512
train,Meningioma,meningioma_tumor,m1(190).jpg,data/raw/Training/meningioma_tumor/m1(190).jpg,8899,225,225
train,Meningioma,meningioma_tumor,m1(191).jpg,data/raw/Training/meningioma_tumor/m1(191).jpg,5237,225,225
train,Meningioma,meningioma_tumor,m1(192).jpg,data/raw/Training/meningioma_tumor/m1(192).jpg,7007,225,225
train,Meningioma,meningioma_tumor,m1(193).jpg,data/raw/Training/meningioma_tumor/m1(193).jpg,10596,224,219
train,Meningioma,meningioma_tumor,m1(194).jpg,data/raw/Training/meningioma_tumor/m1(194).jpg,9737,200,223
train,Meningioma,meningioma_tumor,m1(195).jpg,data/raw/Training/meningioma_tumor/m1(195).jpg,13746,200,235
train,Meningioma,meningioma_tumor,m1(196).jpg,data/raw/Training/meningioma_tumor/m1(196).jpg,9616,209,241
train,Meningioma,meningioma_tumor,m1(197).jpg,data/raw/Training/meningioma_tumor/m1(197).jpg,10902,211,239
train,Meningioma,meningioma_tumor,m1(198).jpg,data/raw/Training/meningioma_tumor/m1(198).jpg,9125,215,234
train,Meningioma,meningioma_tumor,m1(199).jpg,data/raw/Training/meningioma_tumor/m1(199).jpg,4919,225,225
train,Meningioma,meningioma_tumor,m1(2).jpg,data/raw/Training/meningioma_tumor/m1(2).jpg,9501,201,251
train,Meningioma,meningioma_tumor,m1(20).jpg,data/raw/Training/meningioma_tumor/m1(20).jpg,28735,512,512
train,Meningioma,meningioma_tumor,m1(200).jpg,data/raw/Training/meningioma_tumor/m1(200).jpg,8707,213,237
train,Meningioma,meningioma_tumor,m1(201).jpg,data/raw/Training/meningioma_tumor/m1(201).jpg,7925,214,216
train,Meningioma,meningioma_tumor,m1(202).jpg,data/raw/Training/meningioma_tumor/m1(202).jpg,9501,201,251
train,Meningioma,meningioma_tumor,m1(21).jpg,data/raw/Training/meningioma_tumor/m1(21).jpg,28778,512,512
train,Meningioma,meningioma_tumor,m1(22).jpg,data/raw/Training/meningioma_tumor/m1(22).jpg,16402,512,512
train,Meningioma,meningioma_tumor,m1(23).jpg,data/raw/Training/meningioma_tumor/m1(23).jpg,15114,512,512
train,Meningioma,meningioma_tumor,m1(24).jpg,data/raw/Training/meningioma_tumor/m1(24).jpg,15167,512,512
train,Meningioma,meningioma_tumor,m1(25).jpg,data/raw/Training/meningioma_tumor/m1(25).jpg,13303,512,512
train,Meningioma,meningioma_tumor,m1(26).jpg,data/raw/Training/meningioma_tumor/m1(26).jpg,14579,512,512
train,Meningioma,meningioma_tumor,m1(27).jpg,data/raw/Training/meningioma_tumor/m1(27).jpg,14691,512,512
train,Meningioma,meningioma_tumor,m1(28).jpg,data/raw/Training/meningioma_tumor/m1(28).jpg,23468,512,512
train,Meningioma,meningioma_tumor,m1(29).jpg,data/raw/Training/meningioma_tumor/m1(29).jpg,22824,512,512
train,Meningioma,meningioma_tumor,m1(3).jpg,data/raw/Training/meningioma_tumor/m1(3).jpg,9233,214,235
train,Meningioma,meningioma_tumor,m1(30).jpg,data/raw/Training/meningioma_tumor/m1(30).jpg,23545,512,512
train,Meningioma,meningioma_tumor,m1(31).jpg,data/raw/Training/meningioma_tumor/m1(31).jpg,19555,512,512
train,Meningioma,meningioma_tumor,m1(32).jpg,data/raw/Training/meningioma_tumor/m1(32).jpg,18353,512,512
train,Meningioma,meningioma_tumor,m1(33).jpg,data/raw/Training/meningioma_tumor/m1(33).jpg,19576,512,512
train,Meningioma,meningioma_tumor,m1(34).jpg,data/raw/Training/meningioma_tumor/m1(34).jpg,23188,512,512
train,Meningioma,meningioma_tumor,m1(35).jpg,data/raw/Training/meningioma_tumor/m1(35).jpg,23339,512,512
train,Meningioma,meningioma_tumor,m1(36).jpg,data/raw/Training/meningioma_tumor/m1(36).jpg,19572,512,512
train,Meningioma,meningioma_tumor,m1(37).jpg,data/raw/Training/meningioma_tumor/m1(37).jpg,19122,512,512
train,Meningioma,meningioma_tumor,m1(38).jpg,data/raw/Training/meningioma_tumor/m1(38).jpg,25565,512,512
train,Meningioma,meningioma_tumor,m1(39).jpg,data/raw/Training/meningioma_tumor/m1(39).jpg,23957,512,512
train,Meningioma,meningioma_tumor,m1(4).jpg,data/raw/Training/meningioma_tumor/m1(4).jpg,11372,210,240
train,Meningioma,meningioma_tumor,m1(40).jpg,data/raw/Training/meningioma_tumor/m1(40).jpg,23176,512,512
train,Meningioma,meningioma_tumor,m1(41).jpg,data/raw/Training/meningioma_tumor/m1(41).jpg,22263,512,512
train,Meningioma,meningioma_tumor,m1(42).jpg,data/raw/Training/meningioma_tumor/m1(42).jpg,22618,512,512
train,Meningioma,meningioma_tumor,m1(43).jpg,data/raw/Training/meningioma_tumor/m1(43).jpg,22055,512,512
train,Meningioma,meningioma_tumor,m1(44).jpg,data/raw/Training/meningioma_tumor/m1(44).jpg,32918,512,512
train,Meningioma,meningioma_tumor,m1(45).jpg,data/raw/Training/meningioma_tumor/m1(45).jpg,33334,512,512
train,Meningioma,meningioma_tumor,m1(46).jpg,data/raw/Training/meningioma_tumor/m1(46).jpg,32443,512,512
train,Meningioma,meningioma_tumor,m1(47).jpg,data/raw/Training/meningioma_tumor/m1(47).jpg,31349,512,512
train,Meningioma,meningioma_tumor,m1(48).jpg,data/raw/Training/meningioma_tumor/m1(48).jpg,29598,512,512
train,Meningioma,meningioma_tumor,m1(49).jpg,data/raw/Training/meningioma_tumor/m1(49).jpg,28572,512,512
train,Meningioma,meningioma_tumor,m1(5).jpg,data/raw/Training/meningioma_tumor/m1(5).jpg,6348,225,225
train,Meningioma,meningioma_tumor,m1(50).jpg,data/raw/Training/meningioma_tumor/m1(50).jpg,30513,512,512
train,Meningioma,meningioma_tumor,m1(51).jpg,data/raw/Training/meningioma_tumor/m1(51).jpg,28051,512,512
train,Meningioma,meningioma_tumor,m1(52).jpg,data/raw/Training/meningioma_tumor/m1(52).jpg,28063,512,512
train,Meningioma,meningioma_tumor,m1(53).jpg,data/raw/Training/meningioma_tumor/m1(53).jpg,19241,512,512
train,Meningioma,meningioma_tumor,m1(54).jpg,data/raw/Training/meningioma_tumor/m1(54).jpg,18019,512,512
train,Meningioma,meningioma_tumor,m1(55).jpg,data/raw/Training/meningioma_tumor/m1(55).jpg,18099,512,512
train,Meningioma,meningioma_tumor,m1(56).jpg,data/raw/Training/meningioma_tumor/m1(56).jpg,16681,512,512
train,Meningioma,meningioma_tumor,m1(57).jpg,data/raw/Training/meningioma_tumor/m1(57).jpg,22160,512,512
train,Meningioma,meningioma_tumor,m1(58).jpg,data/raw/Training/meningioma_tumor/m1(58).jpg,22610,512,512
train,Meningioma,meningioma_tumor,m1(59).jpg,data/raw/Training/meningioma_tumor/m1(59).jpg,21143,512,512
train,Meningioma,meningioma_tumor,m1(6).jpg,data/raw/Training/meningioma_tumor/m1(6).jpg,7624,210,240
train,Meningioma,meningioma_tumor,m1(60).jpg,data/raw/Training/meningioma_tumor/m1(60).jpg,20701,512,512
train,Meningioma,meningioma_tumor,m1(61).jpg,data/raw/Training/meningioma_tumor/m1(61).jpg,20292,512,512
train,Meningioma,meningioma_tumor,m1(62).jpg,data/raw/Training/meningioma_tumor/m1(62).jpg,20877,512,512
train,Meningioma,meningioma_tumor,m1(63).jpg,data/raw/Training/meningioma_tumor/m1(63).jpg,20479,512,512
train,Meningioma,meningioma_tumor,m1(64).jpg,data/raw/Training/meningioma_tumor/m1(64).jpg,23572,512,512
train,Meningioma,meningioma_tumor,m1(65).jpg,data/raw/Training/meningioma_tumor/m1(65).jpg,22682,512,512
train,Meningioma,meningioma_tumor,m1(66).jpg,data/raw/Training/meningioma_tumor/m1(66).jpg,17642,512,512
train,Meningioma,meningioma_tumor,m1(67).jpg,data/raw/Training/meningioma_tumor/m1(67).jpg,20850,512,512
train,Meningioma,meningioma_tumor,m1(68).jpg,data/raw/Training/meningioma_tumor/m1(68).jpg,19097,512,512
train,Meningioma,meningioma_tumor,m1(69).jpg,data/raw/Training/meningioma_tumor/m1(69).jpg,25846,512,512
train,Meningioma,meningioma_tumor,m1(7).jpg,data/raw/Training/meningioma_tumor/m1(7).jpg,10992,225,225
train,Meningioma,meningioma_tumor,m1(70).jpg,data/raw/Training/meningioma_tumor/m1(70).jpg,25125,512,512
train,Meningioma,meningioma_tumor,m1(71).jpg,data/raw/Training/meningioma_tumor/m1(71).jpg,25229,512,512
train,Meningioma,meningioma_tumor,m1(72).jpg,data/raw/Training/meningioma_tumor/m1(72).jpg,24782,512,512
train,Meningioma,meningioma_tumor,m1(73).jpg,data/raw/Training/meningioma_tumor/m1(73).jpg,23741,512,512
train,Meningioma,meningioma_tumor,m1(74).jpg,data/raw/Training/meningioma_tumor/m1(74).jpg,18639,512,512
train,Meningioma,meningioma_tumor,m1(75).jpg,data/raw/Training/meningioma_tumor/m1(75).jpg,20870,512,512
train,Meningioma,meningioma_tumor,m1(76).jpg,data/raw/Training/meningioma_tumor/m1(76).jpg,18773,512,512
train,Meningioma,meningioma_tumor,m1(77).jpg,data/raw/Training/meningioma_tumor/m1(77).jpg,18699,512,512
train,Meningioma,meningioma_tumor,m1(78).jpg,data/raw/Training/meningioma_tumor/m1(78).jpg,19553,512,512
train,Meningioma,meningioma_tumor,m1(79).jpg,data/raw/Training/meningioma_tumor/m1(79).jpg,19537,512,512
train,Meningioma,meningioma_tumor,m1(8).jpg,data/raw/Training/meningioma_tumor/m1(8).jpg,10811,213,236
train,Meningioma,meningioma_tumor,m1(80).jpg,data/raw/Training/meningioma_tumor/m1(80).jpg,20741,512,512
train,Meningioma,meningioma_tumor,m1(81).jpg,data/raw/Training/meningioma_tumor/m1(81).jpg,20419,512,512
train,Meningioma,meningioma_tumor,m1(82).jpg,data/raw/Training/meningioma_tumor/m1(82).jpg,19682,512,512
train,Meningioma,meningioma_tumor,m1(83).jpg,data/raw/Training/meningioma_tumor/m1(83).jpg,19372,512,512
train,Meningioma,meningioma_tumor,m1(84).jpg,data/raw/Training/meningioma_tumor/m1(84).jpg,18958,512,512
train,Meningioma,meningioma_tumor,m1(85).jpg,data/raw/Training/meningioma_tumor/m1(85).jpg,19414,512,512
train,Meningioma,meningioma_tumor,m1(86).jpg,data/raw/Training/meningioma_tumor/m1(86).jpg,18417,512,512
train,Meningioma,meningioma_tumor,m1(87).jpg,data/raw/Training/meningioma_tumor/m1(87).jpg,20605,512,512
train,Meningioma,meningioma_tumor,m1(88).jpg,data/raw/Training/meningioma_tumor/m1(88).jpg,20222,512,512
train,Meningioma,meningioma_tumor,m1(89).jpg,data/raw/Training/meningioma_tumor/m1(89).jpg,19584,512,512
train,Meningioma,meningioma_tumor,m1(9).jpg,data/raw/Training/meningioma_tumor/m1(9).jpg,8121,224,216
train,Meningioma,meningioma_tumor,m1(90).jpg,data/raw/Training/meningioma_tumor/m1(90).jpg,23804,295,394
train,Meningioma,meningioma_tumor,m1(91).jpg,data/raw/Training/meningioma_tumor/m1(91).jpg,11958,230,241
train,Meningioma,meningioma_tumor,m1(92).jpg,data/raw/Training/meningioma_tumor/m1(92).jpg,14560,219,234
train,Meningioma,meningioma_tumor,m1(93).jpg,data/raw/Training/meningioma_tumor/m1(93).jpg,8474,202,223
train,Meningioma,meningioma_tumor,m1(94).jpg,data/raw/Training/meningioma_tumor/m1(94).jpg,17444,229,223
train,Meningioma,meningioma_tumor,m1(95).jpg,data/raw/Training/meningioma_tumor/m1(95).jpg,11824,206,249
train,Meningioma,meningioma_tumor,m1(96).jpg,data/raw/Training/meningioma_tumor/m1(96).jpg,24592,530,526
train,Meningioma,meningioma_tumor,m1(97).jpg,data/raw/Training/meningioma_tumor/m1(97).jpg,63183,552,527
train,Meningioma,meningioma_tumor,m1(98).jpg,data/raw/Training/meningioma_tumor/m1(98).jpg,26281,455,500
train,Meningioma,meningioma_tumor,m1(99).jpg,data/raw/Training/meningioma_tumor/m1(99).jpg,24763,298,354
train,Meningioma,meningioma_tumor,m2 (1).jpg,data/raw/Training/meningioma_tumor/m2 (1).jpg,21369,512,512
train,Meningioma,meningioma_tumor,m2 (10).jpg,data/raw/Training/meningioma_tumor/m2 (10).jpg,24314,512,512
train,Meningioma,meningioma_tumor,m2 (100).jpg,data/raw/Training/meningioma_tumor/m2 (100).jpg,22879,512,512
train,Meningioma,meningioma_tumor,m2 (101).jpg,data/raw/Training/meningioma_tumor/m2 (101).jpg,27681,512,512
train,Meningioma,meningioma_tumor,m2 (102).jpg,data/raw/Training/meningioma_tumor/m2 (102).jpg,26034,512,512
train,Meningioma,meningioma_tumor,m2 (103).jpg,data/raw/Training/meningioma_tumor/m2 (103).jpg,26981,512,512
train,Meningioma,meningioma_tumor,m2 (104).jpg,data/raw/Training/meningioma_tumor/m2 (104).jpg,25507,512,512
train,Meningioma,meningioma_tumor,m2 (105).jpg,data/raw/Training/meningioma_tumor/m2 (105).jpg,25338,512,512
train,Meningioma,meningioma_tumor,m2 (106).jpg,data/raw/Training/meningioma_tumor/m2 (106).jpg,26738,512,512
train,Meningioma,meningioma_tumor,m2 (107).jpg,data/raw/Training/meningioma_tumor/m2 (107).jpg,24133,512,512
train,Meningioma,meningioma_tumor,m2 (108).jpg,data/raw/Training/meningioma_tumor/m2 (108).jpg,26092,512,512
train,Meningioma,meningioma_tumor,m2 (109).jpg,data/raw/Training/meningioma_tumor/m2 (109).jpg,26660,512,512
train,Meningioma,meningioma_tumor,m2 (11).jpg,data/raw/Training/meningioma_tumor/m2 (11).jpg,24001,512,512
train,Meningioma,meningioma_tumor,m2 (110).jpg,data/raw/Training/meningioma_tumor/m2 (110).jpg,27598,512,512
train,Meningioma,meningioma_tumor,m2 (111).jpg,data/raw/Training/meningioma_tumor/m2 (111).jpg,25901,512,512
train,Meningioma,meningioma_tumor,m2 (112).jpg,data/raw/Training/meningioma_tumor/m2 (112).jpg,26473,512,512
train,Meningioma,meningioma_tumor,m2 (113).jpg,data/raw/Training/meningioma_tumor/m2 (113).jpg,26194,512,512
train,Meningioma,meningioma_tumor,m2 (114).jpg,data/raw/Training/meningioma_tumor/m2 (114).jpg,24406,512,512
train,Meningioma,meningioma_tumor,m2 (115).jpg,data/raw/Training/meningioma_tumor/m2 (115).jpg,22315,512,512
train,Meningioma,meningioma_tumor,m2 (116).jpg,data/raw/Training/meningioma_tumor/m2 (116).jpg,20941,512,512
train,Meningioma,meningioma_tumor,m2 (117).jpg,data/raw/Training/meningioma_tumor/m2 (117).jpg,25498,512,512
train,Meningioma,meningioma_tumor,m2 (118).jpg,data/raw/Training/meningioma_tumor/m2 (118).jpg,24752,512,512
train,Meningioma,meningioma_tumor,m2 (119).jpg,data/raw/Training/meningioma_tumor/m2 (119).jpg,23220,512,512
train,Meningioma,meningioma_tumor,m2 (12).jpg,data/raw/Training/meningioma_tumor/m2 (12).jpg,23744,512,512
train,Meningioma,meningioma_tumor,m2 (120).jpg,data/raw/Training/meningioma_tumor/m2 (120).jpg,24240,512,512
train,Meningioma,meningioma_tumor,m2 (121).jpg,data/raw/Training/meningioma_tumor/m2 (121).jpg,24014,512,512
train,Meningioma,meningioma_tumor,m2 (122).jpg,data/raw/Training/meningioma_tumor/m2 (122).jpg,25288,512,512
train,Meningioma,meningioma_tumor,m2 (123).jpg,data/raw/Training/meningioma_tumor/m2 (123).jpg,23456,512,512
train,Meningioma,meningioma_tumor,m2 (124).jpg,data/raw/Training/meningioma_tumor/m2 (124).jpg,24764,512,512
train,Meningioma,meningioma_tumor,m2 (125).jpg,data/raw/Training/meningioma_tumor/m2 (125).jpg,26442,512,512
train,Meningioma,meningioma_tumor,m2 (126).jpg,data/raw/Training/meningioma_tumor/m2 (126).jpg,23679,512,512
train,Meningioma,meningioma_tumor,m2 (127).jpg,data/raw/Training/meningioma_tumor/m2 (127).jpg,25689,512,512
train,Meningioma,meningioma_tumor,m2 (128).jpg,data/raw/Training/meningioma_tumor/m2 (128).jpg,26234,512,512
train,Meningioma,meningioma_tumor,m2 (129).jpg,data/raw/Training/meningioma_tumor/m2 (129).jpg,23468,512,512
train,Meningioma,meningioma_tumor,m2 (13).jpg,data/raw/Training/meningioma_tumor/m2 (13).jpg,23937,512,512
train,Meningioma,meningioma_tumor,m2 (130).jpg,data/raw/Training/meningioma_tumor/m2 (130).jpg,34167,512,512
train,Meningioma,meningioma_tumor,m2 (131).jpg,data/raw/Training/meningioma_tumor/m2 (131).jpg,33876,512,512
train,Meningioma,meningioma_tumor,m2 (132).jpg,data/raw/Training/meningioma_tumor/m2 (132).jpg,31494,512,512
train,Meningioma,meningioma_tumor,m2 (133).jpg,data/raw/Training/meningioma_tumor/m2 (133).jpg,33042,512,512
train,Meningioma,meningioma_tumor,m2 (134).jpg,data/raw/Training/meningioma_tumor/m2 (134).jpg,28922,512,512
train,Meningioma,meningioma_tumor,m2 (135).jpg,data/raw/Training/meningioma_tumor/m2 (135).jpg,28199,512,512
train,Meningioma,meningioma_tumor,m2 (136).jpg,data/raw/Training/meningioma_tumor/m2 (136).jpg,30307,512,512
train,Meningioma,meningioma_tumor,m2 (137).jpg,data/raw/Training/meningioma_tumor/m2 (137).jpg,29775,512,512
train,Meningioma,meningioma_tumor,m2 (138).jpg,data/raw/Training/meningioma_tumor/m2 (138).jpg,23876,512,512
train,Meningioma,meningioma_tumor,m2 (139).jpg,data/raw/Training/meningioma_tumor/m2 (139).jpg,25194,512,512
train,Meningioma,meningioma_tumor,m2 (14).jpg,data/raw/Training/meningioma_tumor/m2 (14).jpg,21706,512,512
train,Meningioma,meningioma_tumor,m2 (140).jpg,data/raw/Training/meningioma_tumor/m2 (140).jpg,24829,512,512
train,Meningioma,meningioma_tumor,m2 (141).jpg,data/raw/Training/meningioma_tumor/m2 (141).jpg,24783,512,512
train,Meningioma,meningioma_tumor,m2 (142).jpg,data/raw/Training/meningioma_tumor/m2 (142).jpg,22015,512,512
train,Meningioma,meningioma_tumor,m2 (143).jpg,data/raw/Training/meningioma_tumor/m2 (143).jpg,22921,512,512
train,Meningioma,meningioma_tumor,m2 (144).jpg,data/raw/Training/meningioma_tumor/m2 (144).jpg,22429,512,512
train,Meningioma,meningioma_tumor,m2 (145).jpg,data/raw/Training/meningioma_tumor/m2 (145).jpg,23514,512,512
train,Meningioma,meningioma_tumor,m2 (146).jpg,data/raw/Training/meningioma_tumor/m2 (146).jpg,22614,512,512
train,Meningioma,meningioma_tumor,m2 (147).jpg,data/raw/Training/meningioma_tumor/m2 (147).jpg,24380,512,512
train,Meningioma,meningioma_tumor,m2 (148).jpg,data/raw/Training/meningioma_tumor/m2 (148).jpg,25873,512,512
train,Meningioma,meningioma_tumor,m2 (149).jpg,data/raw/Training/meningioma_tumor/m2 (149).jpg,26888,512,512
train,Meningioma,meningioma_tumor,m2 (15).jpg,data/raw/Training/meningioma_tumor/m2 (15).jpg,20400,512,512
train,Meningioma,meningioma_tumor,m2 (150).jpg,data/raw/Training/meningioma_tumor/m2 (150).jpg,27971,512,512
train,Meningioma,meningioma_tumor,m2 (151).jpg,data/raw/Training/meningioma_tumor/m2 (151).jpg,21514,512,512
train,Meningioma,meningioma_tumor,m2 (152).jpg,data/raw/Training/meningioma_tumor/m2 (152).jpg,19740,512,512
train,Meningioma,meningioma_tumor,m2 (153).jpg,data/raw/Training/meningioma_tumor/m2 (153).jpg,18497,512,512
train,Meningioma,meningioma_tumor,m2 (154).jpg,data/raw/Training/meningioma_tumor/m2 (154).jpg,17048,512,512
train,Meningioma,meningioma_tumor,m2 (155).jpg,data/raw/Training/meningioma_tumor/m2 (155).jpg,26164,512,512
train,Meningioma,meningioma_tumor,m2 (156).jpg,data/raw/Training/meningioma_tumor/m2 (156).jpg,25298,512,512
train,Meningioma,meningioma_tumor,m2 (157).jpg,data/raw/Training/meningioma_tumor/m2 (157).jpg,24542,512,512
train,Meningioma,meningioma_tumor,m2 (158).jpg,data/raw/Training/meningioma_tumor/m2 (158).jpg,25946,512,512
train,Meningioma,meningioma_tumor,m2 (159).jpg,data/raw/Training/meningioma_tumor/m2 (159).jpg,25647,512,512
train,Meningioma,meningioma_tumor,m2 (16).jpg,data/raw/Training/meningioma_tumor/m2 (16).jpg,28705,512,512
train,Meningioma,meningioma_tumor,m2 (160).jpg,data/raw/Training/meningioma_tumor/m2 (160).jpg,26196,512,512
train,Meningioma,meningioma_tumor,m2 (161).jpg,data/raw/Training/meningioma_tumor/m2 (161).jpg,25591,512,512
train,Meningioma,meningioma_tumor,m2 (162).jpg,data/raw/Training/meningioma_tumor/m2 (162).jpg,25000,512,512
train,Meningioma,meningioma_tumor,m2 (163).jpg,data/raw/Training/meningioma_tumor/m2 (163).jpg,26002,512,512
train,Meningioma,meningioma_tumor,m2 (164).jpg,data/raw/Training/meningioma_tumor/m2 (164).jpg,25267,512,512
train,Meningioma,meningioma_tumor,m2 (165).jpg,data/raw/Training/meningioma_tumor/m2 (165).jpg,26848,512,512
train,Meningioma,meningioma_tumor,m2 (166).jpg,data/raw/Training/meningioma_tumor/m2 (166).jpg,24693,512,512
train,Meningioma,meningioma_tumor,m2 (167).jpg,data/raw/Training/meningioma_tumor/m2 (167).jpg,25537,512,512
train,Meningioma,meningioma_tumor,m2 (168).jpg,data/raw/Training/meningioma_tumor/m2 (168).jpg,25741,512,512
train,Meningioma,meningioma_tumor,m2 (169).jpg,data/raw/Training/meningioma_tumor/m2 (169).jpg,25441,512,512
train,Meningioma,meningioma_tumor,m2 (17).jpg,data/raw/Training/meningioma_tumor/m2 (17).jpg,26757,512,512
train,Meningioma,meningioma_tumor,m2 (170).jpg,data/raw/Training/meningioma_tumor/m2 (170).jpg,26224,512,512
train,Meningioma,meningioma_tumor,m2 (171).jpg,data/raw/Training/meningioma_tumor/m2 (171).jpg,24675,512,512
train,Meningioma,meningioma_tumor,m2 (172).jpg,data/raw/Training/meningioma_tumor/m2 (172).jpg,23855,512,512
train,Meningioma,meningioma_tumor,m2 (173).jpg,data/raw/Training/meningioma_tumor/m2 (173).jpg,22434,512,512
train,Meningioma,meningioma_tumor,m2 (174).jpg,data/raw/Training/meningioma_tumor/m2 (174).jpg,20858,512,512
train,Meningioma,meningioma_tumor,m2 (175).jpg,data/raw/Training/meningioma_tumor/m2 (175).jpg,23128,512,512
train,Meningioma,meningioma_tumor,m2 (176).jpg,data/raw/Training/meningioma_tumor/m2 (176).jpg,23931,512,512
train,Meningioma,meningioma_tumor,m2 (177).jpg,data/raw/Training/meningioma_tumor/m2 (177).jpg,23724,512,512
train,Meningioma,meningioma_tumor,m2 (18).jpg,data/raw/Training/meningioma_tumor/m2 (18).jpg,26878,512,512
train,Meningioma,meningioma_tumor,m2 (19).jpg,data/raw/Training/meningioma_tumor/m2 (19).jpg,24213,512,512
train,Meningioma,meningioma_tumor,m2 (2).jpg,data/raw/Training/meningioma_tumor/m2 (2).jpg,23154,512,512
train,Meningioma,meningioma_tumor,m2 (20).jpg,data/raw/Training/meningioma_tumor/m2 (20).jpg,24172,512,512
train,Meningioma,meningioma_tumor,m2 (21).jpg,data/raw/Training/meningioma_tumor/m2 (21).jpg,22877,512,512
train,Meningioma,meningioma_tumor,m2 (22).jpg,data/raw/Training/meningioma_tumor/m2 (22).jpg,29029,512,512
train,Meningioma,meningioma_tumor,m2 (23).jpg,data/raw/Training/meningioma_tumor/m2 (23).jpg,28404,512,512
train,Meningioma,meningioma_tumor,m2 (24).jpg,data/raw/Training/meningioma_tumor/m2 (24).jpg,28649,512,512
train,Meningioma,meningioma_tumor,m2 (25).jpg,data/raw/Training/meningioma_tumor/m2 (25).jpg,27878,512,512
train,Meningioma,meningioma_tumor,m2 (26).jpg,data/raw/Training/meningioma_tumor/m2 (26).jpg,22191,512,512
train,Meningioma,meningioma_tumor,m2 (27).jpg,data/raw/Training/meningioma_tumor/m2 (27).jpg,21089,512,512
train,Meningioma,meningioma_tumor,m2 (28).jpg,data/raw/Training/meningioma_tumor/m2 (28).jpg,19039,512,512
train,Meningioma,meningioma_tumor,m2 (29).jpg,data/raw/Training/meningioma_tumor/m2 (29).jpg,17578,512,512
train,Meningioma,meningioma_tumor,m2 (3).jpg,data/raw/Training/meningioma_tumor/m2 (3).jpg,31459,512,512
train,Meningioma,meningioma_tumor,m2 (30).jpg,data/raw/Training/meningioma_tumor/m2 (30).jpg,25154,512,512
train,Meningioma,meningioma_tumor,m2 (31).jpg,data/raw/Training/meningioma_tumor/m2 (31).jpg,25163,512,512
train,Meningioma,meningioma_tumor,m2 (32).jpg,data/raw/Training/meningioma_tumor/m2 (32).jpg,26889,512,512
train,Meningioma,meningioma_tumor,m2 (33).jpg,data/raw/Training/meningioma_tumor/m2 (33).jpg,27693,512,512
train,Meningioma,meningioma_tumor,m2 (34).jpg,data/raw/Training/meningioma_tumor/m2 (34).jpg,26156,512,512
train,Meningioma,meningioma_tumor,m2 (35).jpg,data/raw/Training/meningioma_tumor/m2 (35).jpg,22808,512,512
train,Meningioma,meningioma_tumor,m2 (36).jpg,data/raw/Training/meningioma_tumor/m2 (36).jpg,22631,512,512
train,Meningioma,meningioma_tumor,m2 (37).jpg,data/raw/Training/meningioma_tumor/m2 (37).jpg,26955,512,512
train,Meningioma,meningioma_tumor,m2 (38).jpg,data/raw/Training/meningioma_tumor/m2 (38).jpg,24689,512,512
train,Meningioma,meningioma_tumor,m2 (39).jpg,data/raw/Training/meningioma_tumor/m2 (39).jpg,27381,512,512
train,Meningioma,meningioma_tumor,m2 (4).jpg,data/raw/Training/meningioma_tumor/m2 (4).jpg,32459,512,512
train,Meningioma,meningioma_tumor,m2 (40).jpg,data/raw/Training/meningioma_tumor/m2 (40).jpg,26430,512,512
train,Meningioma,meningioma_tumor,m2 (41).jpg,data/raw/Training/meningioma_tumor/m2 (41).jpg,26646,512,512
train,Meningioma,meningioma_tumor,m2 (42).jpg,data/raw/Training/meningioma_tumor/m2 (42).jpg,27784,512,512
train,Meningioma,meningioma_tumor,m2 (43).jpg,data/raw/Training/meningioma_tumor/m2 (43).jpg,28275,512,512
train,Meningioma,meningioma_tumor,m2 (44).jpg,data/raw/Training/meningioma_tumor/m2 (44).jpg,20039,512,512
train,Meningioma,meningioma_tumor,m2 (45).jpg,data/raw/Training/meningioma_tumor/m2 (45).jpg,27156,512,512
train,Meningioma,meningioma_tumor,m2 (46).jpg,data/raw/Training/meningioma_tumor/m2 (46).jpg,26018,512,512
train,Meningioma,meningioma_tumor,m2 (47).jpg,data/raw/Training/meningioma_tumor/m2 (47).jpg,24519,512,512
train,Meningioma,meningioma_tumor,m2 (48).jpg,data/raw/Training/meningioma_tumor/m2 (48).jpg,21402,512,512
train,Meningioma,meningioma_tumor,m2 (49).jpg,data/raw/Training/meningioma_tumor/m2 (49).jpg,23358,512,512
train,Meningioma,meningioma_tumor,m2 (5).jpg,data/raw/Training/meningioma_tumor/m2 (5).jpg,33434,512,512
train,Meningioma,meningioma_tumor,m2 (50).jpg,data/raw/Training/meningioma_tumor/m2 (50).jpg,25405,512,512
train,Meningioma,meningioma_tumor,m2 (51).jpg,data/raw/Training/meningioma_tumor/m2 (51).jpg,26213,512,512
train,Meningioma,meningioma_tumor,m2 (52).jpg,data/raw/Training/meningioma_tumor/m2 (52).jpg,25595,512,512
train,Meningioma,meningioma_tumor,m2 (53).jpg,data/raw/Training/meningioma_tumor/m2 (53).jpg,26598,512,512
train,Meningioma,meningioma_tumor,m2 (54).jpg,data/raw/Training/meningioma_tumor/m2 (54).jpg,26870,512,512
train,Meningioma,meningioma_tumor,m2 (55).jpg,data/raw/Training/meningioma_tumor/m2 (55).jpg,34663,512,512
train,Meningioma,meningioma_tumor,m2 (56).jpg,data/raw/Training/meningioma_tumor/m2 (56).jpg,27687,512,512
train,Meningioma,meningioma_tumor,m2 (57).jpg,data/raw/Training/meningioma_tumor/m2 (57).jpg,29628,512,512
train,Meningioma,meningioma_tumor,m2 (58).jpg,data/raw/Training/meningioma_tumor/m2 (58).jpg,30822,512,512
train,Meningioma,meningioma_tumor,m2 (59).jpg,data/raw/Training/meningioma_tumor/m2 (59).jpg,29749,512,512
train,Meningioma,meningioma_tumor,m2 (6).jpg,data/raw/Training/meningioma_tumor/m2 (6).jpg,30256,512,512
train,Meningioma,meningioma_tumor,m2 (60).jpg,data/raw/Training/meningioma_tumor/m2 (60).jpg,30291,512,512
train,Meningioma,meningioma_tumor,m2 (61).jpg,data/raw/Training/meningioma_tumor/m2 (61).jpg,26887,512,512
train,Meningioma,meningioma_tumor,m2 (62).jpg,data/raw/Training/meningioma_tumor/m2 (62).jpg,25660,512,512
train,Meningioma,meningioma_tumor,m2 (63).jpg,data/raw/Training/meningioma_tumor/m2 (63).jpg,24548,512,512
train,Meningioma,meningioma_tumor,m2 (64).jpg,data/raw/Training/meningioma_tumor/m2 (64).jpg,24603,512,512
train,Meningioma,meningioma_tumor,m2 (65).jpg,data/raw/Training/meningioma_tumor/m2 (65).jpg,27036,512,512
train,Meningioma,meningioma_tumor,m2 (66).jpg,data/raw/Training/meningioma_tumor/m2 (66).jpg,28633,512,512
train,Meningioma,meningioma_tumor,m2 (67).jpg,data/raw/Training/meningioma_tumor/m2 (67).jpg,32285,512,512
train,Meningioma,meningioma_tumor,m2 (68).jpg,data/raw/Training/meningioma_tumor/m2 (68).jpg,33446,512,512
train,Meningioma,meningioma_tumor,m2 (69).jpg,data/raw/Training/meningioma_tumor/m2 (69).jpg,32902,512,512
train,Meningioma,meningioma_tumor,m2 (7).jpg,data/raw/Training/meningioma_tumor/m2 (7).jpg,20570,512,512
train,Meningioma,meningioma_tumor,m2 (70).jpg,data/raw/Training/meningioma_tumor/m2 (70).jpg,30959,512,512
train,Meningioma,meningioma_tumor,m2 (71).jpg,data/raw/Training/meningioma_tumor/m2 (71).jpg,29511,512,512
train,Meningioma,meningioma_tumor,m2 (72).jpg,data/raw/Training/meningioma_tumor/m2 (72).jpg,31741,512,512
train,Meningioma,meningioma_tumor,m2 (73).jpg,data/raw/Training/meningioma_tumor/m2 (73).jpg,31641,512,512
train,Meningioma,meningioma_tumor,m2 (74).jpg,data/raw/Training/meningioma_tumor/m2 (74).jpg,29689,512,512
train,Meningioma,meningioma_tumor,m2 (75).jpg,data/raw/Training/meningioma_tumor/m2 (75).jpg,28287,512,512
train,Meningioma,meningioma_tumor,m2 (76).jpg,data/raw/Training/meningioma_tumor/m2 (76).jpg,26413,512,512
train,Meningioma,meningioma_tumor,m2 (77).jpg,data/raw/Training/meningioma_tumor/m2 (77).jpg,31963,512,512
train,Meningioma,meningioma_tumor,m2 (78).jpg,data/raw/Training/meningioma_tumor/m2 (78).jpg,31705,512,512
train,Meningioma,meningioma_tumor,m2 (79).jpg,data/raw/Training/meningioma_tumor/m2 (79).jpg,20416,512,512
train,Meningioma,meningioma_tumor,m2 (8).jpg,data/raw/Training/meningioma_tumor/m2 (8).jpg,21754,512,512
train,Meningioma,meningioma_tumor,m2 (80).jpg,data/raw/Training/meningioma_tumor/m2 (80).jpg,18817,512,512
train,Meningioma,meningioma_tumor,m2 (81).jpg,data/raw/Training/meningioma_tumor/m2 (81).jpg,14644,507,340
train,Meningioma,meningioma_tumor,m2 (82).jpg,data/raw/Training/meningioma_tumor/m2 (82).jpg,22553,512,512
train,Meningioma,meningioma_tumor,m2 (83).jpg,data/raw/Training/meningioma_tumor/m2 (83).jpg,21528,512,512
train,Meningioma,meningioma_tumor,m2 (84).jpg,data/raw/Training/meningioma_tumor/m2 (84).jpg,24797,512,512
train,Meningioma,meningioma_tumor,m2 (85).jpg,data/raw/Training/meningioma_tumor/m2 (85).jpg,25618,512,512
train,Meningioma,meningioma_tumor,m2 (86).jpg,data/raw/Training/meningioma_tumor/m2 (86).jpg,25857,512,512
train,Meningioma,meningioma_tumor,m2 (87).jpg,data/raw/Training/meningioma_tumor/m2 (87).jpg,26056,512,512
train,Meningioma,meningioma_tumor,m2 (88).jpg,data/raw/Training/meningioma_tumor/m2 (88).jpg,22983,512,512
train,Meningioma,meningioma_tumor,m2 (89).jpg,data/raw/Training/meningioma_tumor/m2 (89).jpg,23033,512,512
train,Meningioma,meningioma_tumor,m2 (9).jpg,data/raw/Training/meningioma_tumor/m2 (9).jpg,23592,512,512
train,Meningioma,meningioma_tumor,m2 (90).jpg,data/raw/Training/meningioma_tumor/m2 (90).jpg,24225,512,512
train,Meningioma,meningioma_tumor,m2 (91).jpg,data/raw/Training/meningioma_tumor/m2 (91).jpg,25606,512,512
train,Meningioma,meningioma_tumor,m2 (92).jpg,data/raw/Training/meningioma_tumor/m2 (92).jpg,24559,512,512
train,Meningioma,meningioma_tumor,m2 (93).jpg,data/raw/Training/meningioma_tumor/m2 (93).jpg,24611,512,512
train,Meningioma,meningioma_tumor,m2 (94).jpg,data/raw/Training/meningioma_tumor/m2 (94).jpg,25418,512,512
train,Meningioma,meningioma_tumor,m2 (95).jpg,data/raw/Training/meningioma_tumor/m2 (95).jpg,24296,512,512
train,Meningioma,meningioma_tumor,m2 (96).jpg,data/raw/Training/meningioma_tumor/m2 (96).jpg,24275,512,512
train,Meningioma,meningioma_tumor,m2 (97).jpg,data/raw/Training/meningioma_tumor/m2 (97).jpg,22591,512,512
train,Meningioma,meningioma_tumor,m2 (98).jpg,data/raw/Training/meningioma_tumor/m2 (98).jpg,20394,512,512
train,Meningioma,meningioma_tumor,m2 (99).jpg,data/raw/Training/meningioma_tumor/m2 (99).jpg,18938,512,512
train,Meningioma,meningioma_tumor,m3 (1).jpg,data/raw/Training/meningioma_tumor/m3 (1).jpg,28931,512,512
train,Meningioma,meningioma_tumor,m3 (10).jpg,data/raw/Training/meningioma_tumor/m3 (10).jpg,24094,512,512
train,Meningioma,meningioma_tumor,m3 (100).jpg,data/raw/Training/meningioma_tumor/m3 (100).jpg,29261,512,512
train,Meningioma,meningioma_tumor,m3 (101).jpg,data/raw/Training/meningioma_tumor/m3 (101).jpg,29399,512,512
train,Meningioma,meningioma_tumor,m3 (102).jpg,data/raw/Training/meningioma_tumor/m3 (102).jpg,28565,512,512
train,Meningioma,meningioma_tumor,m3 (103).jpg,data/raw/Training/meningioma_tumor/m3 (103).jpg,28546,512,512
train,Meningioma,meningioma_tumor,m3 (104).jpg,data/raw/Training/meningioma_tumor/m3 (104).jpg,28758,512,512
train,Meningioma,meningioma_tumor,m3 (105).jpg,data/raw/Training/meningioma_tumor/m3 (105).jpg,27955,512,512
train,Meningioma,meningioma_tumor,m3 (106).jpg,data/raw/Training/meningioma_tumor/m3 (106).jpg,28141,512,512
train,Meningioma,meningioma_tumor,m3 (107).jpg,data/raw/Training/meningioma_tumor/m3 (107).jpg,32890,512,512
train,Meningioma,meningioma_tumor,m3 (108).jpg,data/raw/Training/meningioma_tumor/m3 (108).jpg,32402,512,512
train,Meningioma,meningioma_tumor,m3 (109).jpg,data/raw/Training/meningioma_tumor/m3 (109).jpg,32620,512,512
train,Meningioma,meningioma_tumor,m3 (11).jpg,data/raw/Training/meningioma_tumor/m3 (11).jpg,23972,512,512
train,Meningioma,meningioma_tumor,m3 (110).jpg,data/raw/Training/meningioma_tumor/m3 (110).jpg,31239,512,512
train,Meningioma,meningioma_tumor,m3 (111).jpg,data/raw/Training/meningioma_tumor/m3 (111).jpg,30295,512,512
train,Meningioma,meningioma_tumor,m3 (112).jpg,data/raw/Training/meningioma_tumor/m3 (112).jpg,26708,512,512
train,Meningioma,meningioma_tumor,m3 (113).jpg,data/raw/Training/meningioma_tumor/m3 (113).jpg,29824,512,512
train,Meningioma,meningioma_tumor,m3 (114).jpg,data/raw/Training/meningioma_tumor/m3 (114).jpg,29517,512,512
train,Meningioma,meningioma_tumor,m3 (115).jpg,data/raw/Training/meningioma_tumor/m3 (115).jpg,27418,512,512
train,Meningioma,meningioma_tumor,m3 (116).jpg,data/raw/Training/meningioma_tumor/m3 (116).jpg,28736,512,512
train,Meningioma,meningioma_tumor,m3 (117).jpg,data/raw/Training/meningioma_tumor/m3 (117).jpg,27323,512,512
train,Meningioma,meningioma_tumor,m3 (118).jpg,data/raw/Training/meningioma_tumor/m3 (118).jpg,26675,512,512
train,Meningioma,meningioma_tumor,m3 (119).jpg,data/raw/Training/meningioma_tumor/m3 (119).jpg,25447,512,512
train,Meningioma,meningioma_tumor,m3 (12).jpg,data/raw/Training/meningioma_tumor/m3 (12).jpg,23649,512,512
train,Meningioma,meningioma_tumor,m3 (120).jpg,data/raw/Training/meningioma_tumor/m3 (120).jpg,25326,512,512
train,Meningioma,meningioma_tumor,m3 (121).jpg,data/raw/Training/meningioma_tumor/m3 (121).jpg,23938,512,512
train,Meningioma,meningioma_tumor,m3 (122).jpg,data/raw/Training/meningioma_tumor/m3 (122).jpg,29117,512,512
train,Meningioma,meningioma_tumor,m3 (123).jpg,data/raw/Training/meningioma_tumor/m3 (123).jpg,28919,512,512
train,Meningioma,meningioma_tumor,m3 (124).jpg,data/raw/Training/meningioma_tumor/m3 (124).jpg,28291,512,512
train,Meningioma,meningioma_tumor,m3 (125).jpg,data/raw/Training/meningioma_tumor/m3 (125).jpg,27431,512,512
train,Meningioma,meningioma_tumor,m3 (126).jpg,data/raw/Training/meningioma_tumor/m3 (126).jpg,25253,512,512
train,Meningioma,meningioma_tumor,m3 (127).jpg,data/raw/Training/meningioma_tumor/m3 (127).jpg,29450,512,512
train,Meningioma,meningioma_tumor,m3 (128).jpg,data/raw/Training/meningioma_tumor/m3 (128).jpg,18197,512,512
train,Meningioma,meningioma_tumor,m3 (129).jpg,data/raw/Training/meningioma_tumor/m3 (129).jpg,25147,512,512
train,Meningioma,meningioma_tumor,m3 (13).jpg,data/raw/Training/meningioma_tumor/m3 (13).jpg,22088,512,512
train,Meningioma,meningioma_tumor,m3 (130).jpg,data/raw/Training/meningioma_tumor/m3 (130).jpg,7426,180,218
train,Meningioma,meningioma_tumor,m3 (131).jpg,data/raw/Training/meningioma_tumor/m3 (131).jpg,9289,225,225
train,Meningioma,meningioma_tumor,m3 (132).jpg,data/raw/Training/meningioma_tumor/m3 (132).jpg,29545,374,456
train,Meningioma,meningioma_tumor,m3 (133).jpg,data/raw/Training/meningioma_tumor/m3 (133).jpg,32942,450,446
train,Meningioma,meningioma_tumor,m3 (134).jpg,data/raw/Training/meningioma_tumor/m3 (134).jpg,18651,306,365
train,Meningioma,meningioma_tumor,m3 (135).jpg,data/raw/Training/meningioma_tumor/m3 (135).jpg,233049,1275,1427
train,Meningioma,meningioma_tumor,m3 (136).jpg,data/raw/Training/meningioma_tumor/m3 (136).jpg,9455,216,234
train,Meningioma,meningioma_tumor,m3 (137).jpg,data/raw/Training/meningioma_tumor/m3 (137).jpg,7269,226,223
train,Meningioma,meningioma_tumor,m3 (138).jpg,data/raw/Training/meningioma_tumor/m3 (138).jpg,128685,825,993
train,Meningioma,meningioma_tumor,m3 (139).jpg,data/raw/Training/meningioma_tumor/m3 (139).jpg,26347,300,359
train,Meningioma,meningioma_tumor,m3 (14).jpg,data/raw/Training/meningioma_tumor/m3 (14).jpg,20709,512,512
train,Meningioma,meningioma_tumor,m3 (140).jpg,data/raw/Training/meningioma_tumor/m3 (140).jpg,12130,264,336
train,Meningioma,meningioma_tumor,m3 (141).jpg,data/raw/Training/meningioma_tumor/m3 (141).jpg,17423,254,325
train,Meningioma,meningioma_tumor,m3 (142).jpg,data/raw/Training/meningioma_tumor/m3 (142).jpg,13881,272,331
train,Meningioma,meningioma_tumor,m3 (143).jpg,data/raw/Training/meningioma_tumor/m3 (143).jpg,10871,257,320
train,Meningioma,meningioma_tumor,m3 (145).jpg,data/raw/Training/meningioma_tumor/m3 (145).jpg,29787,528,581
train,Meningioma,meningioma_tumor,m3 (146).jpg,data/raw/Training/meningioma_tumor/m3 (146).jpg,59684,534,674
train,Meningioma,meningioma_tumor,m3 (147).jpg,data/raw/Training/meningioma_tumor/m3 (147).jpg,30786,512,512
train,Meningioma,meningioma_tumor,m3 (148).jpg,data/raw/Training/meningioma_tumor/m3 (148).jpg,30581,512,512
train,Meningioma,meningioma_tumor,m3 (149).jpg,data/raw/Training/meningioma_tumor/m3 (149).jpg,28379,512,512
train,Meningioma,meningioma_tumor,m3 (15).jpg,data/raw/Training/meningioma_tumor/m3 (15).jpg,24690,512,512
train,Meningioma,meningioma_tumor,m3 (150).jpg,data/raw/Training/meningioma_tumor/m3 (150).jpg,28490,512,512
train,Meningioma,meningioma_tumor,m3 (151).jpg,data/raw/Training/meningioma_tumor/m3 (151).jpg,31348,512,512
train,Meningioma,meningioma_tumor,m3 (152).jpg,data/raw/Training/meningioma_tumor/m3 (152).jpg,26660,512,512
train,Meningioma,meningioma_tumor,m3 (153).jpg,data/raw/Training/meningioma_tumor/m3 (153).jpg,25571,512,512
train,Meningioma,meningioma_tumor,m3 (154).jpg,data/raw/Training/meningioma_tumor/m3 (154).jpg,25355,512,512
train,Meningioma,meningioma_tumor,m3 (155).jpg,data/raw/Training/meningioma_tumor/m3 (155).jpg,25452,512,512
train,Meningioma,meningioma_tumor,m3 (156).jpg,data/raw/Training/meningioma_tumor/m3 (156).jpg,25967,512,512
train,Meningioma,meningioma_tumor,m3 (157).jpg,data/raw/Training/meningioma_tumor/m3 (157).jpg,25080,512,512
train,Meningioma,meningioma_tumor,m3 (158).jpg,data/raw/Training/meningioma_tumor/m3 (158).jpg,28158,512,512
train,Meningioma,meningioma_tumor,m3 (159).jpg,data/raw/Training/meningioma_tumor/m3 (159).jpg,27479,512,512
train,Meningioma,meningioma_tumor,m3 (16).jpg,data/raw/Training/meningioma_tumor/m3 (16).jpg,25134,512,512
train,Meningioma,meningioma_tumor,m3 (160).jpg,data/raw/Training/meningioma_tumor/m3 (160).jpg,29053,512,512
train,Meningioma,meningioma_tumor,m3 (161).jpg,data/raw/Training/meningioma_tumor/m3 (161).jpg,32085,512,512
train,Meningioma,meningioma_tumor,m3 (162).jpg,data/raw/Training/meningioma_tumor/m3 (162).jpg,29575,512,512
train,Meningioma,meningioma_tumor,m3 (163).jpg,data/raw/Training/meningioma_tumor/m3 (163).jpg,29391,512,512
train,Meningioma,meningioma_tumor,m3 (164).jpg,data/raw/Training/meningioma_tumor/m3 (164).jpg,28082,512,512
train,Meningioma,meningioma_tumor,m3 (165).jpg,data/raw/Training/meningioma_tumor/m3 (165).jpg,28082,512,512
train,Meningioma,meningioma_tumor,m3 (166).jpg,data/raw/Training/meningioma_tumor/m3 (166).jpg,27400,512,512
train,Meningioma,meningioma_tumor,m3 (167).jpg,data/raw/Training/meningioma_tumor/m3 (167).jpg,29355,512,512
train,Meningioma,meningioma_tumor,m3 (168).jpg,data/raw/Training/meningioma_tumor/m3 (168).jpg,30158,512,512
train,Meningioma,meningioma_tumor,m3 (169).jpg,data/raw/Training/meningioma_tumor/m3 (169).jpg,25465,512,512
train,Meningioma,meningioma_tumor,m3 (17).jpg,data/raw/Training/meningioma_tumor/m3 (17).jpg,26576,512,512
train,Meningioma,meningioma_tumor,m3 (170).jpg,data/raw/Training/meningioma_tumor/m3 (170).jpg,30992,512,512
train,Meningioma,meningioma_tumor,m3 (171).jpg,data/raw/Training/meningioma_tumor/m3 (171).jpg,31376,512,512
train,Meningioma,meningioma_tumor,m3 (172).jpg,data/raw/Training/meningioma_tumor/m3 (172).jpg,30585,512,512
train,Meningioma,meningioma_tumor,m3 (173).jpg,data/raw/Training/meningioma_tumor/m3 (173).jpg,33717,512,512
train,Meningioma,meningioma_tumor,m3 (174).jpg,data/raw/Training/meningioma_tumor/m3 (174).jpg,30718,512,512
train,Meningioma,meningioma_tumor,m3 (175).jpg,data/raw/Training/meningioma_tumor/m3 (175).jpg,32576,512,512
train,Meningioma,meningioma_tumor,m3 (176).jpg,data/raw/Training/meningioma_tumor/m3 (176).jpg,31021,512,512
train,Meningioma,meningioma_tumor,m3 (177).jpg,data/raw/Training/meningioma_tumor/m3 (177).jpg,31135,512,512
train,Meningioma,meningioma_tumor,m3 (178).jpg,data/raw/Training/meningioma_tumor/m3 (178).jpg,30907,512,512
train,Meningioma,meningioma_tumor,m3 (179).jpg,data/raw/Training/meningioma_tumor/m3 (179).jpg,26386,512,512
train,Meningioma,meningioma_tumor,m3 (18).jpg,data/raw/Training/meningioma_tumor/m3 (18).jpg,30771,512,512
train,Meningioma,meningioma_tumor,m3 (180).jpg,data/raw/Training/meningioma_tumor/m3 (180).jpg,27086,512,512
train,Meningioma,meningioma_tumor,m3 (181).jpg,data/raw/Training/meningioma_tumor/m3 (181).jpg,26978,512,512
train,Meningioma,meningioma_tumor,m3 (182).jpg,data/raw/Training/meningioma_tumor/m3 (182).jpg,28786,512,512
train,Meningioma,meningioma_tumor,m3 (183).jpg,data/raw/Training/meningioma_tumor/m3 (183).jpg,20749,512,512
train,Meningioma,meningioma_tumor,m3 (184).jpg,data/raw/Training/meningioma_tumor/m3 (184).jpg,24937,512,512
train,Meningioma,meningioma_tumor,m3 (185).jpg,data/raw/Training/meningioma_tumor/m3 (185).jpg,25052,512,512
train,Meningioma,meningioma_tumor,m3 (186).jpg,data/raw/Training/meningioma_tumor/m3 (186).jpg,26993,512,512
train,Meningioma,meningioma_tumor,m3 (187).jpg,data/raw/Training/meningioma_tumor/m3 (187).jpg,24768,512,512
train,Meningioma,meningioma_tumor,m3 (188).jpg,data/raw/Training/meningioma_tumor/m3 (188).jpg,25765,512,512
train,Meningioma,meningioma_tumor,m3 (189).jpg,data/raw/Training/meningioma_tumor/m3 (189).jpg,25722,512,512
train,Meningioma,meningioma_tumor,m3 (19).jpg,data/raw/Training/meningioma_tumor/m3 (19).jpg,25788,512,512
train,Meningioma,meningioma_tumor,m3 (190).jpg,data/raw/Training/meningioma_tumor/m3 (190).jpg,25040,512,512
train,Meningioma,meningioma_tumor,m3 (191).jpg,data/raw/Training/meningioma_tumor/m3 (191).jpg,27013,512,512
train,Meningioma,meningioma_tumor,m3 (192).jpg,data/raw/Training/meningioma_tumor/m3 (192).jpg,25538,512,512
train,Meningioma,meningioma_tumor,m3 (193).jpg,data/raw/Training/meningioma_tumor/m3 (193).jpg,33105,512,512
train,Meningioma,meningioma_tumor,m3 (194).jpg,data/raw/Training/meningioma_tumor/m3 (194).jpg,31097,512,512
train,Meningioma,meningioma_tumor,m3 (195).jpg,data/raw/Training/meningioma_tumor/m3 (195).jpg,29532,512,512
train,Meningioma,meningioma_tumor,m3 (196).jpg,data/raw/Training/meningioma_tumor/m3 (196).jpg,36228,512,512
train,Meningioma,meningioma_tumor,m3 (197).jpg,data/raw/Training/meningioma_tumor/m3 (197).jpg,35491,512,512
train,Meningioma,meningioma_tumor,m3 (198).jpg,data/raw/Training/meningioma_tumor/m3 (198).jpg,35040,512,512
train,Meningioma,meningioma_tumor,m3 (199).jpg,data/raw/Training/meningioma_tumor/m3 (199).jpg,33194,512,512
train,Meningioma,meningioma_tumor,m3 (2).jpg,data/raw/Training/meningioma_tumor/m3 (2).jpg,22810,512,512
train,Meningioma,meningioma_tumor,m3 (20).jpg,data/raw/Training/meningioma_tumor/m3 (20).jpg,25676,512,512
train,Meningioma,meningioma_tumor,m3 (200).jpg,data/raw/Training/meningioma_tumor/m3 (200).jpg,25021,512,512
train,Meningioma,meningioma_tumor,m3 (201).jpg,data/raw/Training/meningioma_tumor/m3 (201).jpg,26659,512,512
train,Meningioma,meningioma_tumor,m3 (202).jpg,data/raw/Training/meningioma_tumor/m3 (202).jpg,29373,512,512
train,Meningioma,meningioma_tumor,m3 (203).jpg,data/raw/Training/meningioma_tumor/m3 (203).jpg,29166,512,512
train,Meningioma,meningioma_tumor,m3 (204).jpg,data/raw/Training/meningioma_tumor/m3 (204).jpg,23207,512,512
train,Meningioma,meningioma_tumor,m3 (205).jpg,data/raw/Training/meningioma_tumor/m3 (205).jpg,23573,512,512
train,Meningioma,meningioma_tumor,m3 (206).jpg,data/raw/Training/meningioma_tumor/m3 (206).jpg,27030,512,512
train,Meningioma,meningioma_tumor,m3 (207).jpg,data/raw/Training/meningioma_tumor/m3 (207).jpg,27659,512,512
train,Meningioma,meningioma_tumor,m3 (208).jpg,data/raw/Training/meningioma_tumor/m3 (208).jpg,26777,512,512
train,Meningioma,meningioma_tumor,m3 (209).jpg,data/raw/Training/meningioma_tumor/m3 (209).jpg,27075,512,512
train,Meningioma,meningioma_tumor,m3 (21).jpg,data/raw/Training/meningioma_tumor/m3 (21).jpg,31954,512,512
train,Meningioma,meningioma_tumor,m3 (210).jpg,data/raw/Training/meningioma_tumor/m3 (210).jpg,30106,512,512
train,Meningioma,meningioma_tumor,m3 (211).jpg,data/raw/Training/meningioma_tumor/m3 (211).jpg,29298,512,512
train,Meningioma,meningioma_tumor,m3 (212).jpg,data/raw/Training/meningioma_tumor/m3 (212).jpg,21283,512,512
train,Meningioma,meningioma_tumor,m3 (213).jpg,data/raw/Training/meningioma_tumor/m3 (213).jpg,22631,512,512
train,Meningioma,meningioma_tumor,m3 (214).jpg,data/raw/Training/meningioma_tumor/m3 (214).jpg,30221,512,512
train,Meningioma,meningioma_tumor,m3 (215).jpg,data/raw/Training/meningioma_tumor/m3 (215).jpg,28778,512,512
train,Meningioma,meningioma_tumor,m3 (216).jpg,data/raw/Training/meningioma_tumor/m3 (216).jpg,29022,512,512
train,Meningioma,meningioma_tumor,m3 (217).jpg,data/raw/Training/meningioma_tumor/m3 (217).jpg,28300,512,512
train,Meningioma,meningioma_tumor,m3 (218).jpg,data/raw/Training/meningioma_tumor/m3 (218).jpg,27757,512,512
train,Meningioma,meningioma_tumor,m3 (219).jpg,data/raw/Training/meningioma_tumor/m3 (219).jpg,27613,512,512
train,Meningioma,meningioma_tumor,m3 (22).jpg,data/raw/Training/meningioma_tumor/m3 (22).jpg,31914,512,512
train,Meningioma,meningioma_tumor,m3 (220).jpg,data/raw/Training/meningioma_tumor/m3 (220).jpg,27284,512,512
train,Meningioma,meningioma_tumor,m3 (221).jpg,data/raw/Training/meningioma_tumor/m3 (221).jpg,25379,512,512
train,Meningioma,meningioma_tumor,m3 (222).jpg,data/raw/Training/meningioma_tumor/m3 (222).jpg,31963,512,512
train,Meningioma,meningioma_tumor,m3 (223).jpg,data/raw/Training/meningioma_tumor/m3 (223).jpg,31585,512,512
train,Meningioma,meningioma_tumor,m3 (224).jpg,data/raw/Training/meningioma_tumor/m3 (224).jpg,32134,512,512
train,Meningioma,meningioma_tumor,m3 (225).jpg,data/raw/Training/meningioma_tumor/m3 (225).jpg,29099,512,512
train,Meningioma,meningioma_tumor,m3 (226).jpg,data/raw/Training/meningioma_tumor/m3 (226).jpg,29360,512,512
train,Meningioma,meningioma_tumor,m3 (227).jpg,data/raw/Training/meningioma_tumor/m3 (227).jpg,27326,512,512
train,Meningioma,meningioma_tumor,m3 (228).jpg,data/raw/Training/meningioma_tumor/m3 (228).jpg,27001,512,512
train,Meningioma,meningioma_tumor,m3 (229).jpg,data/raw/Training/meningioma_tumor/m3 (229).jpg,28169,512,512
train,Meningioma,meningioma_tumor,m3 (23).jpg,data/raw/Training/meningioma_tumor/m3 (23).jpg,32501,512,512
train,Meningioma,meningioma_tumor,m3 (230).jpg,data/raw/Training/meningioma_tumor/m3 (230).jpg,28302,512,512
train,Meningioma,meningioma_tumor,m3 (231).jpg,data/raw/Training/meningioma_tumor/m3 (231).jpg,20736,512,512
train,Meningioma,meningioma_tumor,m3 (232).jpg,data/raw/Training/meningioma_tumor/m3 (232).jpg,24900,512,512
train,Meningioma,meningioma_tumor,m3 (233).jpg,data/raw/Training/meningioma_tumor/m3 (233).jpg,25098,512,512
train,Meningioma,meningioma_tumor,m3 (234).jpg,data/raw/Training/meningioma_tumor/m3 (234).jpg,26522,512,512
train,Meningioma,meningioma_tumor,m3 (235).jpg,data/raw/Training/meningioma_tumor/m3 (235).jpg,21065,512,512
train,Meningioma,meningioma_tumor,m3 (236).jpg,data/raw/Training/meningioma_tumor/m3 (236).jpg,23481,512,512
train,Meningioma,meningioma_tumor,m3 (237).jpg,data/raw/Training/meningioma_tumor/m3 (237).jpg,26596,512,512
train,Meningioma,meningioma_tumor,m3 (238).jpg,data/raw/Training/meningioma_tumor/m3 (238).jpg,29030,512,512
train,Meningioma,meningioma_tumor,m3 (239).jpg,data/raw/Training/meningioma_tumor/m3 (239).jpg,28221,512,512
train,Meningioma,meningioma_tumor,m3 (24).jpg,data/raw/Training/meningioma_tumor/m3 (24).jpg,32444,512,512
train,Meningioma,meningioma_tumor,m3 (240).jpg,data/raw/Training/meningioma_tumor/m3 (240).jpg,28685,512,512
train,Meningioma,meningioma_tumor,m3 (241).jpg,data/raw/Training/meningioma_tumor/m3 (241).jpg,27488,512,512
train,Meningioma,meningioma_tumor,m3 (242).jpg,data/raw/Training/meningioma_tumor/m3 (242).jpg,25844,512,512
train,Meningioma,meningioma_tumor,m3 (243).jpg,data/raw/Training/meningioma_tumor/m3 (243).jpg,27288,512,512
train,Meningioma,meningioma_tumor,m3 (244).jpg,data/raw/Training/meningioma_tumor/m3 (244).jpg,24302,512,512
train,Meningioma,meningioma_tumor,m3 (245).jpg,data/raw/Training/meningioma_tumor/m3 (245).jpg,29389,512,512
train,Meningioma,meningioma_tumor,m3 (246).jpg,data/raw/Training/meningioma_tumor/m3 (246).jpg,30006,512,512
train,Meningioma,meningioma_tumor,m3 (247).jpg,data/raw/Training/meningioma_tumor/m3 (247).jpg,27731,512,512
train,Meningioma,meningioma_tumor,m3 (25).jpg,data/raw/Training/meningioma_tumor/m3 (25).jpg,26586,512,512
train,Meningioma,meningioma_tumor,m3 (26).jpg,data/raw/Training/meningioma_tumor/m3 (26).jpg,26454,512,512
train,Meningioma,meningioma_tumor,m3 (27).jpg,data/raw/Training/meningioma_tumor/m3 (27).jpg,28087,512,512
train,Meningioma,meningioma_tumor,m3 (28).jpg,data/raw/Training/meningioma_tumor/m3 (28).jpg,28145,512,512
train,Meningioma,meningioma_tumor,m3 (29).jpg,data/raw/Training/meningioma_tumor/m3 (29).jpg,30259,512,512
train,Meningioma,meningioma_tumor,m3 (3).jpg,data/raw/Training/meningioma_tumor/m3 (3).jpg,28717,512,512
train,Meningioma,meningioma_tumor,m3 (30).jpg,data/raw/Training/meningioma_tumor/m3 (30).jpg,28806,512,512
train,Meningioma,meningioma_tumor,m3 (31).jpg,data/raw/Training/meningioma_tumor/m3 (31).jpg,27695,512,512
train,Meningioma,meningioma_tumor,m3 (32).jpg,data/raw/Training/meningioma_tumor/m3 (32).jpg,27828,512,512
train,Meningioma,meningioma_tumor,m3 (33).jpg,data/raw/Training/meningioma_tumor/m3 (33).jpg,28017,512,512
train,Meningioma,meningioma_tumor,m3 (34).jpg,data/raw/Training/meningioma_tumor/m3 (34).jpg,26999,512,512
train,Meningioma,meningioma_tumor,m3 (35).jpg,data/raw/Training/meningioma_tumor/m3 (35).jpg,25675,512,512
train,Meningioma,meningioma_tumor,m3 (36).jpg,data/raw/Training/meningioma_tumor/m3 (36).jpg,23029,512,512
train,Meningioma,meningioma_tumor,m3 (37).jpg,data/raw/Training/meningioma_tumor/m3 (37).jpg,27174,512,512
train,Meningioma,meningioma_tumor,m3 (38).jpg,data/raw/Training/meningioma_tumor/m3 (38).jpg,26692,512,512
train,Meningioma,meningioma_tumor,m3 (39).jpg,data/raw/Training/meningioma_tumor/m3 (39).jpg,28820,512,512
train,Meningioma,meningioma_tumor,m3 (4).jpg,data/raw/Training/meningioma_tumor/m3 (4).jpg,27231,512,512
train,Meningioma,meningioma_tumor,m3 (40).jpg,data/raw/Training/meningioma_tumor/m3 (40).jpg,22833,512,512
train,Meningioma,meningioma_tumor,m3 (41).jpg,data/raw/Training/meningioma_tumor/m3 (41).jpg,24971,512,512
train,Meningioma,meningioma_tumor,m3 (42).jpg,data/raw/Training/meningioma_tumor/m3 (42).jpg,28596,512,512
train,Meningioma,meningioma_tumor,m3 (43).jpg,data/raw/Training/meningioma_tumor/m3 (43).jpg,26940,512,512
train,Meningioma,meningioma_tumor,m3 (44).jpg,data/raw/Training/meningioma_tumor/m3 (44).jpg,27437,512,512
train,Meningioma,meningioma_tumor,m3 (45).jpg,data/raw/Training/meningioma_tumor/m3 (45).jpg,26746,512,512
train,Meningioma,meningioma_tumor,m3 (46).jpg,data/raw/Training/meningioma_tumor/m3 (46).jpg,27348,512,512
train,Meningioma,meningioma_tumor,m3 (47).jpg,data/raw/Training/meningioma_tumor/m3 (47).jpg,26179,512,512
train,Meningioma,meningioma_tumor,m3 (48).jpg,data/raw/Training/meningioma_tumor/m3 (48).jpg,26719,512,512
train,Meningioma,meningioma_tumor,m3 (49).jpg,data/raw/Training/meningioma_tumor/m3 (49).jpg,27146,512,512
train,Meningioma,meningioma_tumor,m3 (5).jpg,data/raw/Training/meningioma_tumor/m3 (5).jpg,29100,512,512
train,Meningioma,meningioma_tumor,m3 (50).jpg,data/raw/Training/meningioma_tumor/m3 (50).jpg,27648,512,512
train,Meningioma,meningioma_tumor,m3 (51).jpg,data/raw/Training/meningioma_tumor/m3 (51).jpg,25892,512,512
train,Meningioma,meningioma_tumor,m3 (52).jpg,data/raw/Training/meningioma_tumor/m3 (52).jpg,27652,512,512
train,Meningioma,meningioma_tumor,m3 (53).jpg,data/raw/Training/meningioma_tumor/m3 (53).jpg,27270,512,512
train,Meningioma,meningioma_tumor,m3 (54).jpg,data/raw/Training/meningioma_tumor/m3 (54).jpg,29554,512,512
train,Meningioma,meningioma_tumor,m3 (55).jpg,data/raw/Training/meningioma_tumor/m3 (55).jpg,31367,512,512
train,Meningioma,meningioma_tumor,m3 (56).jpg,data/raw/Training/meningioma_tumor/m3 (56).jpg,25671,512,512
train,Meningioma,meningioma_tumor,m3 (57).jpg,data/raw/Training/meningioma_tumor/m3 (57).jpg,24812,512,512
train,Meningioma,meningioma_tumor,m3 (58).jpg,data/raw/Training/meningioma_tumor/m3 (58).jpg,20829,512,512
train,Meningioma,meningioma_tumor,m3 (59).jpg,data/raw/Training/meningioma_tumor/m3 (59).jpg,26772,512,512
train,Meningioma,meningioma_tumor,m3 (6).jpg,data/raw/Training/meningioma_tumor/m3 (6).jpg,29967,512,512
train,Meningioma,meningioma_tumor,m3 (60).jpg,data/raw/Training/meningioma_tumor/m3 (60).jpg,28196,512,512
train,Meningioma,meningioma_tumor,m3 (61).jpg,data/raw/Training/meningioma_tumor/m3 (61).jpg,28622,512,512
train,Meningioma,meningioma_tumor,m3 (62).jpg,data/raw/Training/meningioma_tumor/m3 (62).jpg,27615,512,512
train,Meningioma,meningioma_tumor,m3 (63).jpg,data/raw/Training/meningioma_tumor/m3 (63).jpg,28541,512,512
train,Meningioma,meningioma_tumor,m3 (64).jpg,data/raw/Training/meningioma_tumor/m3 (64).jpg,30255,512,512
train,Meningioma,meningioma_tumor,m3 (65).jpg,data/raw/Training/meningioma_tumor/m3 (65).jpg,30163,512,512
train,Meningioma,meningioma_tumor,m3 (66).jpg,data/raw/Training/meningioma_tumor/m3 (66).jpg,30042,512,512
train,Meningioma,meningioma_tumor,m3 (67).jpg,data/raw/Training/meningioma_tumor/m3 (67).jpg,31610,512,512
train,Meningioma,meningioma_tumor,m3 (68).jpg,data/raw/Training/meningioma_tumor/m3 (68).jpg,17809,512,512
train,Meningioma,meningioma_tumor,m3 (69).jpg,data/raw/Training/meningioma_tumor/m3 (69).jpg,20719,512,512
train,Meningioma,meningioma_tumor,m3 (7).jpg,data/raw/Training/meningioma_tumor/m3 (7).jpg,20030,512,512
train,Meningioma,meningioma_tumor,m3 (70).jpg,data/raw/Training/meningioma_tumor/m3 (70).jpg,22413,512,512
train,Meningioma,meningioma_tumor,m3 (71).jpg,data/raw/Training/meningioma_tumor/m3 (71).jpg,23102,512,512
train,Meningioma,meningioma_tumor,m3 (72).jpg,data/raw/Training/meningioma_tumor/m3 (72).jpg,24349,512,512
train,Meningioma,meningioma_tumor,m3 (73).jpg,data/raw/Training/meningioma_tumor/m3 (73).jpg,24110,512,512
train,Meningioma,meningioma_tumor,m3 (74).jpg,data/raw/Training/meningioma_tumor/m3 (74).jpg,25862,512,512
train,Meningioma,meningioma_tumor,m3 (75).jpg,data/raw/Training/meningioma_tumor/m3 (75).jpg,28997,512,512
train,Meningioma,meningioma_tumor,m3 (76).jpg,data/raw/Training/meningioma_tumor/m3 (76).jpg,28746,512,512
train,Meningioma,meningioma_tumor,m3 (77).jpg,data/raw/Training/meningioma_tumor/m3 (77).jpg,30153,512,512
train,Meningioma,meningioma_tumor,m3 (78).jpg,data/raw/Training/meningioma_tumor/m3 (78).jpg,31567,512,512
train,Meningioma,meningioma_tumor,m3 (79).jpg,data/raw/Training/meningioma_tumor/m3 (79).jpg,28590,512,512
train,Meningioma,meningioma_tumor,m3 (8).jpg,data/raw/Training/meningioma_tumor/m3 (8).jpg,27010,512,512
train,Meningioma,meningioma_tumor,m3 (80).jpg,data/raw/Training/meningioma_tumor/m3 (80).jpg,27577,512,512
train,Meningioma,meningioma_tumor,m3 (81).jpg,data/raw/Training/meningioma_tumor/m3 (81).jpg,27019,512,512
train,Meningioma,meningioma_tumor,m3 (82).jpg,data/raw/Training/meningioma_tumor/m3 (82).jpg,25600,512,512
train,Meningioma,meningioma_tumor,m3 (83).jpg,data/raw/Training/meningioma_tumor/m3 (83).jpg,26488,512,512
train,Meningioma,meningioma_tumor,m3 (84).jpg,data/raw/Training/meningioma_tumor/m3 (84).jpg,26497,512,512
train,Meningioma,meningioma_tumor,m3 (85).jpg,data/raw/Training/meningioma_tumor/m3 (85).jpg,26391,512,512
train,Meningioma,meningioma_tumor,m3 (86).jpg,data/raw/Training/meningioma_tumor/m3 (86).jpg,29302,512,512
train,Meningioma,meningioma_tumor,m3 (87).jpg,data/raw/Training/meningioma_tumor/m3 (87).jpg,30493,512,512
train,Meningioma,meningioma_tumor,m3 (88).jpg,data/raw/Training/meningioma_tumor/m3 (88).jpg,30458,512,512
train,Meningioma,meningioma_tumor,m3 (89).jpg,data/raw/Training/meningioma_tumor/m3 (89).jpg,29692,512,512
train,Meningioma,meningioma_tumor,m3 (9).jpg,data/raw/Training/meningioma_tumor/m3 (9).jpg,26523,512,512
train,Meningioma,meningioma_tumor,m3 (90).jpg,data/raw/Training/meningioma_tumor/m3 (90).jpg,30338,512,512
train,Meningioma,meningioma_tumor,m3 (91).jpg,data/raw/Training/meningioma_tumor/m3 (91).jpg,31624,512,512
train,Meningioma,meningioma_tumor,m3 (92).jpg,data/raw/Training/meningioma_tumor/m3 (92).jpg,30846,512,512
train,Meningioma,meningioma_tumor,m3 (93).jpg,data/raw/Training/meningioma_tumor/m3 (93).jpg,28119,512,512
train,Meningioma,meningioma_tumor,m3 (94).jpg,data/raw/Training/meningioma_tumor/m3 (94).jpg,25795,512,512
train,Meningioma,meningioma_tumor,m3 (95).jpg,data/raw/Training/meningioma_tumor/m3 (95).jpg,26146,512,512
train,Meningioma,meningioma_tumor,m3 (96).jpg,data/raw/Training/meningioma_tumor/m3 (96).jpg,28290,512,512
train,Meningioma,meningioma_tumor,m3 (97).jpg,data/raw/Training/meningioma_tumor/m3 (97).jpg,25695,512,512
train,Meningioma,meningioma_tumor,m3 (98).jpg,data/raw/Training/meningioma_tumor/m3 (98).jpg,26794,512,512
train,Meningioma,meningioma_tumor,m3 (99).jpg,data/raw/Training/meningioma_tumor/m3 (99).jpg,27277,512,512
train,No tumor,no_tumor,1.jpg,data/raw/Training/no_tumor/1.jpg,35830,350,350
train,No tumor,no_tumor,2.jpg,data/raw/Training/no_tumor/2.jpg,36763,350,350
train,No tumor,no_tumor,3.jpg,data/raw/Training/no_tumor/3.jpg,41675,605,613
train,No tumor,no_tumor,4.jpg,data/raw/Training/no_tumor/4.jpg,63465,562,592
train,No tumor,no_tumor,5.jpg,data/raw/Training/no_tumor/5.jpg,26161,442,442
train,No tumor,no_tumor,6.jpg,data/raw/Training/no_tumor/6.jpg,34394,630,630
train,No tumor,no_tumor,7.jpg,data/raw/Training/no_tumor/7.jpg,41446,400,442
train,No tumor,no_tumor,8.jpg,data/raw/Training/no_tumor/8.jpg,9387,220,212
train,No tumor,no_tumor,image (10).jpg,data/raw/Training/no_tumor/image (10).jpg,11746,225,225
train,No tumor,no_tumor,image (11).jpg,data/raw/Training/no_tumor/image (11).jpg,11421,254,198
train,No tumor,no_tumor,image (12).jpg,data/raw/Training/no_tumor/image (12).jpg,7189,225,225
train,No tumor,no_tumor,image (13).jpg,data/raw/Training/no_tumor/image (13).jpg,55697,630,630
train,No tumor,no_tumor,image (14).jpg,data/raw/Training/no_tumor/image (14).jpg,55697,630,630
train,No tumor,no_tumor,image (15).jpg,data/raw/Training/no_tumor/image (15).jpg,58801,630,630
train,No tumor,no_tumor,image (16).jpg,data/raw/Training/no_tumor/image (16).jpg,58801,630,630
train,No tumor,no_tumor,image (17).jpg,data/raw/Training/no_tumor/image (17).jpg,66814,630,630
train,No tumor,no_tumor,image (18).jpg,data/raw/Training/no_tumor/image (18).jpg,51558,630,630
train,No tumor,no_tumor,image (19).jpg,data/raw/Training/no_tumor/image (19).jpg,33378,442,442
train,No tumor,no_tumor,image (20).jpg,data/raw/Training/no_tumor/image (20).jpg,27719,332,442
train,No tumor,no_tumor,image (21).jpg,data/raw/Training/no_tumor/image (21).jpg,52605,630,630
train,No tumor,no_tumor,image (22).jpg,data/raw/Training/no_tumor/image (22).jpg,7041,206,244
train,No tumor,no_tumor,image (23).jpg,data/raw/Training/no_tumor/image (23).jpg,117320,1024,830
train,No tumor,no_tumor,image (24).jpg,data/raw/Training/no_tumor/image (24).jpg,29252,442,442
train,No tumor,no_tumor,image (25).jpg,data/raw/Training/no_tumor/image (25).jpg,36062,630,630
train,No tumor,no_tumor,image (26).jpg,data/raw/Training/no_tumor/image (26).jpg,55697,630,630
train,No tumor,no_tumor,image (27).jpg,data/raw/Training/no_tumor/image (27).jpg,29015,442,442
train,No tumor,no_tumor,image (28).jpg,data/raw/Training/no_tumor/image (28).jpg,6264,225,225
train,No tumor,no_tumor,image (29).jpg,data/raw/Training/no_tumor/image (29).jpg,7299,225,225
train,No tumor,no_tumor,image (30).jpg,data/raw/Training/no_tumor/image (30).jpg,34775,512,512
train,No tumor,no_tumor,image (31).jpg,data/raw/Training/no_tumor/image (31).jpg,34394,630,630
train,No tumor,no_tumor,image (32).jpg,data/raw/Training/no_tumor/image (32).jpg,37109,470,508
train,No tumor,no_tumor,image (33).jpg,data/raw/Training/no_tumor/image (33).jpg,32715,411,501
train,No tumor,no_tumor,image (34).jpg,data/raw/Training/no_tumor/image (34).jpg,17096,224,286
train,No tumor,no_tumor,image (35).jpg,data/raw/Training/no_tumor/image (35).jpg,27824,393,400
train,No tumor,no_tumor,image (36).jpg,data/raw/Training/no_tumor/image (36).jpg,32146,355,452
train,No tumor,no_tumor,image (37).jpg,data/raw/Training/no_tumor/image (37).jpg,78104,680,680
train,No tumor,no_tumor,image (38).jpg,data/raw/Training/no_tumor/image (38).jpg,28639,468,444
train,No tumor,no_tumor,image (39).jpg,data/raw/Training/no_tumor/image (39).jpg,35931,442,442
train,No tumor,no_tumor,image (4).jpg,data/raw/Training/no_tumor/image (4).jpg,7372,225,225
train,No tumor,no_tumor,image (40).jpg,data/raw/Training/no_tumor/image (40).jpg,31516,359,449
train,No tumor,no_tumor,image (41).jpg,data/raw/Training/no_tumor/image (41).jpg,10938,236,251
train,No tumor,no_tumor,image (42).jpg,data/raw/Training/no_tumor/image (42).jpg,8717,236,236
train,No tumor,no_tumor,image (43).jpg,data/raw/Training/no_tumor/image (43).jpg,8136,236,218
train,No tumor,no_tumor,image (44).jpg,data/raw/Training/no_tumor/image (44).jpg,13765,236,295
train,No tumor,no_tumor,image (45).jpg,data/raw/Training/no_tumor/image (45).jpg,9825,236,236
train,No tumor,no_tumor,image (46).jpg,data/raw/Training/no_tumor/image (46).jpg,13279,236,280
train,No tumor,no_tumor,image (47).jpg,data/raw/Training/no_tumor/image (47).jpg,11737,235,229
train,No tumor,no_tumor,image (48).jpg,data/raw/Training/no_tumor/image (48).jpg,12624,235,233
train,No tumor,no_tumor,image (49).jpg,data/raw/Training/no_tumor/image (49).jpg,9609,234,224
train,No tumor,no_tumor,image (5).jpg,data/raw/Training/no_tumor/image (5).jpg,11823,225,225
train,No tumor,no_tumor,image (50).jpg,data/raw/Training/no_tumor/image (50).jpg,10256,236,243
train,No tumor,no_tumor,image (51).jpg,data/raw/Training/no_tumor/image (51).jpg,12094,236,260
train,No tumor,no_tumor,image (52).jpg,data/raw/Training/no_tumor/image (52).jpg,5713,236,236
train,No tumor,no_tumor,image (53).jpg,data/raw/Training/no_tumor/image (53).jpg,14413,235,227
train,No tumor,no_tumor,image (54).jpg,data/raw/Training/no_tumor/image (54).jpg,15039,236,236
train,No tumor,no_tumor,image (55).jpg,data/raw/Training/no_tumor/image (55).jpg,14435,205,249
train,No tumor,no_tumor,image (56).jpg,data/raw/Training/no_tumor/image (56).jpg,10585,236,236
train,No tumor,no_tumor,image (57).jpg,data/raw/Training/no_tumor/image (57).jpg,9553,236,236
train,No tumor,no_tumor,image (58).jpg,data/raw/Training/no_tumor/image (58).jpg,17097,236,270
train,No tumor,no_tumor,image (59).jpg,data/raw/Training/no_tumor/image (59).jpg,15035,235,261
train,No tumor,no_tumor,image (6).jpg,data/raw/Training/no_tumor/image (6).jpg,14140,225,225
train,No tumor,no_tumor,image (60).jpg,data/raw/Training/no_tumor/image (60).jpg,9821,236,236
train,No tumor,no_tumor,image (61).jpg,data/raw/Training/no_tumor/image (61).jpg,12956,212,236
train,No tumor,no_tumor,image (62).jpg,data/raw/Training/no_tumor/image (62).jpg,8180,236,236
train,No tumor,no_tumor,image (63).jpg,data/raw/Training/no_tumor/image (63).jpg,12237,236,262
train,No tumor,no_tumor,image (64).jpg,data/raw/Training/no_tumor/image (64).jpg,6882,236,236
train,No tumor,no_tumor,image (7).jpg,data/raw/Training/no_tumor/image (7).jpg,7971,209,242
train,No tumor,no_tumor,image (8).jpg,data/raw/Training/no_tumor/image (8).jpg,8228,209,242
train,No tumor,no_tumor,image (9).jpg,data/raw/Training/no_tumor/image (9).jpg,76655,800,693
train,No tumor,no_tumor,image(1).jpg,data/raw/Training/no_tumor/image(1).jpg,14044,236,290
train,No tumor,no_tumor,image(10).jpg,data/raw/Training/no_tumor/image(10).jpg,11432,227,213
train,No tumor,no_tumor,image(100).jpg,data/raw/Training/no_tumor/image(100).jpg,20081,236,239
train,No tumor,no_tumor,image(101).jpg,data/raw/Training/no_tumor/image(101).jpg,14151,210,213
train,No tumor,no_tumor,image(102).jpg,data/raw/Training/no_tumor/image(102).jpg,14611,233,210
train,No tumor,no_tumor,image(103).jpg,data/raw/Training/no_tumor/image(103).jpg,12856,201,251
train,No tumor,no_tumor,image(104).jpg,data/raw/Training/no_tumor/image(104).jpg,15004,236,226
train,No tumor,no_tumor,image(105).jpg,data/raw/Training/no_tumor/image(105).jpg,21850,236,366
train,No tumor,no_tumor,image(106).jpg,data/raw/Training/no_tumor/image(106).jpg,14151,210,213
train,No tumor,no_tumor,image(107).jpg,data/raw/Training/no_tumor/image(107).jpg,14611,233,210
train,No tumor,no_tumor,image(108).jpg,data/raw/Training/no_tumor/image(108).jpg,12856,201,251
train,No tumor,no_tumor,image(11).jpg,data/raw/Training/no_tumor/image(11).jpg,16191,201,249
train,No tumor,no_tumor,image(110).jpg,data/raw/Training/no_tumor/image(110).jpg,21850,236,366
train,No tumor,no_tumor,image(111).jpg,data/raw/Training/no_tumor/image(111).jpg,13052,204,247
train,No tumor,no_tumor,image(112).jpg,data/raw/Training/no_tumor/image(112).jpg,18977,236,216
train,No tumor,no_tumor,image(113).jpg,data/raw/Training/no_tumor/image(113).jpg,16916,236,236
train,No tumor,no_tumor,image(114).jpg,data/raw/Training/no_tumor/image(114).jpg,14284,236,236
train,No tumor,no_tumor,image(115).jpg,data/raw/Training/no_tumor/image(115).jpg,13751,236,243
train,No tumor,no_tumor,image(116).jpg,data/raw/Training/no_tumor/image(116).jpg,13653,235,216
train,No tumor,no_tumor,image(117).jpg,data/raw/Training/no_tumor/image(117).jpg,16922,236,250
train,No tumor,no_tumor,image(118).jpg,data/raw/Training/no_tumor/image(118).jpg,17442,235,257
train,No tumor,no_tumor,image(119).jpg,data/raw/Training/no_tumor/image(119).jpg,15583,236,232
train,No tumor,no_tumor,image(12).jpg,data/raw/Training/no_tumor/image(12).jpg,9995,236,263
train,No tumor,no_tumor,image(120).jpg,data/raw/Training/no_tumor/image(120).jpg,21415,236,240
train,No tumor,no_tumor,image(121).jpg,data/raw/Training/no_tumor/image(121).jpg,14900,235,304
train,No tumor,no_tumor,image(122).jpg,data/raw/Training/no_tumor/image(122).jpg,14537,233,228
train,No tumor,no_tumor,image(123).jpg,data/raw/Training/no_tumor/image(123).jpg,16894,262,244
train,No tumor,no_tumor,image(124).jpg,data/raw/Training/no_tumor/image(124).jpg,21262,320,344
train,No tumor,no_tumor,image(125).jpg,data/raw/Training/no_tumor/image(125).jpg,51481,622,777
train,No tumor,no_tumor,image(126).jpg,data/raw/Training/no_tumor/image(126).jpg,96013,1000,714
train,No tumor,no_tumor,image(127).jpg,data/raw/Training/no_tumor/image(127).jpg,69322,655,602
train,No tumor,no_tumor,image(128).jpg,data/raw/Training/no_tumor/image(128).jpg,33012,446,512
train,No tumor,no_tumor,image(129).jpg,data/raw/Training/no_tumor/image(129).jpg,41709,387,469
train,No tumor,no_tumor,image(13).jpg,data/raw/Training/no_tumor/image(13).jpg,18147,236,236
train,No tumor,no_tumor,image(130).jpg,data/raw/Training/no_tumor/image(130).jpg,38244,439,512
train,No tumor,no_tumor,image(131).jpg,data/raw/Training/no_tumor/image(131).jpg,30195,852,480
train,No tumor,no_tumor,image(132).jpg,data/raw/Training/no_tumor/image(132).jpg,20894,447,251
train,No tumor,no_tumor,image(133).jpg,data/raw/Training/no_tumor/image(133).jpg,35457,350,350
train,No tumor,no_tumor,image(134).jpg,data/raw/Training/no_tumor/image(134).jpg,37641,350,350
train,No tumor,no_tumor,image(135).jpg,data/raw/Training/no_tumor/image(135).jpg,26848,350,350
train,No tumor,no_tumor,image(136).jpg,data/raw/Training/no_tumor/image(136).jpg,26145,350,350
train,No tumor,no_tumor,image(137).jpg,data/raw/Training/no_tumor/image(137).jpg,31847,350,350
train,No tumor,no_tumor,image(138).jpg,data/raw/Training/no_tumor/image(138).jpg,28313,350,350
train,No tumor,no_tumor,image(139).jpg,data/raw/Training/no_tumor/image(139).jpg,14255,203,243
train,No tumor,no_tumor,image(14).jpg,data/raw/Training/no_tumor/image(14).jpg,13087,235,227
train,No tumor,no_tumor,image(140).jpg,data/raw/Training/no_tumor/image(140).jpg,17837,255,236
train,No tumor,no_tumor,image(141).jpg,data/raw/Training/no_tumor/image(141).jpg,18754,233,218
train,No tumor,no_tumor,image(142).jpg,data/raw/Training/no_tumor/image(142).jpg,18352,236,236
train,No tumor,no_tumor,image(143).jpg,data/raw/Training/no_tumor/image(143).jpg,25759,236,357
train,No tumor,no_tumor,image(144).jpg,data/raw/Training/no_tumor/image(144).jpg,17506,236,236
train,No tumor,no_tumor,image(145).jpg,data/raw/Training/no_tumor/image(145).jpg,20463,236,236
train,No tumor,no_tumor,image(146).jpg,data/raw/Training/no_tumor/image(146).jpg,20545,236,269
train,No tumor,no_tumor,image(147).jpg,data/raw/Training/no_tumor/image(147).jpg,16792,200,210
train,No tumor,no_tumor,image(148).jpg,data/raw/Training/no_tumor/image(148).jpg,20463,236,236
train,No tumor,no_tumor,image(149).jpg,data/raw/Training/no_tumor/image(149).jpg,17506,236,236
train,No tumor,no_tumor,image(15).jpg,data/raw/Training/no_tumor/image(15).jpg,26104,236,300
train,No tumor,no_tumor,image(150).jpg,data/raw/Training/no_tumor/image(150).jpg,20545,236,269
train,No tumor,no_tumor,image(151).jpg,data/raw/Training/no_tumor/image(151).jpg,16987,232,216
train,No tumor,no_tumor,image(152).jpg,data/raw/Training/no_tumor/image(152).jpg,20567,236,223
train,No tumor,no_tumor,image(153).jpg,data/raw/Training/no_tumor/image(153).jpg,13582,236,236
train,No tumor,no_tumor,image(154).jpg,data/raw/Training/no_tumor/image(154).jpg,20820,236,236
train,No tumor,no_tumor,image(155).jpg,data/raw/Training/no_tumor/image(155).jpg,18352,236,236
train,No tumor,no_tumor,image(156).jpg,data/raw/Training/no_tumor/image(156).jpg,25759,236,357
train,No tumor,no_tumor,image(157).jpg,data/raw/Training/no_tumor/image(157).jpg,18352,236,236
train,No tumor,no_tumor,image(158).jpg,data/raw/Training/no_tumor/image(158).jpg,14989,236,220
train,No tumor,no_tumor,image(159).jpg,data/raw/Training/no_tumor/image(159).jpg,16144,236,222
train,No tumor,no_tumor,image(16).jpg,data/raw/Training/no_tumor/image(16).jpg,12598,236,236
train,No tumor,no_tumor,image(160).jpg,data/raw/Training/no_tumor/image(160).jpg,17506,236,236
train,No tumor,no_tumor,image(161).jpg,data/raw/Training/no_tumor/image(161).jpg,13582,236,236
train,No tumor,no_tumor,image(162).jpg,data/raw/Training/no_tumor/image(162).jpg,282592,1375,1446
train,No tumor,no_tumor,image(163).jpg,data/raw/Training/no_tumor/image(163).jpg,11791,225,225
train,No tumor,no_tumor,image(164).jpg,data/raw/Training/no_tumor/image(164).jpg,12710,201,250
train,No tumor,no_tumor,image(165).jpg,data/raw/Training/no_tumor/image(165).jpg,13728,225,218
train,No tumor,no_tumor,image(166).jpg,data/raw/Training/no_tumor/image(166).jpg,38799,428,417
train,No tumor,no_tumor,image(167).jpg,data/raw/Training/no_tumor/image(167).jpg,38799,428,417
train,No tumor,no_tumor,image(168).jpg,data/raw/Training/no_tumor/image(168).jpg,16776,420,280
train,No tumor,no_tumor,image(169).jpg,data/raw/Training/no_tumor/image(169).jpg,14368,201,251
train,No tumor,no_tumor,image(17).jpg,data/raw/Training/no_tumor/image(17).jpg,10976,234,218
train,No tumor,no_tumor,image(170).jpg,data/raw/Training/no_tumor/image(170).jpg,28828,852,480
train,No tumor,no_tumor,image(171).jpg,data/raw/Training/no_tumor/image(171).jpg,19344,220,275
train,No tumor,no_tumor,image(172).jpg,data/raw/Training/no_tumor/image(172).jpg,38799,428,417
train,No tumor,no_tumor,image(173).jpg,data/raw/Training/no_tumor/image(173).jpg,52569,416,512
train,No tumor,no_tumor,image(174).jpg,data/raw/Training/no_tumor/image(174).jpg,45175,512,512
train,No tumor,no_tumor,image(175).jpg,data/raw/Training/no_tumor/image(175).jpg,10908,218,231
train,No tumor,no_tumor,image(176).jpg,data/raw/Training/no_tumor/image(176).jpg,11520,228,221
train,No tumor,no_tumor,image(177).jpg,data/raw/Training/no_tumor/image(177).jpg,80949,1000,583
train,No tumor,no_tumor,image(178).jpg,data/raw/Training/no_tumor/image(178).jpg,9968,200,200
train,No tumor,no_tumor,image(179).jpg,data/raw/Training/no_tumor/image(179).jpg,75081,626,686
train,No tumor,no_tumor,image(18).jpg,data/raw/Training/no_tumor/image(18).jpg,15584,208,225
train,No tumor,no_tumor,image(180).jpg,data/raw/Training/no_tumor/image(180).jpg,11391,225,225
train,No tumor,no_tumor,image(181).jpg,data/raw/Training/no_tumor/image(181).jpg,28313,350,350
train,No tumor,no_tumor,image(182).jpg,data/raw/Training/no_tumor/image(182).jpg,14296,207,243
train,No tumor,no_tumor,image(183).jpg,data/raw/Training/no_tumor/image(183).jpg,45788,417,424
train,No tumor,no_tumor,image(184).jpg,data/raw/Training/no_tumor/image(184).jpg,17788,208,242
train,No tumor,no_tumor,image(185).jpg,data/raw/Training/no_tumor/image(185).jpg,11802,229,214
train,No tumor,no_tumor,image(186).jpg,data/raw/Training/no_tumor/image(186).jpg,52569,416,512
train,No tumor,no_tumor,image(187).jpg,data/raw/Training/no_tumor/image(187).jpg,14958,232,217
train,No tumor,no_tumor,image(188).jpg,data/raw/Training/no_tumor/image(188).jpg,14699,200,252
train,No tumor,no_tumor,image(189).jpg,data/raw/Training/no_tumor/image(189).jpg,42790,600,450
train,No tumor,no_tumor,image(19).jpg,data/raw/Training/no_tumor/image(19).jpg,14533,205,214
train,No tumor,no_tumor,image(190).jpg,data/raw/Training/no_tumor/image(190).jpg,12392,201,251
train,No tumor,no_tumor,image(191).jpg,data/raw/Training/no_tumor/image(191).jpg,42451,336,380
train,No tumor,no_tumor,image(192).jpg,data/raw/Training/no_tumor/image(192).jpg,11761,212,222
train,No tumor,no_tumor,image(193).jpg,data/raw/Training/no_tumor/image(193).jpg,10466,219,211
train,No tumor,no_tumor,image(194).jpg,data/raw/Training/no_tumor/image(194).jpg,112295,652,600
train,No tumor,no_tumor,image(195).jpg,data/raw/Training/no_tumor/image(195).jpg,72192,926,649
train,No tumor,no_tumor,image(196).jpg,data/raw/Training/no_tumor/image(196).jpg,11710,225,225
train,No tumor,no_tumor,image(197).jpg,data/raw/Training/no_tumor/image(197).jpg,10179,228,221
train,No tumor,no_tumor,image(198).jpg,data/raw/Training/no_tumor/image(198).jpg,19742,256,256
train,No tumor,no_tumor,image(199).jpg,data/raw/Training/no_tumor/image(199).jpg,12785,225,225
train,No tumor,no_tumor,image(2).jpg,data/raw/Training/no_tumor/image(2).jpg,12991,235,227
train,No tumor,no_tumor,image(20).jpg,data/raw/Training/no_tumor/image(20).jpg,12060,236,236
train,No tumor,no_tumor,image(200).jpg,data/raw/Training/no_tumor/image(200).jpg,69322,655,602
train,No tumor,no_tumor,image(201).jpg,data/raw/Training/no_tumor/image(201).jpg,14368,201,251
train,No tumor,no_tumor,image(202).jpg,data/raw/Training/no_tumor/image(202).jpg,13213,225,225
train,No tumor,no_tumor,image(203).jpg,data/raw/Training/no_tumor/image(203).jpg,39076,497,398
train,No tumor,no_tumor,image(204).jpg,data/raw/Training/no_tumor/image(204).jpg,10979,225,225
train,No tumor,no_tumor,image(205).jpg,data/raw/Training/no_tumor/image(205).jpg,114456,717,717
train,No tumor,no_tumor,image(206).jpg,data/raw/Training/no_tumor/image(206).jpg,10979,225,225
train,No tumor,no_tumor,image(207).jpg,data/raw/Training/no_tumor/image(207).jpg,17485,330,220
train,No tumor,no_tumor,image(208).jpg,data/raw/Training/no_tumor/image(208).jpg,72192,926,649
train,No tumor,no_tumor,image(209).jpg,data/raw/Training/no_tumor/image(209).jpg,29392,364,418
train,No tumor,no_tumor,image(21).jpg,data/raw/Training/no_tumor/image(21).jpg,11184,236,251
train,No tumor,no_tumor,image(210).jpg,data/raw/Training/no_tumor/image(210).jpg,35982,354,443
train,No tumor,no_tumor,image(211).jpg,data/raw/Training/no_tumor/image(211).jpg,111486,755,824
train,No tumor,no_tumor,image(212).jpg,data/raw/Training/no_tumor/image(212).jpg,40129,853,480
train,No tumor,no_tumor,image(213).jpg,data/raw/Training/no_tumor/image(213).jpg,8733,225,225
train,No tumor,no_tumor,image(214).jpg,data/raw/Training/no_tumor/image(214).jpg,58709,600,519
train,No tumor,no_tumor,image(215).jpg,data/raw/Training/no_tumor/image(215).jpg,10180,225,225
train,No tumor,no_tumor,image(216).jpg,data/raw/Training/no_tumor/image(216).jpg,56256,853,480
train,No tumor,no_tumor,image(217).jpg,data/raw/Training/no_tumor/image(217).jpg,12235,227,222
train,No tumor,no_tumor,image(218).jpg,data/raw/Training/no_tumor/image(218).jpg,40129,853,480
train,No tumor,no_tumor,image(219).jpg,data/raw/Training/no_tumor/image(219).jpg,59503,500,500
train,No tumor,no_tumor,image(22).jpg,data/raw/Training/no_tumor/image(22).jpg,12550,235,228
train,No tumor,no_tumor,image(220).jpg,data/raw/Training/no_tumor/image(220).jpg,73777,648,674
train,No tumor,no_tumor,image(221).jpg,data/raw/Training/no_tumor/image(221).jpg,28639,434,512
train,No tumor,no_tumor,image(222).jpg,data/raw/Training/no_tumor/image(222).jpg,31382,452,509
train,No tumor,no_tumor,image(223).jpg,data/raw/Training/no_tumor/image(223).jpg,28280,502,513
train,No tumor,no_tumor,image(224).jpg,data/raw/Training/no_tumor/image(224).jpg,28157,450,504
train,No tumor,no_tumor,image(225).jpg,data/raw/Training/no_tumor/image(225).jpg,31462,444,506
train,No tumor,no_tumor,image(226).jpg,data/raw/Training/no_tumor/image(226).jpg,26919,504,488
train,No tumor,no_tumor,image(227).jpg,data/raw/Training/no_tumor/image(227).jpg,33849,456,501
train,No tumor,no_tumor,image(228).jpg,data/raw/Training/no_tumor/image(228).jpg,34702,438,502
train,No tumor,no_tumor,image(229).jpg,data/raw/Training/no_tumor/image(229).jpg,29372,453,496
train,No tumor,no_tumor,image(23).jpg,data/raw/Training/no_tumor/image(23).jpg,10709,234,218
train,No tumor,no_tumor,image(230).jpg,data/raw/Training/no_tumor/image(230).jpg,37045,469,470
train,No tumor,no_tumor,image(231).jpg,data/raw/Training/no_tumor/image(231).jpg,37547,331,406
train,No tumor,no_tumor,image(232).jpg,data/raw/Training/no_tumor/image(232).jpg,37052,339,415
train,No tumor,no_tumor,image(233).jpg,data/raw/Training/no_tumor/image(233).jpg,26240,329,310
train,No tumor,no_tumor,image(234).jpg,data/raw/Training/no_tumor/image(234).jpg,107824,825,832
train,No tumor,no_tumor,image(235).jpg,data/raw/Training/no_tumor/image(235).jpg,111486,755,824
train,No tumor,no_tumor,image(236).jpg,data/raw/Training/no_tumor/image(236).jpg,51267,494,600
train,No tumor,no_tumor,image(237).jpg,data/raw/Training/no_tumor/image(237).jpg,13879,208,248
train,No tumor,no_tumor,image(238).jpg,data/raw/Training/no_tumor/image(238).jpg,19344,220,275
train,No tumor,no_tumor,image(239).jpg,data/raw/Training/no_tumor/image(239).jpg,12710,201,250
train,No tumor,no_tumor,image(24).jpg,data/raw/Training/no_tumor/image(24).jpg,13218,236,236
train,No tumor,no_tumor,image(240).jpg,data/raw/Training/no_tumor/image(240).jpg,14360,227,262
train,No tumor,no_tumor,image(241).jpg,data/raw/Training/no_tumor/image(241).jpg,127722,1024,1024
train,No tumor,no_tumor,image(242).jpg,data/raw/Training/no_tumor/image(242).jpg,18154,276,326
train,No tumor,no_tumor,image(243).jpg,data/raw/Training/no_tumor/image(243).jpg,59915,600,600
train,No tumor,no_tumor,image(244).jpg,data/raw/Training/no_tumor/image(244).jpg,8733,225,225
train,No tumor,no_tumor,image(245).jpg,data/raw/Training/no_tumor/image(245).jpg,15664,210,264
train,No tumor,no_tumor,image(246).jpg,data/raw/Training/no_tumor/image(246).jpg,61345,630,630
train,No tumor,no_tumor,image(247).jpg,data/raw/Training/no_tumor/image(247).jpg,21218,278,280
train,No tumor,no_tumor,image(248).jpg,data/raw/Training/no_tumor/image(248).jpg,10632,207,207
train,No tumor,no_tumor,image(249).jpg,data/raw/Training/no_tumor/image(249).jpg,136631,785,848
train,No tumor,no_tumor,image(25).jpg,data/raw/Training/no_tumor/image(25).jpg,11184,236,251
train,No tumor,no_tumor,image(250).jpg,data/raw/Training/no_tumor/image(250).jpg,24589,442,442
train,No tumor,no_tumor,image(251).jpg,data/raw/Training/no_tumor/image(251).jpg,80949,1000,583
train,No tumor,no_tumor,image(252).jpg,data/raw/Training/no_tumor/image(252).jpg,33685,512,512
train,No tumor,no_tumor,image(253).jpg,data/raw/Training/no_tumor/image(253).jpg,136631,785,848
train,No tumor,no_tumor,image(254).jpg,data/raw/Training/no_tumor/image(254).jpg,36928,350,350
train,No tumor,no_tumor,image(255).jpg,data/raw/Training/no_tumor/image(255).jpg,33408,442,442
train,No tumor,no_tumor,image(256).jpg,data/raw/Training/no_tumor/image(256).jpg,52569,416,512
train,No tumor,no_tumor,image(257).jpg,data/raw/Training/no_tumor/image(257).jpg,53928,630,630
train,No tumor,no_tumor,image(258).jpg,data/raw/Training/no_tumor/image(258).jpg,64566,724,851
train,No tumor,no_tumor,image(259).jpg,data/raw/Training/no_tumor/image(259).jpg,50259,626,575
train,No tumor,no_tumor,image(26).jpg,data/raw/Training/no_tumor/image(26).jpg,20420,236,309
train,No tumor,no_tumor,image(260).jpg,data/raw/Training/no_tumor/image(260).jpg,161038,890,1075
train,No tumor,no_tumor,image(261).jpg,data/raw/Training/no_tumor/image(261).jpg,37869,267,328
train,No tumor,no_tumor,image(262).jpg,data/raw/Training/no_tumor/image(262).jpg,23703,321,351
train,No tumor,no_tumor,image(263).jpg,data/raw/Training/no_tumor/image(263).jpg,12586,202,250
train,No tumor,no_tumor,image(264).jpg,data/raw/Training/no_tumor/image(264).jpg,12914,221,257
train,No tumor,no_tumor,image(265).jpg,data/raw/Training/no_tumor/image(265).jpg,152132,1280,720
train,No tumor,no_tumor,image(266).jpg,data/raw/Training/no_tumor/image(266).jpg,13578,314,258
train,No tumor,no_tumor,image(267).jpg,data/raw/Training/no_tumor/image(267).jpg,25164,590,332
train,No tumor,no_tumor,image(268).jpg,data/raw/Training/no_tumor/image(268).jpg,17032,224,262
train,No tumor,no_tumor,image(269).jpg,data/raw/Training/no_tumor/image(269).jpg,40231,512,512
train,No tumor,no_tumor,image(27).jpg,data/raw/Training/no_tumor/image(27).jpg,12598,236,236
train,No tumor,no_tumor,image(270).jpg,data/raw/Training/no_tumor/image(270).jpg,20868,314,260
train,No tumor,no_tumor,image(271).jpg,data/raw/Training/no_tumor/image(271).jpg,26853,296,320
train,No tumor,no_tumor,image(272).jpg,data/raw/Training/no_tumor/image(272).jpg,16158,278,253
train,No tumor,no_tumor,image(273).jpg,data/raw/Training/no_tumor/image(273).jpg,156011,1024,1024
train,No tumor,no_tumor,image(274).jpg,data/raw/Training/no_tumor/image(274).jpg,57302,528,528
train,No tumor,no_tumor,image(275).jpg,data/raw/Training/no_tumor/image(275).jpg,13362,208,242
train,No tumor,no_tumor,image(276).jpg,data/raw/Training/no_tumor/image(276).jpg,165993,850,872
train,No tumor,no_tumor,image(277).jpg,data/raw/Training/no_tumor/image(277).jpg,17015,225,225
train,No tumor,no_tumor,image(278).jpg,data/raw/Training/no_tumor/image(278).jpg,9707,225,225
train,No tumor,no_tumor,image(279).jpg,data/raw/Training/no_tumor/image(279).jpg,33685,512,512
train,No tumor,no_tumor,image(28).jpg,data/raw/Training/no_tumor/image(28).jpg,13218,236,236
train,No tumor,no_tumor,image(280).jpg,data/raw/Training/no_tumor/image(280).jpg,17317,225,225
train,No tumor,no_tumor,image(281).jpg,data/raw/Training/no_tumor/image(281).jpg,165993,850,872
train,No tumor,no_tumor,image(282).jpg,data/raw/Training/no_tumor/image(282).jpg,12290,203,248
train,No tumor,no_tumor,image(283).jpg,data/raw/Training/no_tumor/image(283).jpg,88963,733,781
train,No tumor,no_tumor,image(284).jpg,data/raw/Training/no_tumor/image(284).jpg,8849,225,225
train,No tumor,no_tumor,image(285).jpg,data/raw/Training/no_tumor/image(285).jpg,73953,600,605
train,No tumor,no_tumor,image(286).jpg,data/raw/Training/no_tumor/image(286).jpg,19151,229,280
train,No tumor,no_tumor,image(287).jpg,data/raw/Training/no_tumor/image(287).jpg,10180,225,225
train,No tumor,no_tumor,image(288).jpg,data/raw/Training/no_tumor/image(288).jpg,71744,728,725
train,No tumor,no_tumor,image(289).jpg,data/raw/Training/no_tumor/image(289).jpg,94987,850,745
train,No tumor,no_tumor,image(29).jpg,data/raw/Training/no_tumor/image(29).jpg,11184,236,251
train,No tumor,no_tumor,image(290).jpg,data/raw/Training/no_tumor/image(290).jpg,10393,232,217
train,No tumor,no_tumor,image(291).jpg,data/raw/Training/no_tumor/image(291).jpg,15092,208,278
train,No tumor,no_tumor,image(292).jpg,data/raw/Training/no_tumor/image(292).jpg,19344,220,275
train,No tumor,no_tumor,image(293).jpg,data/raw/Training/no_tumor/image(293).jpg,15476,227,300
train,No tumor,no_tumor,image(294).jpg,data/raw/Training/no_tumor/image(294).jpg,15287,214,236
train,No tumor,no_tumor,image(295).jpg,data/raw/Training/no_tumor/image(295).jpg,15657,216,293
train,No tumor,no_tumor,image(296).jpg,data/raw/Training/no_tumor/image(296).jpg,30762,642,361
train,No tumor,no_tumor,image(297).jpg,data/raw/Training/no_tumor/image(297).jpg,16606,216,302
train,No tumor,no_tumor,image(298).jpg,data/raw/Training/no_tumor/image(298).jpg,60739,750,750
train,No tumor,no_tumor,image(299).jpg,data/raw/Training/no_tumor/image(299).jpg,21549,251,273
train,No tumor,no_tumor,image(3).jpg,data/raw/Training/no_tumor/image(3).jpg,14271,209,234
train,No tumor,no_tumor,image(30).jpg,data/raw/Training/no_tumor/image(30).jpg,12060,236,236
train,No tumor,no_tumor,image(300).jpg,data/raw/Training/no_tumor/image(300).jpg,42697,504,540
train,No tumor,no_tumor,image(301).jpg,data/raw/Training/no_tumor/image(301).jpg,21756,244,274
train,No tumor,no_tumor,image(302).jpg,data/raw/Training/no_tumor/image(302).jpg,16776,420,280
train,No tumor,no_tumor,image(303).jpg,data/raw/Training/no_tumor/image(303).jpg,21158,230,274
train,No tumor,no_tumor,image(304).jpg,data/raw/Training/no_tumor/image(304).jpg,64101,629,585
train,No tumor,no_tumor,image(305).jpg,data/raw/Training/no_tumor/image(305).jpg,16873,201,244
train,No tumor,no_tumor,image(306).jpg,data/raw/Training/no_tumor/image(306).jpg,61345,630,630
train,No tumor,no_tumor,image(307).jpg,data/raw/Training/no_tumor/image(307).jpg,19027,237,248
train,No tumor,no_tumor,image(308).jpg,data/raw/Training/no_tumor/image(308).jpg,25105,275,301
train,No tumor,no_tumor,image(309).jpg,data/raw/Training/no_tumor/image(309).jpg,15754,217,248
train,No tumor,no_tumor,image(31).jpg,data/raw/Training/no_tumor/image(31).jpg,12620,236,236
train,No tumor,no_tumor,image(310).jpg,data/raw/Training/no_tumor/image(310).jpg,63183,550,664
train,No tumor,no_tumor,image(311).jpg,data/raw/Training/no_tumor/image(311).jpg,31704,442,442
train,No tumor,no_tumor,image(312).jpg,data/raw/Training/no_tumor/image(312).jpg,21321,253,239
train,No tumor,no_tumor,image(313).jpg,data/raw/Training/no_tumor/image(313).jpg,30939,442,442
train,No tumor,no_tumor,image(314).jpg,data/raw/Training/no_tumor/image(314).jpg,18620,230,235
train,No tumor,no_tumor,image(315).jpg,data/raw/Training/no_tumor/image(315).jpg,35854,409,442
train,No tumor,no_tumor,image(316).jpg,data/raw/Training/no_tumor/image(316).jpg,46532,405,484
train,No tumor,no_tumor,image(317).jpg,data/raw/Training/no_tumor/image(317).jpg,62712,430,483
train,No tumor,no_tumor,image(318).jpg,data/raw/Training/no_tumor/image(318).jpg,46323,410,490
train,No tumor,no_tumor,image(319).jpg,data/raw/Training/no_tumor/image(319).jpg,58538,416,489
train,No tumor,no_tumor,image(32).jpg,data/raw/Training/no_tumor/image(32).jpg,16334,200,248
train,No tumor,no_tumor,image(320).jpg,data/raw/Training/no_tumor/image(320).jpg,46257,407,485
train,No tumor,no_tumor,image(321).jpg,data/raw/Training/no_tumor/image(321).jpg,53388,421,486
train,No tumor,no_tumor,image(322).jpg,data/raw/Training/no_tumor/image(322).jpg,26202,442,442
train,No tumor,no_tumor,image(323).jpg,data/raw/Training/no_tumor/image(323).jpg,44008,414,496
train,No tumor,no_tumor,image(324).jpg,data/raw/Training/no_tumor/image(324).jpg,46209,411,496
train,No tumor,no_tumor,image(325).jpg,data/raw/Training/no_tumor/image(325).jpg,16654,222,252
train,No tumor,no_tumor,image(326).jpg,data/raw/Training/no_tumor/image(326).jpg,14906,225,259
train,No tumor,no_tumor,image(327).jpg,data/raw/Training/no_tumor/image(327).jpg,20691,233,243
train,No tumor,no_tumor,image(33).jpg,data/raw/Training/no_tumor/image(33).jpg,13488,236,236
train,No tumor,no_tumor,image(34).jpg,data/raw/Training/no_tumor/image(34).jpg,15427,207,225
train,No tumor,no_tumor,image(35).jpg,data/raw/Training/no_tumor/image(35).jpg,12060,236,236
train,No tumor,no_tumor,image(36).jpg,data/raw/Training/no_tumor/image(36).jpg,15347,236,262
train,No tumor,no_tumor,image(37).jpg,data/raw/Training/no_tumor/image(37).jpg,16244,200,243
train,No tumor,no_tumor,image(38).jpg,data/raw/Training/no_tumor/image(38).jpg,12561,234,225
train,No tumor,no_tumor,image(39).jpg,data/raw/Training/no_tumor/image(39).jpg,16209,236,257
train,No tumor,no_tumor,image(4).jpg,data/raw/Training/no_tumor/image(4).jpg,15244,208,217
train,No tumor,no_tumor,image(40).jpg,data/raw/Training/no_tumor/image(40).jpg,15016,234,225
train,No tumor,no_tumor,image(41).jpg,data/raw/Training/no_tumor/image(41).jpg,15159,236,260
train,No tumor,no_tumor,image(42).jpg,data/raw/Training/no_tumor/image(42).jpg,13218,236,236
train,No tumor,no_tumor,image(43).jpg,data/raw/Training/no_tumor/image(43).jpg,7143,236,236
train,No tumor,no_tumor,image(44).jpg,data/raw/Training/no_tumor/image(44).jpg,10600,236,236
train,No tumor,no_tumor,image(45).jpg,data/raw/Training/no_tumor/image(45).jpg,11990,236,231
train,No tumor,no_tumor,image(46).jpg,data/raw/Training/no_tumor/image(46).jpg,15347,236,262
train,No tumor,no_tumor,image(47).jpg,data/raw/Training/no_tumor/image(47).jpg,14039,211,236
train,No tumor,no_tumor,image(48).jpg,data/raw/Training/no_tumor/image(48).jpg,14044,236,290
train,No tumor,no_tumor,image(49).jpg,data/raw/Training/no_tumor/image(49).jpg,12461,235,229
train,No tumor,no_tumor,image(5).jpg,data/raw/Training/no_tumor/image(5).jpg,13004,236,228
train,No tumor,no_tumor,image(50).jpg,data/raw/Training/no_tumor/image(50).jpg,10709,234,218
train,No tumor,no_tumor,image(51).jpg,data/raw/Training/no_tumor/image(51).jpg,14987,233,226
train,No tumor,no_tumor,image(52).jpg,data/raw/Training/no_tumor/image(52).jpg,14041,210,234
train,No tumor,no_tumor,image(53).jpg,data/raw/Training/no_tumor/image(53).jpg,19344,220,275
train,No tumor,no_tumor,image(54).jpg,data/raw/Training/no_tumor/image(54).jpg,9995,236,263
train,No tumor,no_tumor,image(55).jpg,data/raw/Training/no_tumor/image(55).jpg,13121,236,243
train,No tumor,no_tumor,image(56).jpg,data/raw/Training/no_tumor/image(56).jpg,15159,236,260
train,No tumor,no_tumor,image(57).jpg,data/raw/Training/no_tumor/image(57).jpg,18286,236,236
train,No tumor,no_tumor,image(58).jpg,data/raw/Training/no_tumor/image(58).jpg,16956,236,295
train,No tumor,no_tumor,image(59).jpg,data/raw/Training/no_tumor/image(59).jpg,13218,236,236
train,No tumor,no_tumor,image(6).jpg,data/raw/Training/no_tumor/image(6).jpg,14079,234,234
train,No tumor,no_tumor,image(60).jpg,data/raw/Training/no_tumor/image(60).jpg,7577,236,236
train,No tumor,no_tumor,image(61).jpg,data/raw/Training/no_tumor/image(61).jpg,15401,218,234
train,No tumor,no_tumor,image(62).jpg,data/raw/Training/no_tumor/image(62).jpg,18772,236,268
train,No tumor,no_tumor,image(63).jpg,data/raw/Training/no_tumor/image(63).jpg,11593,212,280
train,No tumor,no_tumor,image(64).jpg,data/raw/Training/no_tumor/image(64).jpg,22444,236,300
train,No tumor,no_tumor,image(65).jpg,data/raw/Training/no_tumor/image(65).jpg,24249,236,315
train,No tumor,no_tumor,image(66).jpg,data/raw/Training/no_tumor/image(66).jpg,10666,236,252
train,No tumor,no_tumor,image(67).jpg,data/raw/Training/no_tumor/image(67).jpg,9683,236,236
train,No tumor,no_tumor,image(68).jpg,data/raw/Training/no_tumor/image(68).jpg,13291,228,228
train,No tumor,no_tumor,image(69).jpg,data/raw/Training/no_tumor/image(69).jpg,14964,236,236
train,No tumor,no_tumor,image(7).jpg,data/raw/Training/no_tumor/image(7).jpg,16209,236,257
train,No tumor,no_tumor,image(70).jpg,data/raw/Training/no_tumor/image(70).jpg,11459,233,208
train,No tumor,no_tumor,image(71).jpg,data/raw/Training/no_tumor/image(71).jpg,12988,236,273
train,No tumor,no_tumor,image(72).jpg,data/raw/Training/no_tumor/image(72).jpg,20545,236,269
train,No tumor,no_tumor,image(73).jpg,data/raw/Training/no_tumor/image(73).jpg,25759,236,357
train,No tumor,no_tumor,image(74).jpg,data/raw/Training/no_tumor/image(74).jpg,16055,236,221
train,No tumor,no_tumor,image(75).jpg,data/raw/Training/no_tumor/image(75).jpg,20545,236,269
train,No tumor,no_tumor,image(76).jpg,data/raw/Training/no_tumor/image(76).jpg,25759,236,357
train,No tumor,no_tumor,image(77).jpg,data/raw/Training/no_tumor/image(77).jpg,14989,236,220
train,No tumor,no_tumor,image(78).jpg,data/raw/Training/no_tumor/image(78).jpg,18095,236,236
train,No tumor,no_tumor,image(79).jpg,data/raw/Training/no_tumor/image(79).jpg,17271,224,223
train,No tumor,no_tumor,image(8).jpg,data/raw/Training/no_tumor/image(8).jpg,15159,236,260
train,No tumor,no_tumor,image(80).jpg,data/raw/Training/no_tumor/image(80).jpg,18796,236,236
train,No tumor,no_tumor,image(81).jpg,data/raw/Training/no_tumor/image(81).jpg,20013,235,257
train,No tumor,no_tumor,image(82).jpg,data/raw/Training/no_tumor/image(82).jpg,18704,236,250
train,No tumor,no_tumor,image(83).jpg,data/raw/Training/no_tumor/image(83).jpg,16529,236,236
train,No tumor,no_tumor,image(84).jpg,data/raw/Training/no_tumor/image(84).jpg,14683,236,236
train,No tumor,no_tumor,image(85).jpg,data/raw/Training/no_tumor/image(85).jpg,20837,236,203
train,No tumor,no_tumor,image(86).jpg,data/raw/Training/no_tumor/image(86).jpg,15029,216,202
train,No tumor,no_tumor,image(87).jpg,data/raw/Training/no_tumor/image(87).jpg,16870,236,236
train,No tumor,no_tumor,image(88).jpg,data/raw/Training/no_tumor/image(88).jpg,16600,235,227
train,No tumor,no_tumor,image(89).jpg,data/raw/Training/no_tumor/image(89).jpg,19076,235,277
train,No tumor,no_tumor,image(9).jpg,data/raw/Training/no_tumor/image(9).jpg,13753,234,224
train,No tumor,no_tumor,image(90).jpg,data/raw/Training/no_tumor/image(90).jpg,12489,236,201
train,No tumor,no_tumor,image(91).jpg,data/raw/Training/no_tumor/image(91).jpg,18245,236,236
train,No tumor,no_tumor,image(92).jpg,data/raw/Training/no_tumor/image(92).jpg,20077,233,222
train,No tumor,no_tumor,image(93).jpg,data/raw/Training/no_tumor/image(93).jpg,20151,236,294
train,No tumor,no_tumor,image(94).jpg,data/raw/Training/no_tumor/image(94).jpg,17360,235,244
train,No tumor,no_tumor,image(95).jpg,data/raw/Training/no_tumor/image(95).jpg,15992,226,213
train,No tumor,no_tumor,image(96).jpg,data/raw/Training/no_tumor/image(96).jpg,17833,210,201
train,No tumor,no_tumor,image(98).jpg,data/raw/Training/no_tumor/image(98).jpg,15893,235,264
train,No tumor,no_tumor,image(99).jpg,data/raw/Training/no_tumor/image(99).jpg,15820,235,215
train,No tumor,no_tumor,image.jpg,data/raw/Training/no_tumor/image.jpg,11990,236,231
train,Pituitary,pituitary_tumor,p (1).jpg,data/raw/Training/pituitary_tumor/p (1).jpg,29627,512,512
train,Pituitary,pituitary_tumor,p (10).jpg,data/raw/Training/pituitary_tumor/p (10).jpg,31511,512,512
train,Pituitary,pituitary_tumor,p (100).jpg,data/raw/Training/pituitary_tumor/p (100).jpg,34026,512,512
train,Pituitary,pituitary_tumor,p (101).jpg,data/raw/Training/pituitary_tumor/p (101).jpg,37364,512,512
train,Pituitary,pituitary_tumor,p (102).jpg,data/raw/Training/pituitary_tumor/p (102).jpg,36929,512,512
train,Pituitary,pituitary_tumor,p (103).jpg,data/raw/Training/pituitary_tumor/p (103).jpg,34067,512,512
train,Pituitary,pituitary_tumor,p (104).jpg,data/raw/Training/pituitary_tumor/p (104).jpg,34159,512,512
train,Pituitary,pituitary_tumor,p (105).jpg,data/raw/Training/pituitary_tumor/p (105).jpg,31676,512,512
train,Pituitary,pituitary_tumor,p (106).jpg,data/raw/Training/pituitary_tumor/p (106).jpg,34504,512,512
train,Pituitary,pituitary_tumor,p (107).jpg,data/raw/Training/pituitary_tumor/p (107).jpg,29213,512,512
train,Pituitary,pituitary_tumor,p (108).jpg,data/raw/Training/pituitary_tumor/p (108).jpg,30284,512,512
train,Pituitary,pituitary_tumor,p (109).jpg,data/raw/Training/pituitary_tumor/p (109).jpg,32015,512,512
train,Pituitary,pituitary_tumor,p (11).jpg,data/raw/Training/pituitary_tumor/p (11).jpg,29831,512,512
train,Pituitary,pituitary_tumor,p (110).jpg,data/raw/Training/pituitary_tumor/p (110).jpg,31876,512,512
train,Pituitary,pituitary_tumor,p (111).jpg,data/raw/Training/pituitary_tumor/p (111).jpg,32795,512,512
train,Pituitary,pituitary_tumor,p (112).jpg,data/raw/Training/pituitary_tumor/p (112).jpg,32046,512,512
train,Pituitary,pituitary_tumor,p (113).jpg,data/raw/Training/pituitary_tumor/p (113).jpg,31522,512,512
train,Pituitary,pituitary_tumor,p (114).jpg,data/raw/Training/pituitary_tumor/p (114).jpg,32456,512,512
train,Pituitary,pituitary_tumor,p (115).jpg,data/raw/Training/pituitary_tumor/p (115).jpg,38838,512,512
train,Pituitary,pituitary_tumor,p (116).jpg,data/raw/Training/pituitary_tumor/p (116).jpg,38563,512,512
train,Pituitary,pituitary_tumor,p (117).jpg,data/raw/Training/pituitary_tumor/p (117).jpg,37387,512,512
train,Pituitary,pituitary_tumor,p (118).jpg,data/raw/Training/pituitary_tumor/p (118).jpg,34090,512,512
train,Pituitary,pituitary_tumor,p (119).jpg,data/raw/Training/pituitary_tumor/p (119).jpg,34835,512,512
train,Pituitary,pituitary_tumor,p (12).jpg,data/raw/Training/pituitary_tumor/p (12).jpg,29284,512,512
train,Pituitary,pituitary_tumor,p (120).jpg,data/raw/Training/pituitary_tumor/p (120).jpg,34515,512,512
train,Pituitary,pituitary_tumor,p (121).jpg,data/raw/Training/pituitary_tumor/p (121).jpg,31464,512,512
train,Pituitary,pituitary_tumor,p (122).jpg,data/raw/Training/pituitary_tumor/p (122).jpg,31115,512,512
train,Pituitary,pituitary_tumor,p (123).jpg,data/raw/Training/pituitary_tumor/p (123).jpg,31227,512,512
train,Pituitary,pituitary_tumor,p (124).jpg,data/raw/Training/pituitary_tumor/p (124).jpg,46200,474,474
train,Pituitary,pituitary_tumor,p (125).jpg,data/raw/Training/pituitary_tumor/p (125).jpg,30553,400,400
train,Pituitary,pituitary_tumor,p (126).jpg,data/raw/Training/pituitary_tumor/p (126).jpg,83353,685,681
train,Pituitary,pituitary_tumor,p (127).jpg,data/raw/Training/pituitary_tumor/p (127).jpg,10627,202,202
train,Pituitary,pituitary_tumor,p (128).jpg,data/raw/Training/pituitary_tumor/p (128).jpg,206925,1280,1280
train,Pituitary,pituitary_tumor,p (129).jpg,data/raw/Training/pituitary_tumor/p (129).jpg,35134,442,442
train,Pituitary,pituitary_tumor,p (13).jpg,data/raw/Training/pituitary_tumor/p (13).jpg,31810,512,512
train,Pituitary,pituitary_tumor,p (130).jpg,data/raw/Training/pituitary_tumor/p (130).jpg,30908,502,502
train,Pituitary,pituitary_tumor,p (131).jpg,data/raw/Training/pituitary_tumor/p (131).jpg,30828,360,378
train,Pituitary,pituitary_tumor,p (132).jpg,data/raw/Training/pituitary_tumor/p (132).jpg,97071,721,903
train,Pituitary,pituitary_tumor,p (133).jpg,data/raw/Training/pituitary_tumor/p (133).jpg,252827,1365,1365
train,Pituitary,pituitary_tumor,p (134).jpg,data/raw/Training/pituitary_tumor/p (134).jpg,29984,474,474
train,Pituitary,pituitary_tumor,p (135).jpg,data/raw/Training/pituitary_tumor/p (135).jpg,34998,470,432
train,Pituitary,pituitary_tumor,p (136).jpg,data/raw/Training/pituitary_tumor/p (136).jpg,116242,940,900
train,Pituitary,pituitary_tumor,p (137).jpg,data/raw/Training/pituitary_tumor/p (137).jpg,16271,201,210
train,Pituitary,pituitary_tumor,p (138).jpg,data/raw/Training/pituitary_tumor/p (138).jpg,23542,512,512
train,Pituitary,pituitary_tumor,p (139).jpg,data/raw/Training/pituitary_tumor/p (139).jpg,184591,900,741
train,Pituitary,pituitary_tumor,p (14).jpg,data/raw/Training/pituitary_tumor/p (14).jpg,33155,512,512
train,Pituitary,pituitary_tumor,p (140).jpg,data/raw/Training/pituitary_tumor/p (140).jpg,39045,512,512
train,Pituitary,pituitary_tumor,p (141).jpg,data/raw/Training/pituitary_tumor/p (141).jpg,29476,512,512
train,Pituitary,pituitary_tumor,p (142).jpg,data/raw/Training/pituitary_tumor/p (142).jpg,29669,512,512
train,Pituitary,pituitary_tumor,p (143).jpg,data/raw/Training/pituitary_tumor/p (143).jpg,30089,512,512
train,Pituitary,pituitary_tumor,p (144).jpg,data/raw/Training/pituitary_tumor/p (144).jpg,29994,512,512
train,Pituitary,pituitary_tumor,p (145).jpg,data/raw/Training/pituitary_tumor/p (145).jpg,28999,512,512
train,Pituitary,pituitary_tumor,p (146).jpg,data/raw/Training/pituitary_tumor/p (146).jpg,28778,512,512
train,Pituitary,pituitary_tumor,p (147).jpg,data/raw/Training/pituitary_tumor/p (147).jpg,29370,512,512
train,Pituitary,pituitary_tumor,p (148).jpg,data/raw/Training/pituitary_tumor/p (148).jpg,31309,512,512
train,Pituitary,pituitary_tumor,p (149).jpg,data/raw/Training/pituitary_tumor/p (149).jpg,32419,512,512
train,Pituitary,pituitary_tumor,p (15).jpg,data/raw/Training/pituitary_tumor/p (15).jpg,33025,512,512
train,Pituitary,pituitary_tumor,p (150).jpg,data/raw/Training/pituitary_tumor/p (150).jpg,31873,512,512
train,Pituitary,pituitary_tumor,p (151).jpg,data/raw/Training/pituitary_tumor/p (151).jpg,31692,512,512
train,Pituitary,pituitary_tumor,p (152).jpg,data/raw/Training/pituitary_tumor/p (152).jpg,36520,512,512
train,Pituitary,pituitary_tumor,p (153).jpg,data/raw/Training/pituitary_tumor/p (153).jpg,36104,512,512
train,Pituitary,pituitary_tumor,p (154).jpg,data/raw/Training/pituitary_tumor/p (154).jpg,37934,512,512
train,Pituitary,pituitary_tumor,p (155).jpg,data/raw/Training/pituitary_tumor/p (155).jpg,38340,512,512
train,Pituitary,pituitary_tumor,p (156).jpg,data/raw/Training/pituitary_tumor/p (156).jpg,35886,512,512
train,Pituitary,pituitary_tumor,p (157).jpg,data/raw/Training/pituitary_tumor/p (157).jpg,35447,512,512
train,Pituitary,pituitary_tumor,p (158).jpg,data/raw/Training/pituitary_tumor/p (158).jpg,35745,512,512
train,Pituitary,pituitary_tumor,p (159).jpg,data/raw/Training/pituitary_tumor/p (159).jpg,36634,512,512
train,Pituitary,pituitary_tumor,p (16).jpg,data/raw/Training/pituitary_tumor/p (16).jpg,32800,512,512
train,Pituitary,pituitary_tumor,p (160).jpg,data/raw/Training/pituitary_tumor/p (160).jpg,37767,512,512
train,Pituitary,pituitary_tumor,p (161).jpg,data/raw/Training/pituitary_tumor/p (161).jpg,36808,512,512
train,Pituitary,pituitary_tumor,p (162).jpg,data/raw/Training/pituitary_tumor/p (162).jpg,35303,512,512
train,Pituitary,pituitary_tumor,p (163).jpg,data/raw/Training/pituitary_tumor/p (163).jpg,34816,512,512
train,Pituitary,pituitary_tumor,p (164).jpg,data/raw/Training/pituitary_tumor/p (164).jpg,34493,512,512
train,Pituitary,pituitary_tumor,p (165).jpg,data/raw/Training/pituitary_tumor/p (165).jpg,34651,512,512
train,Pituitary,pituitary_tumor,p (166).jpg,data/raw/Training/pituitary_tumor/p (166).jpg,29607,512,512
train,Pituitary,pituitary_tumor,p (167).jpg,data/raw/Training/pituitary_tumor/p (167).jpg,30634,512,512
train,Pituitary,pituitary_tumor,p (168).jpg,data/raw/Training/pituitary_tumor/p (168).jpg,31229,512,512
train,Pituitary,pituitary_tumor,p (169).jpg,data/raw/Training/pituitary_tumor/p (169).jpg,31265,512,512
train,Pituitary,pituitary_tumor,p (17).jpg,data/raw/Training/pituitary_tumor/p (17).jpg,29968,512,512
train,Pituitary,pituitary_tumor,p (170).jpg,data/raw/Training/pituitary_tumor/p (170).jpg,29680,512,512
train,Pituitary,pituitary_tumor,p (171).jpg,data/raw/Training/pituitary_tumor/p (171).jpg,30928,512,512
train,Pituitary,pituitary_tumor,p (172).jpg,data/raw/Training/pituitary_tumor/p (172).jpg,29751,512,512
train,Pituitary,pituitary_tumor,p (173).jpg,data/raw/Training/pituitary_tumor/p (173).jpg,28970,512,512
train,Pituitary,pituitary_tumor,p (174).jpg,data/raw/Training/pituitary_tumor/p (174).jpg,29845,512,512
train,Pituitary,pituitary_tumor,p (175).jpg,data/raw/Training/pituitary_tumor/p (175).jpg,29993,512,512
train,Pituitary,pituitary_tumor,p (176).jpg,data/raw/Training/pituitary_tumor/p (176).jpg,30236,512,512
train,Pituitary,pituitary_tumor,p (177).jpg,data/raw/Training/pituitary_tumor/p (177).jpg,32109,512,512
train,Pituitary,pituitary_tumor,p (178).jpg,data/raw/Training/pituitary_tumor/p (178).jpg,32728,512,512
train,Pituitary,pituitary_tumor,p (179).jpg,data/raw/Training/pituitary_tumor/p (179).jpg,38619,512,512
train,Pituitary,pituitary_tumor,p (18).jpg,data/raw/Training/pituitary_tumor/p (18).jpg,30231,512,512
train,Pituitary,pituitary_tumor,p (180).jpg,data/raw/Training/pituitary_tumor/p (180).jpg,36914,512,512
train,Pituitary,pituitary_tumor,p (181).jpg,data/raw/Training/pituitary_tumor/p (181).jpg,40816,512,512
train,Pituitary,pituitary_tumor,p (182).jpg,data/raw/Training/pituitary_tumor/p (182).jpg,39832,512,512
train,Pituitary,pituitary_tumor,p (183).jpg,data/raw/Training/pituitary_tumor/p (183).jpg,39492,512,512
train,Pituitary,pituitary_tumor,p (184).jpg,data/raw/Training/pituitary_tumor/p (184).jpg,30409,512,512
train,Pituitary,pituitary_tumor,p (185).jpg,data/raw/Training/pituitary_tumor/p (185).jpg,31505,512,512
train,Pituitary,pituitary_tumor,p (186).jpg,data/raw/Training/pituitary_tumor/p (186).jpg,31312,512,512
train,Pituitary,pituitary_tumor,p (187).jpg,data/raw/Training/pituitary_tumor/p (187).jpg,30535,512,512
train,Pituitary,pituitary_tumor,p (188).jpg,data/raw/Training/pituitary_tumor/p (188).jpg,32367,512,512
train,Pituitary,pituitary_tumor,p (189).jpg,data/raw/Training/pituitary_tumor/p (189).jpg,31089,512,512
train,Pituitary,pituitary_tumor,p (19).jpg,data/raw/Training/pituitary_tumor/p (19).jpg,28288,512,512
train,Pituitary,pituitary_tumor,p (190).jpg,data/raw/Training/pituitary_tumor/p (190).jpg,32350,512,512
train,Pituitary,pituitary_tumor,p (191).jpg,data/raw/Training/pituitary_tumor/p (191).jpg,32042,512,512
train,Pituitary,pituitary_tumor,p (192).jpg,data/raw/Training/pituitary_tumor/p (192).jpg,31492,512,512
train,Pituitary,pituitary_tumor,p (193).jpg,data/raw/Training/pituitary_tumor/p (193).jpg,30963,512,512
train,Pituitary,pituitary_tumor,p (194).jpg,data/raw/Training/pituitary_tumor/p (194).jpg,33063,512,512
train,Pituitary,pituitary_tumor,p (195).jpg,data/raw/Training/pituitary_tumor/p (195).jpg,32989,512,512
train,Pituitary,pituitary_tumor,p (196).jpg,data/raw/Training/pituitary_tumor/p (196).jpg,33614,512,512
train,Pituitary,pituitary_tumor,p (197).jpg,data/raw/Training/pituitary_tumor/p (197).jpg,33614,512,512
train,Pituitary,pituitary_tumor,p (198).jpg,data/raw/Training/pituitary_tumor/p (198).jpg,34889,512,512
train,Pituitary,pituitary_tumor,p (199).jpg,data/raw/Training/pituitary_tumor/p (199).jpg,30208,512,512
train,Pituitary,pituitary_tumor,p (2).jpg,data/raw/Training/pituitary_tumor/p (2).jpg,34493,512,512
train,Pituitary,pituitary_tumor,p (20).jpg,data/raw/Training/pituitary_tumor/p (20).jpg,24075,512,512
train,Pituitary,pituitary_tumor,p (200).jpg,data/raw/Training/pituitary_tumor/p (200).jpg,30476,512,512
train,Pituitary,pituitary_tumor,p (201).jpg,data/raw/Training/pituitary_tumor/p (201).jpg,31019,512,512
train,Pituitary,pituitary_tumor,p (202).jpg,data/raw/Training/pituitary_tumor/p (202).jpg,31814,512,512
train,Pituitary,pituitary_tumor,p (203).jpg,data/raw/Training/pituitary_tumor/p (203).jpg,31929,512,512
train,Pituitary,pituitary_tumor,p (204).jpg,data/raw/Training/pituitary_tumor/p (204).jpg,33164,512,512
train,Pituitary,pituitary_tumor,p (205).jpg,data/raw/Training/pituitary_tumor/p (205).jpg,30173,512,512
train,Pituitary,pituitary_tumor,p (206).jpg,data/raw/Training/pituitary_tumor/p (206).jpg,30359,512,512
train,Pituitary,pituitary_tumor,p (207).jpg,data/raw/Training/pituitary_tumor/p (207).jpg,37997,512,512
train,Pituitary,pituitary_tumor,p (208).jpg,data/raw/Training/pituitary_tumor/p (208).jpg,38242,512,512
train,Pituitary,pituitary_tumor,p (209).jpg,data/raw/Training/pituitary_tumor/p (209).jpg,33503,512,512
train,Pituitary,pituitary_tumor,p (21).jpg,data/raw/Training/pituitary_tumor/p (21).jpg,21913,512,512
train,Pituitary,pituitary_tumor,p (210).jpg,data/raw/Training/pituitary_tumor/p (210).jpg,34210,512,512
train,Pituitary,pituitary_tumor,p (211).jpg,data/raw/Training/pituitary_tumor/p (211).jpg,32449,512,512
train,Pituitary,pituitary_tumor,p (212).jpg,data/raw/Training/pituitary_tumor/p (212).jpg,36864,512,512
train,Pituitary,pituitary_tumor,p (213).jpg,data/raw/Training/pituitary_tumor/p (213).jpg,38787,512,512
train,Pituitary,pituitary_tumor,p (214).jpg,data/raw/Training/pituitary_tumor/p (214).jpg,40866,512,512
train,Pituitary,pituitary_tumor,p (215).jpg,data/raw/Training/pituitary_tumor/p (215).jpg,35748,512,512
train,Pituitary,pituitary_tumor,p (216).jpg,data/raw/Training/pituitary_tumor/p (216).jpg,31681,512,512
train,Pituitary,pituitary_tumor,p (217).jpg,data/raw/Training/pituitary_tumor/p (217).jpg,32095,512,512
train,Pituitary,pituitary_tumor,p (218).jpg,data/raw/Training/pituitary_tumor/p (218).jpg,32886,512,512
train,Pituitary,pituitary_tumor,p (219).jpg,data/raw/Training/pituitary_tumor/p (219).jpg,33513,512,512
train,Pituitary,pituitary_tumor,p (22).jpg,data/raw/Training/pituitary_tumor/p (22).jpg,21617,512,512
train,Pituitary,pituitary_tumor,p (220).jpg,data/raw/Training/pituitary_tumor/p (220).jpg,32719,512,512
train,Pituitary,pituitary_tumor,p (221).jpg,data/raw/Training/pituitary_tumor/p (221).jpg,29624,512,512
train,Pituitary,pituitary_tumor,p (222).jpg,data/raw/Training/pituitary_tumor/p (222).jpg,28281,512,512
train,Pituitary,pituitary_tumor,p (223).jpg,data/raw/Training/pituitary_tumor/p (223).jpg,29650,512,512
train,Pituitary,pituitary_tumor,p (224).jpg,data/raw/Training/pituitary_tumor/p (224).jpg,31413,512,512
train,Pituitary,pituitary_tumor,p (225).jpg,data/raw/Training/pituitary_tumor/p (225).jpg,30394,512,512
train,Pituitary,pituitary_tumor,p (226).jpg,data/raw/Training/pituitary_tumor/p (226).jpg,29460,512,512
train,Pituitary,pituitary_tumor,p (227).jpg,data/raw/Training/pituitary_tumor/p (227).jpg,28948,512,512
train,Pituitary,pituitary_tumor,p (228).jpg,data/raw/Training/pituitary_tumor/p (228).jpg,29686,512,512
train,Pituitary,pituitary_tumor,p (229).jpg,data/raw/Training/pituitary_tumor/p (229).jpg,28974,512,512
train,Pituitary,pituitary_tumor,p (23).jpg,data/raw/Training/pituitary_tumor/p (23).jpg,24908,512,512
train,Pituitary,pituitary_tumor,p (230).jpg,data/raw/Training/pituitary_tumor/p (230).jpg,27443,512,512
train,Pituitary,pituitary_tumor,p (231).jpg,data/raw/Training/pituitary_tumor/p (231).jpg,29996,512,512
train,Pituitary,pituitary_tumor,p (232).jpg,data/raw/Training/pituitary_tumor/p (232).jpg,30490,512,512
train,Pituitary,pituitary_tumor,p (233).jpg,data/raw/Training/pituitary_tumor/p (233).jpg,29986,512,512
train,Pituitary,pituitary_tumor,p (234).jpg,data/raw/Training/pituitary_tumor/p (234).jpg,30973,512,512
train,Pituitary,pituitary_tumor,p (235).jpg,data/raw/Training/pituitary_tumor/p (235).jpg,29615,512,512
train,Pituitary,pituitary_tumor,p (236).jpg,data/raw/Training/pituitary_tumor/p (236).jpg,29038,512,512
train,Pituitary,pituitary_tumor,p (237).jpg,data/raw/Training/pituitary_tumor/p (237).jpg,29701,512,512
train,Pituitary,pituitary_tumor,p (238).jpg,data/raw/Training/pituitary_tumor/p (238).jpg,37419,512,512
train,Pituitary,pituitary_tumor,p (239).jpg,data/raw/Training/pituitary_tumor/p (239).jpg,37896,512,512
train,Pituitary,pituitary_tumor,p (24).jpg,data/raw/Training/pituitary_tumor/p (24).jpg,22717,512,512
train,Pituitary,pituitary_tumor,p (240).jpg,data/raw/Training/pituitary_tumor/p (240).jpg,39045,512,512
train,Pituitary,pituitary_tumor,p (241).jpg,data/raw/Training/pituitary_tumor/p (241).jpg,34321,512,512
train,Pituitary,pituitary_tumor,p (242).jpg,data/raw/Training/pituitary_tumor/p (242).jpg,34353,512,512
train,Pituitary,pituitary_tumor,p (243).jpg,data/raw/Training/pituitary_tumor/p (243).jpg,34353,512,512
train,Pituitary,pituitary_tumor,p (244).jpg,data/raw/Training/pituitary_tumor/p (244).jpg,32212,512,512
train,Pituitary,pituitary_tumor,p (245).jpg,data/raw/Training/pituitary_tumor/p (245).jpg,34347,512,512
train,Pituitary,pituitary_tumor,p (246).jpg,data/raw/Training/pituitary_tumor/p (246).jpg,33682,512,512
train,Pituitary,pituitary_tumor,p (247).jpg,data/raw/Training/pituitary_tumor/p (247).jpg,34472,512,512
train,Pituitary,pituitary_tumor,p (248).jpg,data/raw/Training/pituitary_tumor/p (248).jpg,34720,512,512
train,Pituitary,pituitary_tumor,p (249).jpg,data/raw/Training/pituitary_tumor/p (249).jpg,35017,512,512
train,Pituitary,pituitary_tumor,p (25).jpg,data/raw/Training/pituitary_tumor/p (25).jpg,22620,512,512
train,Pituitary,pituitary_tumor,p (250).jpg,data/raw/Training/pituitary_tumor/p (250).jpg,37800,512,512
train,Pituitary,pituitary_tumor,p (251).jpg,data/raw/Training/pituitary_tumor/p (251).jpg,37026,512,512
train,Pituitary,pituitary_tumor,p (252).jpg,data/raw/Training/pituitary_tumor/p (252).jpg,37026,512,512
train,Pituitary,pituitary_tumor,p (253).jpg,data/raw/Training/pituitary_tumor/p (253).jpg,38762,512,512
train,Pituitary,pituitary_tumor,p (254).jpg,data/raw/Training/pituitary_tumor/p (254).jpg,39150,512,512
train,Pituitary,pituitary_tumor,p (255).jpg,data/raw/Training/pituitary_tumor/p (255).jpg,34421,512,512
train,Pituitary,pituitary_tumor,p (256).jpg,data/raw/Training/pituitary_tumor/p (256).jpg,33238,512,512
train,Pituitary,pituitary_tumor,p (257).jpg,data/raw/Training/pituitary_tumor/p (257).jpg,33270,512,512
train,Pituitary,pituitary_tumor,p (258).jpg,data/raw/Training/pituitary_tumor/p (258).jpg,33894,512,512
train,Pituitary,pituitary_tumor,p (259).jpg,data/raw/Training/pituitary_tumor/p (259).jpg,35061,512,512
train,Pituitary,pituitary_tumor,p (26).jpg,data/raw/Training/pituitary_tumor/p (26).jpg,36044,512,512
train,Pituitary,pituitary_tumor,p (260).jpg,data/raw/Training/pituitary_tumor/p (260).jpg,34465,512,512
train,Pituitary,pituitary_tumor,p (261).jpg,data/raw/Training/pituitary_tumor/p (261).jpg,33161,512,512
train,Pituitary,pituitary_tumor,p (262).jpg,data/raw/Training/pituitary_tumor/p (262).jpg,29564,512,512
train,Pituitary,pituitary_tumor,p (263).jpg,data/raw/Training/pituitary_tumor/p (263).jpg,31952,512,512
train,Pituitary,pituitary_tumor,p (264).jpg,data/raw/Training/pituitary_tumor/p (264).jpg,31488,512,512
train,Pituitary,pituitary_tumor,p (265).jpg,data/raw/Training/pituitary_tumor/p (265).jpg,32370,512,512
train,Pituitary,pituitary_tumor,p (266).jpg,data/raw/Training/pituitary_tumor/p (266).jpg,35159,512,512
train,Pituitary,pituitary_tumor,p (267).jpg,data/raw/Training/pituitary_tumor/p (267).jpg,36555,512,512
train,Pituitary,pituitary_tumor,p (268).jpg,data/raw/Training/pituitary_tumor/p (268).jpg,38462,512,512
train,Pituitary,pituitary_tumor,p (269).jpg,data/raw/Training/pituitary_tumor/p (269).jpg,37573,512,512
train,Pituitary,pituitary_tumor,p (27).jpg,data/raw/Training/pituitary_tumor/p (27).jpg,34634,512,512
train,Pituitary,pituitary_tumor,p (270).jpg,data/raw/Training/pituitary_tumor/p (270).jpg,34771,512,512
train,Pituitary,pituitary_tumor,p (271).jpg,data/raw/Training/pituitary_tumor/p (271).jpg,35423,512,512
train,Pituitary,pituitary_tumor,p (272).jpg,data/raw/Training/pituitary_tumor/p (272).jpg,34903,512,512
train,Pituitary,pituitary_tumor,p (273).jpg,data/raw/Training/pituitary_tumor/p (273).jpg,29676,512,512
train,Pituitary,pituitary_tumor,p (274).jpg,data/raw/Training/pituitary_tumor/p (274).jpg,32312,512,512
train,Pituitary,pituitary_tumor,p (275).jpg,data/raw/Training/pituitary_tumor/p (275).jpg,32372,512,512
train,Pituitary,pituitary_tumor,p (276).jpg,data/raw/Training/pituitary_tumor/p (276).jpg,32256,512,512
train,Pituitary,pituitary_tumor,p (277).jpg,data/raw/Training/pituitary_tumor/p (277).jpg,36083,512,512
train,Pituitary,pituitary_tumor,p (278).jpg,data/raw/Training/pituitary_tumor/p (278).jpg,36406,512,512
train,Pituitary,pituitary_tumor,p (279).jpg,data/raw/Training/pituitary_tumor/p (279).jpg,36225,512,512
train,Pituitary,pituitary_tumor,p (28).jpg,data/raw/Training/pituitary_tumor/p (28).jpg,34248,512,512
train,Pituitary,pituitary_tumor,p (280).jpg,data/raw/Training/pituitary_tumor/p (280).jpg,36467,512,512
train,Pituitary,pituitary_tumor,p (281).jpg,data/raw/Training/pituitary_tumor/p (281).jpg,36564,512,512
train,Pituitary,pituitary_tumor,p (282).jpg,data/raw/Training/pituitary_tumor/p (282).jpg,33495,512,512
train,Pituitary,pituitary_tumor,p (283).jpg,data/raw/Training/pituitary_tumor/p (283).jpg,29805,512,512
train,Pituitary,pituitary_tumor,p (284).jpg,data/raw/Training/pituitary_tumor/p (284).jpg,35300,512,512
train,Pituitary,pituitary_tumor,p (285).jpg,data/raw/Training/pituitary_tumor/p (285).jpg,36166,512,512
train,Pituitary,pituitary_tumor,p (286).jpg,data/raw/Training/pituitary_tumor/p (286).jpg,37939,512,512
train,Pituitary,pituitary_tumor,p (287).jpg,data/raw/Training/pituitary_tumor/p (287).jpg,38251,512,512
train,Pituitary,pituitary_tumor,p (288).jpg,data/raw/Training/pituitary_tumor/p (288).jpg,37975,512,512
train,Pituitary,pituitary_tumor,p (289).jpg,data/raw/Training/pituitary_tumor/p (289).jpg,38768,512,512
train,Pituitary,pituitary_tumor,p (29).jpg,data/raw/Training/pituitary_tumor/p (29).jpg,34813,512,512
train,Pituitary,pituitary_tumor,p (290).jpg,data/raw/Training/pituitary_tumor/p (290).jpg,39976,512,512
train,Pituitary,pituitary_tumor,p (291).jpg,data/raw/Training/pituitary_tumor/p (291).jpg,38955,512,512
train,Pituitary,pituitary_tumor,p (292).jpg,data/raw/Training/pituitary_tumor/p (292).jpg,37037,512,512
train,Pituitary,pituitary_tumor,p (293).jpg,data/raw/Training/pituitary_tumor/p (293).jpg,29010,512,512
train,Pituitary,pituitary_tumor,p (294).jpg,data/raw/Training/pituitary_tumor/p (294).jpg,30380,512,512
train,Pituitary,pituitary_tumor,p (295).jpg,data/raw/Training/pituitary_tumor/p (295).jpg,30110,512,512
train,Pituitary,pituitary_tumor,p (296).jpg,data/raw/Training/pituitary_tumor/p (296).jpg,31585,512,512
train,Pituitary,pituitary_tumor,p (297).jpg,data/raw/Training/pituitary_tumor/p (297).jpg,33069,512,512
train,Pituitary,pituitary_tumor,p (298).jpg,data/raw/Training/pituitary_tumor/p (298).jpg,32094,512,512
train,Pituitary,pituitary_tumor,p (299).jpg,data/raw/Training/pituitary_tumor/p (299).jpg,32733,512,512
train,Pituitary,pituitary_tumor,p (3).jpg,data/raw/Training/pituitary_tumor/p (3).jpg,33223,512,512
train,Pituitary,pituitary_tumor,p (30).jpg,data/raw/Training/pituitary_tumor/p (30).jpg,33773,512,512
train,Pituitary,pituitary_tumor,p (300).jpg,data/raw/Training/pituitary_tumor/p (300).jpg,33446,512,512
train,Pituitary,pituitary_tumor,p (301).jpg,data/raw/Training/pituitary_tumor/p (301).jpg,30540,512,512
train,Pituitary,pituitary_tumor,p (302).jpg,data/raw/Training/pituitary_tumor/p (302).jpg,30598,512,512
train,Pituitary,pituitary_tumor,p (303).jpg,data/raw/Training/pituitary_tumor/p (303).jpg,30598,512,512
train,Pituitary,pituitary_tumor,p (304).jpg,data/raw/Training/pituitary_tumor/p (304).jpg,30649,512,512
train,Pituitary,pituitary_tumor,p (305).jpg,data/raw/Training/pituitary_tumor/p (305).jpg,29629,512,512
train,Pituitary,pituitary_tumor,p (306).jpg,data/raw/Training/pituitary_tumor/p (306).jpg,28388,512,512
train,Pituitary,pituitary_tumor,p (307).jpg,data/raw/Training/pituitary_tumor/p (307).jpg,28851,512,512
train,Pituitary,pituitary_tumor,p (308).jpg,data/raw/Training/pituitary_tumor/p (308).jpg,28934,512,512
train,Pituitary,pituitary_tumor,p (309).jpg,data/raw/Training/pituitary_tumor/p (309).jpg,30554,512,512
train,Pituitary,pituitary_tumor,p (31).jpg,data/raw/Training/pituitary_tumor/p (31).jpg,33345,512,512
train,Pituitary,pituitary_tumor,p (310).jpg,data/raw/Training/pituitary_tumor/p (310).jpg,37266,512,512
train,Pituitary,pituitary_tumor,p (311).jpg,data/raw/Training/pituitary_tumor/p (311).jpg,38195,512,512
train,Pituitary,pituitary_tumor,p (312).jpg,data/raw/Training/pituitary_tumor/p (312).jpg,38021,512,512
train,Pituitary,pituitary_tumor,p (313).jpg,data/raw/Training/pituitary_tumor/p (313).jpg,31120,512,512
train,Pituitary,pituitary_tumor,p (314).jpg,data/raw/Training/pituitary_tumor/p (314).jpg,32625,512,512
train,Pituitary,pituitary_tumor,p (315).jpg,data/raw/Training/pituitary_tumor/p (315).jpg,32522,512,512
train,Pituitary,pituitary_tumor,p (316).jpg,data/raw/Training/pituitary_tumor/p (316).jpg,32039,512,512
train,Pituitary,pituitary_tumor,p (317).jpg,data/raw/Training/pituitary_tumor/p (317).jpg,32030,512,512
train,Pituitary,pituitary_tumor,p (318).jpg,data/raw/Training/pituitary_tumor/p (318).jpg,36618,512,512
train,Pituitary,pituitary_tumor,p (319).jpg,data/raw/Training/pituitary_tumor/p (319).jpg,37587,512,512
train,Pituitary,pituitary_tumor,p (32).jpg,data/raw/Training/pituitary_tumor/p (32).jpg,31927,512,512
train,Pituitary,pituitary_tumor,p (320).jpg,data/raw/Training/pituitary_tumor/p (320).jpg,37688,512,512
train,Pituitary,pituitary_tumor,p (321).jpg,data/raw/Training/pituitary_tumor/p (321).jpg,35348,512,512
train,Pituitary,pituitary_tumor,p (322).jpg,data/raw/Training/pituitary_tumor/p (322).jpg,37264,512,512
train,Pituitary,pituitary_tumor,p (323).jpg,data/raw/Training/pituitary_tumor/p (323).jpg,36170,512,512
train,Pituitary,pituitary_tumor,p (324).jpg,data/raw/Training/pituitary_tumor/p (324).jpg,36942,512,512
train,Pituitary,pituitary_tumor,p (325).jpg,data/raw/Training/pituitary_tumor/p (325).jpg,38447,512,512
train,Pituitary,pituitary_tumor,p (326).jpg,data/raw/Training/pituitary_tumor/p (326).jpg,34719,512,512
train,Pituitary,pituitary_tumor,p (327).jpg,data/raw/Training/pituitary_tumor/p (327).jpg,33503,512,512
train,Pituitary,pituitary_tumor,p (328).jpg,data/raw/Training/pituitary_tumor/p (328).jpg,34410,512,512
train,Pituitary,pituitary_tumor,p (329).jpg,data/raw/Training/pituitary_tumor/p (329).jpg,34421,512,512
train,Pituitary,pituitary_tumor,p (33).jpg,data/raw/Training/pituitary_tumor/p (33).jpg,35858,512,512
train,Pituitary,pituitary_tumor,p (330).jpg,data/raw/Training/pituitary_tumor/p (330).jpg,33233,512,512
train,Pituitary,pituitary_tumor,p (331).jpg,data/raw/Training/pituitary_tumor/p (331).jpg,33489,512,512
train,Pituitary,pituitary_tumor,p (332).jpg,data/raw/Training/pituitary_tumor/p (332).jpg,32658,512,512
train,Pituitary,pituitary_tumor,p (333).jpg,data/raw/Training/pituitary_tumor/p (333).jpg,31148,512,512
train,Pituitary,pituitary_tumor,p (334).jpg,data/raw/Training/pituitary_tumor/p (334).jpg,32557,512,512
train,Pituitary,pituitary_tumor,p (335).jpg,data/raw/Training/pituitary_tumor/p (335).jpg,34805,512,512
train,Pituitary,pituitary_tumor,p (336).jpg,data/raw/Training/pituitary_tumor/p (336).jpg,34036,512,512
train,Pituitary,pituitary_tumor,p (337).jpg,data/raw/Training/pituitary_tumor/p (337).jpg,34640,512,512
train,Pituitary,pituitary_tumor,p (338).jpg,data/raw/Training/pituitary_tumor/p (338).jpg,38841,512,512
train,Pituitary,pituitary_tumor,p (339).jpg,data/raw/Training/pituitary_tumor/p (339).jpg,38570,512,512
train,Pituitary,pituitary_tumor,p (34).jpg,data/raw/Training/pituitary_tumor/p (34).jpg,35593,512,512
train,Pituitary,pituitary_tumor,p (340).jpg,data/raw/Training/pituitary_tumor/p (340).jpg,32414,512,512
train,Pituitary,pituitary_tumor,p (341).jpg,data/raw/Training/pituitary_tumor/p (341).jpg,33335,512,512
train,Pituitary,pituitary_tumor,p (342).jpg,data/raw/Training/pituitary_tumor/p (342).jpg,33634,512,512
train,Pituitary,pituitary_tumor,p (343).jpg,data/raw/Training/pituitary_tumor/p (343).jpg,34197,512,512
train,Pituitary,pituitary_tumor,p (344).jpg,data/raw/Training/pituitary_tumor/p (344).jpg,31514,512,512
train,Pituitary,pituitary_tumor,p (345).jpg,data/raw/Training/pituitary_tumor/p (345).jpg,32363,512,512
train,Pituitary,pituitary_tumor,p (346).jpg,data/raw/Training/pituitary_tumor/p (346).jpg,36960,512,512
train,Pituitary,pituitary_tumor,p (347).jpg,data/raw/Training/pituitary_tumor/p (347).jpg,35548,512,512
train,Pituitary,pituitary_tumor,p (348).jpg,data/raw/Training/pituitary_tumor/p (348).jpg,36855,512,512
train,Pituitary,pituitary_tumor,p (349).jpg,data/raw/Training/pituitary_tumor/p (349).jpg,36433,512,512
train,Pituitary,pituitary_tumor,p (35).jpg,data/raw/Training/pituitary_tumor/p (35).jpg,33539,512,512
train,Pituitary,pituitary_tumor,p (350).jpg,data/raw/Training/pituitary_tumor/p (350).jpg,35476,512,512
train,Pituitary,pituitary_tumor,p (351).jpg,data/raw/Training/pituitary_tumor/p (351).jpg,34481,512,512
train,Pituitary,pituitary_tumor,p (352).jpg,data/raw/Training/pituitary_tumor/p (352).jpg,36513,512,512
train,Pituitary,pituitary_tumor,p (353).jpg,data/raw/Training/pituitary_tumor/p (353).jpg,34065,512,512
train,Pituitary,pituitary_tumor,p (354).jpg,data/raw/Training/pituitary_tumor/p (354).jpg,34063,512,512
train,Pituitary,pituitary_tumor,p (355).jpg,data/raw/Training/pituitary_tumor/p (355).jpg,35523,512,512
train,Pituitary,pituitary_tumor,p (356).jpg,data/raw/Training/pituitary_tumor/p (356).jpg,34005,512,512
train,Pituitary,pituitary_tumor,p (357).jpg,data/raw/Training/pituitary_tumor/p (357).jpg,37796,512,512
train,Pituitary,pituitary_tumor,p (358).jpg,data/raw/Training/pituitary_tumor/p (358).jpg,40103,512,512
train,Pituitary,pituitary_tumor,p (359).jpg,data/raw/Training/pituitary_tumor/p (359).jpg,39477,512,512
train,Pituitary,pituitary_tumor,p (36).jpg,data/raw/Training/pituitary_tumor/p (36).jpg,35834,512,512
train,Pituitary,pituitary_tumor,p (360).jpg,data/raw/Training/pituitary_tumor/p (360).jpg,39808,512,512
train,Pituitary,pituitary_tumor,p (361).jpg,data/raw/Training/pituitary_tumor/p (361).jpg,33168,512,512
train,Pituitary,pituitary_tumor,p (362).jpg,data/raw/Training/pituitary_tumor/p (362).jpg,35732,512,512
train,Pituitary,pituitary_tumor,p (363).jpg,data/raw/Training/pituitary_tumor/p (363).jpg,36162,512,512
train,Pituitary,pituitary_tumor,p (364).jpg,data/raw/Training/pituitary_tumor/p (364).jpg,36194,512,512
train,Pituitary,pituitary_tumor,p (365).jpg,data/raw/Training/pituitary_tumor/p (365).jpg,37650,512,512
train,Pituitary,pituitary_tumor,p (366).jpg,data/raw/Training/pituitary_tumor/p (366).jpg,36840,512,512
train,Pituitary,pituitary_tumor,p (367).jpg,data/raw/Training/pituitary_tumor/p (367).jpg,36496,512,512
train,Pituitary,pituitary_tumor,p (368).jpg,data/raw/Training/pituitary_tumor/p (368).jpg,35819,512,512
train,Pituitary,pituitary_tumor,p (369).jpg,data/raw/Training/pituitary_tumor/p (369).jpg,34350,512,512
train,Pituitary,pituitary_tumor,p (37).jpg,data/raw/Training/pituitary_tumor/p (37).jpg,35777,512,512
train,Pituitary,pituitary_tumor,p (370).jpg,data/raw/Training/pituitary_tumor/p (370).jpg,37021,512,512
train,Pituitary,pituitary_tumor,p (371).jpg,data/raw/Training/pituitary_tumor/p (371).jpg,37905,512,512
train,Pituitary,pituitary_tumor,p (372).jpg,data/raw/Training/pituitary_tumor/p (372).jpg,37240,512,512
train,Pituitary,pituitary_tumor,p (373).jpg,data/raw/Training/pituitary_tumor/p (373).jpg,39877,512,512
train,Pituitary,pituitary_tumor,p (374).jpg,data/raw/Training/pituitary_tumor/p (374).jpg,36306,512,512
train,Pituitary,pituitary_tumor,p (375).jpg,data/raw/Training/pituitary_tumor/p (375).jpg,33624,512,512
train,Pituitary,pituitary_tumor,p (376).jpg,data/raw/Training/pituitary_tumor/p (376).jpg,37066,512,512
train,Pituitary,pituitary_tumor,p (377).jpg,data/raw/Training/pituitary_tumor/p (377).jpg,34081,512,512
train,Pituitary,pituitary_tumor,p (378).jpg,data/raw/Training/pituitary_tumor/p (378).jpg,34387,512,512
train,Pituitary,pituitary_tumor,p (379).jpg,data/raw/Training/pituitary_tumor/p (379).jpg,34640,512,512
train,Pituitary,pituitary_tumor,p (38).jpg,data/raw/Training/pituitary_tumor/p (38).jpg,35392,512,512
train,Pituitary,pituitary_tumor,p (380).jpg,data/raw/Training/pituitary_tumor/p (380).jpg,34407,512,512
train,Pituitary,pituitary_tumor,p (381).jpg,data/raw/Training/pituitary_tumor/p (381).jpg,34925,512,512
train,Pituitary,pituitary_tumor,p (382).jpg,data/raw/Training/pituitary_tumor/p (382).jpg,35398,512,512
train,Pituitary,pituitary_tumor,p (383).jpg,data/raw/Training/pituitary_tumor/p (383).jpg,32651,512,512
train,Pituitary,pituitary_tumor,p (384).jpg,data/raw/Training/pituitary_tumor/p (384).jpg,32902,512,512
train,Pituitary,pituitary_tumor,p (385).jpg,data/raw/Training/pituitary_tumor/p (385).jpg,35075,512,512
train,Pituitary,pituitary_tumor,p (386).jpg,data/raw/Training/pituitary_tumor/p (386).jpg,34566,512,512
train,Pituitary,pituitary_tumor,p (387).jpg,data/raw/Training/pituitary_tumor/p (387).jpg,33690,512,512
train,Pituitary,pituitary_tumor,p (388).jpg,data/raw/Training/pituitary_tumor/p (388).jpg,33561,512,512
train,Pituitary,pituitary_tumor,p (389).jpg,data/raw/Training/pituitary_tumor/p (389).jpg,33561,512,512
train,Pituitary,pituitary_tumor,p (39).jpg,data/raw/Training/pituitary_tumor/p (39).jpg,35293,512,512
train,Pituitary,pituitary_tumor,p (390).jpg,data/raw/Training/pituitary_tumor/p (390).jpg,32970,512,512
train,Pituitary,pituitary_tumor,p (391).jpg,data/raw/Training/pituitary_tumor/p (391).jpg,34577,512,512
train,Pituitary,pituitary_tumor,p (392).jpg,data/raw/Training/pituitary_tumor/p (392).jpg,35032,512,512
train,Pituitary,pituitary_tumor,p (393).jpg,data/raw/Training/pituitary_tumor/p (393).jpg,34182,512,512
train,Pituitary,pituitary_tumor,p (394).jpg,data/raw/Training/pituitary_tumor/p (394).jpg,35635,512,512
train,Pituitary,pituitary_tumor,p (395).jpg,data/raw/Training/pituitary_tumor/p (395).jpg,33928,512,512
train,Pituitary,pituitary_tumor,p (396).jpg,data/raw/Training/pituitary_tumor/p (396).jpg,36244,512,512
train,Pituitary,pituitary_tumor,p (397).jpg,data/raw/Training/pituitary_tumor/p (397).jpg,36129,512,512
train,Pituitary,pituitary_tumor,p (398).jpg,data/raw/Training/pituitary_tumor/p (398).jpg,36287,512,512
train,Pituitary,pituitary_tumor,p (399).jpg,data/raw/Training/pituitary_tumor/p (399).jpg,36646,512,512
train,Pituitary,pituitary_tumor,p (4).jpg,data/raw/Training/pituitary_tumor/p (4).jpg,32689,512,512
train,Pituitary,pituitary_tumor,p (40).jpg,data/raw/Training/pituitary_tumor/p (40).jpg,32262,512,512
train,Pituitary,pituitary_tumor,p (400).jpg,data/raw/Training/pituitary_tumor/p (400).jpg,36538,512,512
train,Pituitary,pituitary_tumor,p (401).jpg,data/raw/Training/pituitary_tumor/p (401).jpg,36167,512,512
train,Pituitary,pituitary_tumor,p (402).jpg,data/raw/Training/pituitary_tumor/p (402).jpg,36278,512,512
train,Pituitary,pituitary_tumor,p (403).jpg,data/raw/Training/pituitary_tumor/p (403).jpg,36985,512,512
train,Pituitary,pituitary_tumor,p (404).jpg,data/raw/Training/pituitary_tumor/p (404).jpg,37497,512,512
train,Pituitary,pituitary_tumor,p (405).jpg,data/raw/Training/pituitary_tumor/p (405).jpg,36135,512,512
train,Pituitary,pituitary_tumor,p (406).jpg,data/raw/Training/pituitary_tumor/p (406).jpg,37494,512,512
train,Pituitary,pituitary_tumor,p (407).jpg,data/raw/Training/pituitary_tumor/p (407).jpg,35906,512,512
train,Pituitary,pituitary_tumor,p (408).jpg,data/raw/Training/pituitary_tumor/p (408).jpg,35906,512,512
train,Pituitary,pituitary_tumor,p (409).jpg,data/raw/Training/pituitary_tumor/p (409).jpg,29327,512,512
train,Pituitary,pituitary_tumor,p (41).jpg,data/raw/Training/pituitary_tumor/p (41).jpg,38249,512,512
train,Pituitary,pituitary_tumor,p (410).jpg,data/raw/Training/pituitary_tumor/p (410).jpg,28479,512,512
train,Pituitary,pituitary_tumor,p (411).jpg,data/raw/Training/pituitary_tumor/p (411).jpg,31841,512,512
train,Pituitary,pituitary_tumor,p (412).jpg,data/raw/Training/pituitary_tumor/p (412).jpg,30683,512,512
train,Pituitary,pituitary_tumor,p (413).jpg,data/raw/Training/pituitary_tumor/p (413).jpg,29536,512,512
train,Pituitary,pituitary_tumor,p (414).jpg,data/raw/Training/pituitary_tumor/p (414).jpg,27955,512,512
train,Pituitary,pituitary_tumor,p (415).jpg,data/raw/Training/pituitary_tumor/p (415).jpg,36030,512,512
train,Pituitary,pituitary_tumor,p (416).jpg,data/raw/Training/pituitary_tumor/p (416).jpg,37355,512,512
train,Pituitary,pituitary_tumor,p (417).jpg,data/raw/Training/pituitary_tumor/p (417).jpg,36981,512,512
train,Pituitary,pituitary_tumor,p (418).jpg,data/raw/Training/pituitary_tumor/p (418).jpg,34495,512,512
train,Pituitary,pituitary_tumor,p (419).jpg,data/raw/Training/pituitary_tumor/p (419).jpg,34502,512,512
train,Pituitary,pituitary_tumor,p (42).jpg,data/raw/Training/pituitary_tumor/p (42).jpg,38790,512,512
train,Pituitary,pituitary_tumor,p (420).jpg,data/raw/Training/pituitary_tumor/p (420).jpg,34829,512,512
train,Pituitary,pituitary_tumor,p (421).jpg,data/raw/Training/pituitary_tumor/p (421).jpg,36454,512,512
train,Pituitary,pituitary_tumor,p (422).jpg,data/raw/Training/pituitary_tumor/p (422).jpg,36321,512,512
train,Pituitary,pituitary_tumor,p (423).jpg,data/raw/Training/pituitary_tumor/p (423).jpg,34302,512,512
train,Pituitary,pituitary_tumor,p (424).jpg,data/raw/Training/pituitary_tumor/p (424).jpg,16383,256,256
train,Pituitary,pituitary_tumor,p (425).jpg,data/raw/Training/pituitary_tumor/p (425).jpg,16482,256,256
train,Pituitary,pituitary_tumor,p (426).jpg,data/raw/Training/pituitary_tumor/p (426).jpg,17343,256,256
train,Pituitary,pituitary_tumor,p (427).jpg,data/raw/Training/pituitary_tumor/p (427).jpg,16597,256,256
train,Pituitary,pituitary_tumor,p (428).jpg,data/raw/Training/pituitary_tumor/p (428).jpg,15847,256,256
train,Pituitary,pituitary_tumor,p (429).jpg,data/raw/Training/pituitary_tumor/p (429).jpg,31212,512,512
train,Pituitary,pituitary_tumor,p (43).jpg,data/raw/Training/pituitary_tumor/p (43).jpg,33959,512,512
train,Pituitary,pituitary_tumor,p (430).jpg,data/raw/Training/pituitary_tumor/p (430).jpg,32178,512,512
train,Pituitary,pituitary_tumor,p (431).jpg,data/raw/Training/pituitary_tumor/p (431).jpg,33465,512,512
train,Pituitary,pituitary_tumor,p (432).jpg,data/raw/Training/pituitary_tumor/p (432).jpg,31719,512,512
train,Pituitary,pituitary_tumor,p (433).jpg,data/raw/Training/pituitary_tumor/p (433).jpg,30929,512,512
train,Pituitary,pituitary_tumor,p (434).jpg,data/raw/Training/pituitary_tumor/p (434).jpg,31127,512,512
train,Pituitary,pituitary_tumor,p (435).jpg,data/raw/Training/pituitary_tumor/p (435).jpg,36984,512,512
train,Pituitary,pituitary_tumor,p (436).jpg,data/raw/Training/pituitary_tumor/p (436).jpg,37066,512,512
train,Pituitary,pituitary_tumor,p (437).jpg,data/raw/Training/pituitary_tumor/p (437).jpg,35643,512,512
train,Pituitary,pituitary_tumor,p (438).jpg,data/raw/Training/pituitary_tumor/p (438).jpg,33116,512,512
train,Pituitary,pituitary_tumor,p (439).jpg,data/raw/Training/pituitary_tumor/p (439).jpg,33331,512,512
train,Pituitary,pituitary_tumor,p (44).jpg,data/raw/Training/pituitary_tumor/p (44).jpg,33571,512,512
train,Pituitary,pituitary_tumor,p (440).jpg,data/raw/Training/pituitary_tumor/p (440).jpg,35865,512,512
train,Pituitary,pituitary_tumor,p (441).jpg,data/raw/Training/pituitary_tumor/p (441).jpg,32107,512,512
train,Pituitary,pituitary_tumor,p (442).jpg,data/raw/Training/pituitary_tumor/p (442).jpg,32226,512,512
train,Pituitary,pituitary_tumor,p (443).jpg,data/raw/Training/pituitary_tumor/p (443).jpg,29739,512,512
train,Pituitary,pituitary_tumor,p (444).jpg,data/raw/Training/pituitary_tumor/p (444).jpg,31178,512,512
train,Pituitary,pituitary_tumor,p (445).jpg,data/raw/Training/pituitary_tumor/p (445).jpg,30476,512,512
train,Pituitary,pituitary_tumor,p (446).jpg,data/raw/Training/pituitary_tumor/p (446).jpg,32488,512,512
train,Pituitary,pituitary_tumor,p (447).jpg,data/raw/Training/pituitary_tumor/p (447).jpg,30303,512,512
train,Pituitary,pituitary_tumor,p (448).jpg,data/raw/Training/pituitary_tumor/p (448).jpg,32419,512,512
train,Pituitary,pituitary_tumor,p (449).jpg,data/raw/Training/pituitary_tumor/p (449).jpg,32871,512,512
train,Pituitary,pituitary_tumor,p (45).jpg,data/raw/Training/pituitary_tumor/p (45).jpg,36739,512,512
train,Pituitary,pituitary_tumor,p (450).jpg,data/raw/Training/pituitary_tumor/p (450).jpg,35645,512,512
train,Pituitary,pituitary_tumor,p (451).jpg,data/raw/Training/pituitary_tumor/p (451).jpg,35081,512,512
train,Pituitary,pituitary_tumor,p (452).jpg,data/raw/Training/pituitary_tumor/p (452).jpg,35570,512,512
train,Pituitary,pituitary_tumor,p (453).jpg,data/raw/Training/pituitary_tumor/p (453).jpg,37333,512,512
train,Pituitary,pituitary_tumor,p (454).jpg,data/raw/Training/pituitary_tumor/p (454).jpg,36479,512,512
train,Pituitary,pituitary_tumor,p (455).jpg,data/raw/Training/pituitary_tumor/p (455).jpg,35761,512,512
train,Pituitary,pituitary_tumor,p (456).jpg,data/raw/Training/pituitary_tumor/p (456).jpg,37327,512,512
train,Pituitary,pituitary_tumor,p (457).jpg,data/raw/Training/pituitary_tumor/p (457).jpg,34602,512,512
train,Pituitary,pituitary_tumor,p (458).jpg,data/raw/Training/pituitary_tumor/p (458).jpg,34727,512,512
train,Pituitary,pituitary_tumor,p (459).jpg,data/raw/Training/pituitary_tumor/p (459).jpg,37393,512,512
train,Pituitary,pituitary_tumor,p (46).jpg,data/raw/Training/pituitary_tumor/p (46).jpg,36208,512,512
train,Pituitary,pituitary_tumor,p (460).jpg,data/raw/Training/pituitary_tumor/p (460).jpg,32157,512,512
train,Pituitary,pituitary_tumor,p (461).jpg,data/raw/Training/pituitary_tumor/p (461).jpg,33284,512,512
train,Pituitary,pituitary_tumor,p (462).jpg,data/raw/Training/pituitary_tumor/p (462).jpg,35946,512,512
train,Pituitary,pituitary_tumor,p (463).jpg,data/raw/Training/pituitary_tumor/p (463).jpg,31963,512,512
train,Pituitary,pituitary_tumor,p (464).jpg,data/raw/Training/pituitary_tumor/p (464).jpg,31022,512,512
train,Pituitary,pituitary_tumor,p (465).jpg,data/raw/Training/pituitary_tumor/p (465).jpg,35790,512,512
train,Pituitary,pituitary_tumor,p (466).jpg,data/raw/Training/pituitary_tumor/p (466).jpg,35852,512,512
train,Pituitary,pituitary_tumor,p (467).jpg,data/raw/Training/pituitary_tumor/p (467).jpg,36773,512,512
train,Pituitary,pituitary_tumor,p (468).jpg,data/raw/Training/pituitary_tumor/p (468).jpg,37011,512,512
train,Pituitary,pituitary_tumor,p (469).jpg,data/raw/Training/pituitary_tumor/p (469).jpg,32452,512,512
train,Pituitary,pituitary_tumor,p (47).jpg,data/raw/Training/pituitary_tumor/p (47).jpg,35667,512,512
train,Pituitary,pituitary_tumor,p (470).jpg,data/raw/Training/pituitary_tumor/p (470).jpg,36187,512,512
train,Pituitary,pituitary_tumor,p (471).jpg,data/raw/Training/pituitary_tumor/p (471).jpg,33636,512,512
train,Pituitary,pituitary_tumor,p (472).jpg,data/raw/Training/pituitary_tumor/p (472).jpg,33689,512,512
train,Pituitary,pituitary_tumor,p (473).jpg,data/raw/Training/pituitary_tumor/p (473).jpg,34047,512,512
train,Pituitary,pituitary_tumor,p (474).jpg,data/raw/Training/pituitary_tumor/p (474).jpg,34156,512,512
train,Pituitary,pituitary_tumor,p (475).jpg,data/raw/Training/pituitary_tumor/p (475).jpg,34094,512,512
train,Pituitary,pituitary_tumor,p (476).jpg,data/raw/Training/pituitary_tumor/p (476).jpg,34508,512,512
train,Pituitary,pituitary_tumor,p (477).jpg,data/raw/Training/pituitary_tumor/p (477).jpg,33027,512,512
train,Pituitary,pituitary_tumor,p (478).jpg,data/raw/Training/pituitary_tumor/p (478).jpg,34454,512,512
train,Pituitary,pituitary_tumor,p (479).jpg,data/raw/Training/pituitary_tumor/p (479).jpg,31263,512,512
train,Pituitary,pituitary_tumor,p (48).jpg,data/raw/Training/pituitary_tumor/p (48).jpg,35512,512,512
train,Pituitary,pituitary_tumor,p (480).jpg,data/raw/Training/pituitary_tumor/p (480).jpg,35369,512,512
train,Pituitary,pituitary_tumor,p (481).jpg,data/raw/Training/pituitary_tumor/p (481).jpg,35846,512,512
train,Pituitary,pituitary_tumor,p (482).jpg,data/raw/Training/pituitary_tumor/p (482).jpg,35834,512,512
train,Pituitary,pituitary_tumor,p (483).jpg,data/raw/Training/pituitary_tumor/p (483).jpg,35831,512,512
train,Pituitary,pituitary_tumor,p (484).jpg,data/raw/Training/pituitary_tumor/p (484).jpg,35871,512,512
train,Pituitary,pituitary_tumor,p (485).jpg,data/raw/Training/pituitary_tumor/p (485).jpg,33005,512,512
train,Pituitary,pituitary_tumor,p (486).jpg,data/raw/Training/pituitary_tumor/p (486).jpg,34743,512,512
train,Pituitary,pituitary_tumor,p (487).jpg,data/raw/Training/pituitary_tumor/p (487).jpg,33542,512,512
train,Pituitary,pituitary_tumor,p (488).jpg,data/raw/Training/pituitary_tumor/p (488).jpg,13847,256,256
train,Pituitary,pituitary_tumor,p (489).jpg,data/raw/Training/pituitary_tumor/p (489).jpg,14157,256,256
train,Pituitary,pituitary_tumor,p (49).jpg,data/raw/Training/pituitary_tumor/p (49).jpg,34625,512,512
train,Pituitary,pituitary_tumor,p (490).jpg,data/raw/Training/pituitary_tumor/p (490).jpg,14462,256,256
train,Pituitary,pituitary_tumor,p (491).jpg,data/raw/Training/pituitary_tumor/p (491).jpg,14957,256,256
train,Pituitary,pituitary_tumor,p (492).jpg,data/raw/Training/pituitary_tumor/p (492).jpg,13808,256,256
train,Pituitary,pituitary_tumor,p (493).jpg,data/raw/Training/pituitary_tumor/p (493).jpg,36658,512,512
train,Pituitary,pituitary_tumor,p (494).jpg,data/raw/Training/pituitary_tumor/p (494).jpg,36573,512,512
train,Pituitary,pituitary_tumor,p (495).jpg,data/raw/Training/pituitary_tumor/p (495).jpg,33325,512,512
train,Pituitary,pituitary_tumor,p (496).jpg,data/raw/Training/pituitary_tumor/p (496).jpg,34840,512,512
train,Pituitary,pituitary_tumor,p (497).jpg,data/raw/Training/pituitary_tumor/p (497).jpg,36727,512,512
train,Pituitary,pituitary_tumor,p (498).jpg,data/raw/Training/pituitary_tumor/p (498).jpg,36479,512,512
train,Pituitary,pituitary_tumor,p (499).jpg,data/raw/Training/pituitary_tumor/p (499).jpg,37754,512,512
train,Pituitary,pituitary_tumor,p (5).jpg,data/raw/Training/pituitary_tumor/p (5).jpg,33723,512,512
train,Pituitary,pituitary_tumor,p (50).jpg,data/raw/Training/pituitary_tumor/p (50).jpg,36207,512,512
train,Pituitary,pituitary_tumor,p (500).jpg,data/raw/Training/pituitary_tumor/p (500).jpg,32834,512,512
train,Pituitary,pituitary_tumor,p (501).jpg,data/raw/Training/pituitary_tumor/p (501).jpg,33494,512,512
train,Pituitary,pituitary_tumor,p (502).jpg,data/raw/Training/pituitary_tumor/p (502).jpg,35340,512,512
train,Pituitary,pituitary_tumor,p (503).jpg,data/raw/Training/pituitary_tumor/p (503).jpg,34771,512,512
train,Pituitary,pituitary_tumor,p (504).jpg,data/raw/Training/pituitary_tumor/p (504).jpg,37150,512,512
train,Pituitary,pituitary_tumor,p (505).jpg,data/raw/Training/pituitary_tumor/p (505).jpg,38070,512,512
train,Pituitary,pituitary_tumor,p (506).jpg,data/raw/Training/pituitary_tumor/p (506).jpg,39538,512,512
train,Pituitary,pituitary_tumor,p (507).jpg,data/raw/Training/pituitary_tumor/p (507).jpg,38673,512,512
train,Pituitary,pituitary_tumor,p (508).jpg,data/raw/Training/pituitary_tumor/p (508).jpg,34102,512,512
train,Pituitary,pituitary_tumor,p (509).jpg,data/raw/Training/pituitary_tumor/p (509).jpg,36430,512,512
train,Pituitary,pituitary_tumor,p (51).jpg,data/raw/Training/pituitary_tumor/p (51).jpg,35885,512,512
train,Pituitary,pituitary_tumor,p (510).jpg,data/raw/Training/pituitary_tumor/p (510).jpg,37470,512,512
train,Pituitary,pituitary_tumor,p (511).jpg,data/raw/Training/pituitary_tumor/p (511).jpg,37462,512,512
train,Pituitary,pituitary_tumor,p (512).jpg,data/raw/Training/pituitary_tumor/p (512).jpg,36484,512,512
train,Pituitary,pituitary_tumor,p (513).jpg,data/raw/Training/pituitary_tumor/p (513).jpg,36556,512,512
train,Pituitary,pituitary_tumor,p (514).jpg,data/raw/Training/pituitary_tumor/p (514).jpg,36359,512,512
train,Pituitary,pituitary_tumor,p (515).jpg,data/raw/Training/pituitary_tumor/p (515).jpg,39368,512,512
train,Pituitary,pituitary_tumor,p (516).jpg,data/raw/Training/pituitary_tumor/p (516).jpg,37482,512,512
train,Pituitary,pituitary_tumor,p (517).jpg,data/raw/Training/pituitary_tumor/p (517).jpg,37573,512,512
train,Pituitary,pituitary_tumor,p (518).jpg,data/raw/Training/pituitary_tumor/p (518).jpg,37834,512,512
train,Pituitary,pituitary_tumor,p (519).jpg,data/raw/Training/pituitary_tumor/p (519).jpg,35577,512,512
train,Pituitary,pituitary_tumor,p (52).jpg,data/raw/Training/pituitary_tumor/p (52).jpg,36829,512,512
train,Pituitary,pituitary_tumor,p (520).jpg,data/raw/Training/pituitary_tumor/p (520).jpg,33258,512,512
train,Pituitary,pituitary_tumor,p (521).jpg,data/raw/Training/pituitary_tumor/p (521).jpg,34571,512,512
train,Pituitary,pituitary_tumor,p (522).jpg,data/raw/Training/pituitary_tumor/p (522).jpg,34304,512,512
train,Pituitary,pituitary_tumor,p (523).jpg,data/raw/Training/pituitary_tumor/p (523).jpg,33015,512,512
train,Pituitary,pituitary_tumor,p (524).jpg,data/raw/Training/pituitary_tumor/p (524).jpg,33421,512,512
train,Pituitary,pituitary_tumor,p (525).jpg,data/raw/Training/pituitary_tumor/p (525).jpg,30565,512,512
train,Pituitary,pituitary_tumor,p (526).jpg,data/raw/Training/pituitary_tumor/p (526).jpg,35686,512,512
train,Pituitary,pituitary_tumor,p (527).jpg,data/raw/Training/pituitary_tumor/p (527).jpg,35320,512,512
train,Pituitary,pituitary_tumor,p (528).jpg,data/raw/Training/pituitary_tumor/p (528).jpg,32979,512,512
train,Pituitary,pituitary_tumor,p (529).jpg,data/raw/Training/pituitary_tumor/p (529).jpg,33482,512,512
train,Pituitary,pituitary_tumor,p (53).jpg,data/raw/Training/pituitary_tumor/p (53).jpg,35104,512,512
train,Pituitary,pituitary_tumor,p (530).jpg,data/raw/Training/pituitary_tumor/p (530).jpg,32488,512,512
train,Pituitary,pituitary_tumor,p (531).jpg,data/raw/Training/pituitary_tumor/p (531).jpg,34423,512,512
train,Pituitary,pituitary_tumor,p (532).jpg,data/raw/Training/pituitary_tumor/p (532).jpg,34348,512,512
train,Pituitary,pituitary_tumor,p (533).jpg,data/raw/Training/pituitary_tumor/p (533).jpg,34463,512,512
train,Pituitary,pituitary_tumor,p (534).jpg,data/raw/Training/pituitary_tumor/p (534).jpg,34503,512,512
train,Pituitary,pituitary_tumor,p (535).jpg,data/raw/Training/pituitary_tumor/p (535).jpg,29790,512,512
train,Pituitary,pituitary_tumor,p (536).jpg,data/raw/Training/pituitary_tumor/p (536).jpg,30691,512,512
train,Pituitary,pituitary_tumor,p (537).jpg,data/raw/Training/pituitary_tumor/p (537).jpg,31309,512,512
train,Pituitary,pituitary_tumor,p (538).jpg,data/raw/Training/pituitary_tumor/p (538).jpg,29913,512,512
train,Pituitary,pituitary_tumor,p (539).jpg,data/raw/Training/pituitary_tumor/p (539).jpg,29283,512,512
train,Pituitary,pituitary_tumor,p (54).jpg,data/raw/Training/pituitary_tumor/p (54).jpg,33891,512,512
train,Pituitary,pituitary_tumor,p (540).jpg,data/raw/Training/pituitary_tumor/p (540).jpg,35673,512,512
train,Pituitary,pituitary_tumor,p (541).jpg,data/raw/Training/pituitary_tumor/p (541).jpg,33941,512,512
train,Pituitary,pituitary_tumor,p (542).jpg,data/raw/Training/pituitary_tumor/p (542).jpg,34426,512,512
train,Pituitary,pituitary_tumor,p (543).jpg,data/raw/Training/pituitary_tumor/p (543).jpg,33639,512,512
train,Pituitary,pituitary_tumor,p (544).jpg,data/raw/Training/pituitary_tumor/p (544).jpg,27627,512,512
train,Pituitary,pituitary_tumor,p (545).jpg,data/raw/Training/pituitary_tumor/p (545).jpg,25308,512,512
train,Pituitary,pituitary_tumor,p (546).jpg,data/raw/Training/pituitary_tumor/p (546).jpg,23364,512,512
train,Pituitary,pituitary_tumor,p (547).jpg,data/raw/Training/pituitary_tumor/p (547).jpg,23632,512,512
train,Pituitary,pituitary_tumor,p (548).jpg,data/raw/Training/pituitary_tumor/p (548).jpg,30945,512,512
train,Pituitary,pituitary_tumor,p (549).jpg,data/raw/Training/pituitary_tumor/p (549).jpg,31085,512,512
train,Pituitary,pituitary_tumor,p (55).jpg,data/raw/Training/pituitary_tumor/p (55).jpg,35843,512,512
train,Pituitary,pituitary_tumor,p (550).jpg,data/raw/Training/pituitary_tumor/p (550).jpg,29635,512,512
train,Pituitary,pituitary_tumor,p (551).jpg,data/raw/Training/pituitary_tumor/p (551).jpg,31559,512,512
train,Pituitary,pituitary_tumor,p (552).jpg,data/raw/Training/pituitary_tumor/p (552).jpg,32971,512,512
train,Pituitary,pituitary_tumor,p (553).jpg,data/raw/Training/pituitary_tumor/p (553).jpg,25754,512,512
train,Pituitary,pituitary_tumor,p (554).jpg,data/raw/Training/pituitary_tumor/p (554).jpg,25017,512,512
train,Pituitary,pituitary_tumor,p (555).jpg,data/raw/Training/pituitary_tumor/p (555).jpg,24450,512,512
train,Pituitary,pituitary_tumor,p (556).jpg,data/raw/Training/pituitary_tumor/p (556).jpg,27225,512,512
train,Pituitary,pituitary_tumor,p (557).jpg,data/raw/Training/pituitary_tumor/p (557).jpg,26966,512,512
train,Pituitary,pituitary_tumor,p (558).jpg,data/raw/Training/pituitary_tumor/p (558).jpg,25964,512,512
train,Pituitary,pituitary_tumor,p (559).jpg,data/raw/Training/pituitary_tumor/p (559).jpg,25514,512,512
train,Pituitary,pituitary_tumor,p (56).jpg,data/raw/Training/pituitary_tumor/p (56).jpg,35573,512,512
train,Pituitary,pituitary_tumor,p (560).jpg,data/raw/Training/pituitary_tumor/p (560).jpg,29748,512,512
train,Pituitary,pituitary_tumor,p (561).jpg,data/raw/Training/pituitary_tumor/p (561).jpg,31192,512,512
train,Pituitary,pituitary_tumor,p (562).jpg,data/raw/Training/pituitary_tumor/p (562).jpg,30160,512,512
train,Pituitary,pituitary_tumor,p (563).jpg,data/raw/Training/pituitary_tumor/p (563).jpg,33872,512,512
train,Pituitary,pituitary_tumor,p (564).jpg,data/raw/Training/pituitary_tumor/p (564).jpg,19750,512,512
train,Pituitary,pituitary_tumor,p (565).jpg,data/raw/Training/pituitary_tumor/p (565).jpg,34172,512,512
train,Pituitary,pituitary_tumor,p (566).jpg,data/raw/Training/pituitary_tumor/p (566).jpg,34172,512,512
train,Pituitary,pituitary_tumor,p (567).jpg,data/raw/Training/pituitary_tumor/p (567).jpg,34172,512,512
train,Pituitary,pituitary_tumor,p (568).jpg,data/raw/Training/pituitary_tumor/p (568).jpg,34172,512,512
train,Pituitary,pituitary_tumor,p (569).jpg,data/raw/Training/pituitary_tumor/p (569).jpg,29974,512,512
train,Pituitary,pituitary_tumor,p (57).jpg,data/raw/Training/pituitary_tumor/p (57).jpg,34083,512,512
train,Pituitary,pituitary_tumor,p (570).jpg,data/raw/Training/pituitary_tumor/p (570).jpg,29615,512,512
train,Pituitary,pituitary_tumor,p (571).jpg,data/raw/Training/pituitary_tumor/p (571).jpg,36718,512,512
train,Pituitary,pituitary_tumor,p (572).jpg,data/raw/Training/pituitary_tumor/p (572).jpg,35377,512,512
train,Pituitary,pituitary_tumor,p (573).jpg,data/raw/Training/pituitary_tumor/p (573).jpg,31417,512,512
train,Pituitary,pituitary_tumor,p (574).jpg,data/raw/Training/pituitary_tumor/p (574).jpg,33459,512,512
train,Pituitary,pituitary_tumor,p (575).jpg,data/raw/Training/pituitary_tumor/p (575).jpg,33141,512,512
train,Pituitary,pituitary_tumor,p (576).jpg,data/raw/Training/pituitary_tumor/p (576).jpg,34035,512,512
train,Pituitary,pituitary_tumor,p (577).jpg,data/raw/Training/pituitary_tumor/p (577).jpg,28898,512,512
train,Pituitary,pituitary_tumor,p (578).jpg,data/raw/Training/pituitary_tumor/p (578).jpg,32090,512,512
train,Pituitary,pituitary_tumor,p (579).jpg,data/raw/Training/pituitary_tumor/p (579).jpg,32090,512,512
train,Pituitary,pituitary_tumor,p (58).jpg,data/raw/Training/pituitary_tumor/p (58).jpg,34500,512,512
train,Pituitary,pituitary_tumor,p (580).jpg,data/raw/Training/pituitary_tumor/p (580).jpg,32090,512,512
train,Pituitary,pituitary_tumor,p (581).jpg,data/raw/Training/pituitary_tumor/p (581).jpg,31656,512,512
train,Pituitary,pituitary_tumor,p (582).jpg,data/raw/Training/pituitary_tumor/p (582).jpg,30306,512,512
train,Pituitary,pituitary_tumor,p (583).jpg,data/raw/Training/pituitary_tumor/p (583).jpg,29687,512,512
train,Pituitary,pituitary_tumor,p (584).jpg,data/raw/Training/pituitary_tumor/p (584).jpg,28175,512,512
train,Pituitary,pituitary_tumor,p (585).jpg,data/raw/Training/pituitary_tumor/p (585).jpg,25538,512,512
train,Pituitary,pituitary_tumor,p (586).jpg,data/raw/Training/pituitary_tumor/p (586).jpg,24991,512,512
train,Pituitary,pituitary_tumor,p (587).jpg,data/raw/Training/pituitary_tumor/p (587).jpg,25281,512,512
train,Pituitary,pituitary_tumor,p (588).jpg,data/raw/Training/pituitary_tumor/p (588).jpg,40054,512,512
train,Pituitary,pituitary_tumor,p (589).jpg,data/raw/Training/pituitary_tumor/p (589).jpg,35758,512,512
train,Pituitary,pituitary_tumor,p (59).jpg,data/raw/Training/pituitary_tumor/p (59).jpg,35137,512,512
train,Pituitary,pituitary_tumor,p (590).jpg,data/raw/Training/pituitary_tumor/p (590).jpg,35690,512,512
train,Pituitary,pituitary_tumor,p (591).jpg,data/raw/Training/pituitary_tumor/p (591).jpg,37522,512,512
train,Pituitary,pituitary_tumor,p (592).jpg,data/raw/Training/pituitary_tumor/p (592).jpg,28030,512,512
train,Pituitary,pituitary_tumor,p (593).jpg,data/raw/Training/pituitary_tumor/p (593).jpg,31370,512,512
train,Pituitary,pituitary_tumor,p (594).jpg,data/raw/Training/pituitary_tumor/p (594).jpg,29508,512,512
train,Pituitary,pituitary_tumor,p (595).jpg,data/raw/Training/pituitary_tumor/p (595).jpg,32415,512,512
train,Pituitary,pituitary_tumor,p (596).jpg,data/raw/Training/pituitary_tumor/p (596).jpg,31205,512,512
train,Pituitary,pituitary_tumor,p (597).jpg,data/raw/Training/pituitary_tumor/p (597).jpg,28511,512,512
train,Pituitary,pituitary_tumor,p (598).jpg,data/raw/Training/pituitary_tumor/p (598).jpg,32055,512,512
train,Pituitary,pituitary_tumor,p (599).jpg,data/raw/Training/pituitary_tumor/p (599).jpg,28528,512,512
train,Pituitary,pituitary_tumor,p (6).jpg,data/raw/Training/pituitary_tumor/p (6).jpg,33992,512,512
train,Pituitary,pituitary_tumor,p (60).jpg,data/raw/Training/pituitary_tumor/p (60).jpg,29982,512,512
train,Pituitary,pituitary_tumor,p (600).jpg,data/raw/Training/pituitary_tumor/p (600).jpg,28460,512,512
train,Pituitary,pituitary_tumor,p (601).jpg,data/raw/Training/pituitary_tumor/p (601).jpg,27862,512,512
train,Pituitary,pituitary_tumor,p (602).jpg,data/raw/Training/pituitary_tumor/p (602).jpg,27627,512,512
train,Pituitary,pituitary_tumor,p (603).jpg,data/raw/Training/pituitary_tumor/p (603).jpg,32724,512,512
train,Pituitary,pituitary_tumor,p (604).jpg,data/raw/Training/pituitary_tumor/p (604).jpg,31292,512,512
train,Pituitary,pituitary_tumor,p (605).jpg,data/raw/Training/pituitary_tumor/p (605).jpg,33398,512,512
train,Pituitary,pituitary_tumor,p (606).jpg,data/raw/Training/pituitary_tumor/p (606).jpg,30637,512,512
train,Pituitary,pituitary_tumor,p (607).jpg,data/raw/Training/pituitary_tumor/p (607).jpg,29037,512,512
train,Pituitary,pituitary_tumor,p (608).jpg,data/raw/Training/pituitary_tumor/p (608).jpg,23627,512,512
train,Pituitary,pituitary_tumor,p (609).jpg,data/raw/Training/pituitary_tumor/p (609).jpg,25182,512,512
train,Pituitary,pituitary_tumor,p (61).jpg,data/raw/Training/pituitary_tumor/p (61).jpg,32177,512,512
train,Pituitary,pituitary_tumor,p (610).jpg,data/raw/Training/pituitary_tumor/p (610).jpg,23590,512,512
train,Pituitary,pituitary_tumor,p (611).jpg,data/raw/Training/pituitary_tumor/p (611).jpg,22101,512,512
train,Pituitary,pituitary_tumor,p (612).jpg,data/raw/Training/pituitary_tumor/p (612).jpg,25788,512,512
train,Pituitary,pituitary_tumor,p (613).jpg,data/raw/Training/pituitary_tumor/p (613).jpg,24402,512,512
train,Pituitary,pituitary_tumor,p (614).jpg,data/raw/Training/pituitary_tumor/p (614).jpg,36044,512,512
train,Pituitary,pituitary_tumor,p (615).jpg,data/raw/Training/pituitary_tumor/p (615).jpg,34597,512,512
train,Pituitary,pituitary_tumor,p (616).jpg,data/raw/Training/pituitary_tumor/p (616).jpg,31311,512,512
train,Pituitary,pituitary_tumor,p (617).jpg,data/raw/Training/pituitary_tumor/p (617).jpg,31366,512,512
train,Pituitary,pituitary_tumor,p (618).jpg,data/raw/Training/pituitary_tumor/p (618).jpg,31323,512,512
train,Pituitary,pituitary_tumor,p (619).jpg,data/raw/Training/pituitary_tumor/p (619).jpg,30751,512,512
train,Pituitary,pituitary_tumor,p (62).jpg,data/raw/Training/pituitary_tumor/p (62).jpg,29350,512,512
train,Pituitary,pituitary_tumor,p (620).jpg,data/raw/Training/pituitary_tumor/p (620).jpg,30485,512,512
train,Pituitary,pituitary_tumor,p (621).jpg,data/raw/Training/pituitary_tumor/p (621).jpg,31403,512,512
train,Pituitary,pituitary_tumor,p (622).jpg,data/raw/Training/pituitary_tumor/p (622).jpg,27172,512,512
train,Pituitary,pituitary_tumor,p (623).jpg,data/raw/Training/pituitary_tumor/p (623).jpg,29631,512,512
train,Pituitary,pituitary_tumor,p (624).jpg,data/raw/Training/pituitary_tumor/p (624).jpg,27889,512,512
train,Pituitary,pituitary_tumor,p (625).jpg,data/raw/Training/pituitary_tumor/p (625).jpg,26607,512,512
train,Pituitary,pituitary_tumor,p (626).jpg,data/raw/Training/pituitary_tumor/p (626).jpg,27596,512,512
train,Pituitary,pituitary_tumor,p (627).jpg,data/raw/Training/pituitary_tumor/p (627).jpg,24110,512,512
train,Pituitary,pituitary_tumor,p (628).jpg,data/raw/Training/pituitary_tumor/p (628).jpg,25527,512,512
train,Pituitary,pituitary_tumor,p (629).jpg,data/raw/Training/pituitary_tumor/p (629).jpg,28608,512,512
train,Pituitary,pituitary_tumor,p (63).jpg,data/raw/Training/pituitary_tumor/p (63).jpg,32882,512,512
train,Pituitary,pituitary_tumor,p (630).jpg,data/raw/Training/pituitary_tumor/p (630).jpg,27899,512,512
train,Pituitary,pituitary_tumor,p (631).jpg,data/raw/Training/pituitary_tumor/p (631).jpg,27856,512,512
train,Pituitary,pituitary_tumor,p (632).jpg,data/raw/Training/pituitary_tumor/p (632).jpg,25314,512,512
train,Pituitary,pituitary_tumor,p (633).jpg,data/raw/Training/pituitary_tumor/p (633).jpg,26142,512,512
train,Pituitary,pituitary_tumor,p (634).jpg,data/raw/Training/pituitary_tumor/p (634).jpg,31854,512,512
train,Pituitary,pituitary_tumor,p (635).jpg,data/raw/Training/pituitary_tumor/p (635).jpg,32929,512,512
train,Pituitary,pituitary_tumor,p (636).jpg,data/raw/Training/pituitary_tumor/p (636).jpg,31665,512,512
train,Pituitary,pituitary_tumor,p (637).jpg,data/raw/Training/pituitary_tumor/p (637).jpg,25981,512,512
train,Pituitary,pituitary_tumor,p (638).jpg,data/raw/Training/pituitary_tumor/p (638).jpg,24822,512,512
train,Pituitary,pituitary_tumor,p (639).jpg,data/raw/Training/pituitary_tumor/p (639).jpg,26639,512,512
train,Pituitary,pituitary_tumor,p (64).jpg,data/raw/Training/pituitary_tumor/p (64).jpg,31155,512,512
train,Pituitary,pituitary_tumor,p (640).jpg,data/raw/Training/pituitary_tumor/p (640).jpg,26009,512,512
train,Pituitary,pituitary_tumor,p (641).jpg,data/raw/Training/pituitary_tumor/p (641).jpg,34260,512,512
train,Pituitary,pituitary_tumor,p (642).jpg,data/raw/Training/pituitary_tumor/p (642).jpg,33099,512,512
train,Pituitary,pituitary_tumor,p (643).jpg,data/raw/Training/pituitary_tumor/p (643).jpg,32962,512,512
train,Pituitary,pituitary_tumor,p (644).jpg,data/raw/Training/pituitary_tumor/p (644).jpg,30492,512,512
train,Pituitary,pituitary_tumor,p (645).jpg,data/raw/Training/pituitary_tumor/p (645).jpg,30590,512,512
train,Pituitary,pituitary_tumor,p (646).jpg,data/raw/Training/pituitary_tumor/p (646).jpg,29715,512,512
train,Pituitary,pituitary_tumor,p (647).jpg,data/raw/Training/pituitary_tumor/p (647).jpg,30232,512,512
train,Pituitary,pituitary_tumor,p (648).jpg,data/raw/Training/pituitary_tumor/p (648).jpg,29320,512,512
train,Pituitary,pituitary_tumor,p (649).jpg,data/raw/Training/pituitary_tumor/p (649).jpg,28486,512,512
train,Pituitary,pituitary_tumor,p (65).jpg,data/raw/Training/pituitary_tumor/p (65).jpg,31771,512,512
train,Pituitary,pituitary_tumor,p (650).jpg,data/raw/Training/pituitary_tumor/p (650).jpg,33016,512,512
train,Pituitary,pituitary_tumor,p (651).jpg,data/raw/Training/pituitary_tumor/p (651).jpg,31856,512,512
train,Pituitary,pituitary_tumor,p (652).jpg,data/raw/Training/pituitary_tumor/p (652).jpg,32122,512,512
train,Pituitary,pituitary_tumor,p (653).jpg,data/raw/Training/pituitary_tumor/p (653).jpg,28523,512,512
train,Pituitary,pituitary_tumor,p (654).jpg,data/raw/Training/pituitary_tumor/p (654).jpg,28455,512,512
train,Pituitary,pituitary_tumor,p (655).jpg,data/raw/Training/pituitary_tumor/p (655).jpg,29670,512,512
train,Pituitary,pituitary_tumor,p (656).jpg,data/raw/Training/pituitary_tumor/p (656).jpg,29319,512,512
train,Pituitary,pituitary_tumor,p (657).jpg,data/raw/Training/pituitary_tumor/p (657).jpg,28343,512,512
train,Pituitary,pituitary_tumor,p (658).jpg,data/raw/Training/pituitary_tumor/p (658).jpg,28011,512,512
train,Pituitary,pituitary_tumor,p (659).jpg,data/raw/Training/pituitary_tumor/p (659).jpg,25070,512,512
train,Pituitary,pituitary_tumor,p (66).jpg,data/raw/Training/pituitary_tumor/p (66).jpg,33678,512,512
train,Pituitary,pituitary_tumor,p (660).jpg,data/raw/Training/pituitary_tumor/p (660).jpg,26908,512,512
train,Pituitary,pituitary_tumor,p (661).jpg,data/raw/Training/pituitary_tumor/p (661).jpg,26927,512,512
train,Pituitary,pituitary_tumor,p (662).jpg,data/raw/Training/pituitary_tumor/p (662).jpg,26044,512,512
train,Pituitary,pituitary_tumor,p (663).jpg,data/raw/Training/pituitary_tumor/p (663).jpg,24286,512,512
train,Pituitary,pituitary_tumor,p (664).jpg,data/raw/Training/pituitary_tumor/p (664).jpg,35321,512,512
train,Pituitary,pituitary_tumor,p (665).jpg,data/raw/Training/pituitary_tumor/p (665).jpg,33506,512,512
train,Pituitary,pituitary_tumor,p (666).jpg,data/raw/Training/pituitary_tumor/p (666).jpg,33728,512,512
train,Pituitary,pituitary_tumor,p (667).jpg,data/raw/Training/pituitary_tumor/p (667).jpg,31554,512,512
train,Pituitary,pituitary_tumor,p (668).jpg,data/raw/Training/pituitary_tumor/p (668).jpg,33214,512,512
train,Pituitary,pituitary_tumor,p (669).jpg,data/raw/Training/pituitary_tumor/p (669).jpg,32128,512,512
train,Pituitary,pituitary_tumor,p (67).jpg,data/raw/Training/pituitary_tumor/p (67).jpg,34886,512,512
train,Pituitary,pituitary_tumor,p (670).jpg,data/raw/Training/pituitary_tumor/p (670).jpg,29491,512,512
train,Pituitary,pituitary_tumor,p (671).jpg,data/raw/Training/pituitary_tumor/p (671).jpg,28919,512,512
train,Pituitary,pituitary_tumor,p (672).jpg,data/raw/Training/pituitary_tumor/p (672).jpg,28857,512,512
train,Pituitary,pituitary_tumor,p (673).jpg,data/raw/Training/pituitary_tumor/p (673).jpg,28401,512,512
train,Pituitary,pituitary_tumor,p (674).jpg,data/raw/Training/pituitary_tumor/p (674).jpg,27070,512,512
train,Pituitary,pituitary_tumor,p (675).jpg,data/raw/Training/pituitary_tumor/p (675).jpg,28475,512,512
train,Pituitary,pituitary_tumor,p (676).jpg,data/raw/Training/pituitary_tumor/p (676).jpg,29079,512,512
train,Pituitary,pituitary_tumor,p (677).jpg,data/raw/Training/pituitary_tumor/p (677).jpg,24899,512,512
train,Pituitary,pituitary_tumor,p (678).jpg,data/raw/Training/pituitary_tumor/p (678).jpg,23589,512,512
train,Pituitary,pituitary_tumor,p (679).jpg,data/raw/Training/pituitary_tumor/p (679).jpg,23821,512,512
train,Pituitary,pituitary_tumor,p (68).jpg,data/raw/Training/pituitary_tumor/p (68).jpg,34947,512,512
train,Pituitary,pituitary_tumor,p (680).jpg,data/raw/Training/pituitary_tumor/p (680).jpg,34751,512,512
train,Pituitary,pituitary_tumor,p (681).jpg,data/raw/Training/pituitary_tumor/p (681).jpg,33171,512,512
train,Pituitary,pituitary_tumor,p (682).jpg,data/raw/Training/pituitary_tumor/p (682).jpg,29678,512,512
train,Pituitary,pituitary_tumor,p (683).jpg,data/raw/Training/pituitary_tumor/p (683).jpg,28463,512,512
train,Pituitary,pituitary_tumor,p (684).jpg,data/raw/Training/pituitary_tumor/p (684).jpg,30206,512,512
train,Pituitary,pituitary_tumor,p (685).jpg,data/raw/Training/pituitary_tumor/p (685).jpg,30193,512,512
train,Pituitary,pituitary_tumor,p (686).jpg,data/raw/Training/pituitary_tumor/p (686).jpg,29071,512,512
train,Pituitary,pituitary_tumor,p (687).jpg,data/raw/Training/pituitary_tumor/p (687).jpg,27327,512,512
train,Pituitary,pituitary_tumor,p (688).jpg,data/raw/Training/pituitary_tumor/p (688).jpg,28142,512,512
train,Pituitary,pituitary_tumor,p (689).jpg,data/raw/Training/pituitary_tumor/p (689).jpg,29166,512,512
train,Pituitary,pituitary_tumor,p (69).jpg,data/raw/Training/pituitary_tumor/p (69).jpg,34644,512,512
train,Pituitary,pituitary_tumor,p (690).jpg,data/raw/Training/pituitary_tumor/p (690).jpg,27024,512,512
train,Pituitary,pituitary_tumor,p (691).jpg,data/raw/Training/pituitary_tumor/p (691).jpg,26805,512,512
train,Pituitary,pituitary_tumor,p (692).jpg,data/raw/Training/pituitary_tumor/p (692).jpg,28705,512,512
train,Pituitary,pituitary_tumor,p (693).jpg,data/raw/Training/pituitary_tumor/p (693).jpg,29516,512,512
train,Pituitary,pituitary_tumor,p (694).jpg,data/raw/Training/pituitary_tumor/p (694).jpg,28710,512,512
train,Pituitary,pituitary_tumor,p (695).jpg,data/raw/Training/pituitary_tumor/p (695).jpg,29692,512,512
train,Pituitary,pituitary_tumor,p (696).jpg,data/raw/Training/pituitary_tumor/p (696).jpg,28823,512,512
train,Pituitary,pituitary_tumor,p (697).jpg,data/raw/Training/pituitary_tumor/p (697).jpg,29974,512,512
train,Pituitary,pituitary_tumor,p (698).jpg,data/raw/Training/pituitary_tumor/p (698).jpg,25493,512,512
train,Pituitary,pituitary_tumor,p (699).jpg,data/raw/Training/pituitary_tumor/p (699).jpg,26642,512,512
train,Pituitary,pituitary_tumor,p (7).jpg,data/raw/Training/pituitary_tumor/p (7).jpg,33713,512,512
train,Pituitary,pituitary_tumor,p (70).jpg,data/raw/Training/pituitary_tumor/p (70).jpg,33971,512,512
train,Pituitary,pituitary_tumor,p (700).jpg,data/raw/Training/pituitary_tumor/p (700).jpg,26332,512,512
train,Pituitary,pituitary_tumor,p (701).jpg,data/raw/Training/pituitary_tumor/p (701).jpg,28562,512,512
train,Pituitary,pituitary_tumor,p (702).jpg,data/raw/Training/pituitary_tumor/p (702).jpg,32308,512,512
train,Pituitary,pituitary_tumor,p (703).jpg,data/raw/Training/pituitary_tumor/p (703).jpg,30309,512,512
train,Pituitary,pituitary_tumor,p (704).jpg,data/raw/Training/pituitary_tumor/p (704).jpg,30368,512,512
train,Pituitary,pituitary_tumor,p (705).jpg,data/raw/Training/pituitary_tumor/p (705).jpg,30878,512,512
train,Pituitary,pituitary_tumor,p (706).jpg,data/raw/Training/pituitary_tumor/p (706).jpg,30561,512,512
train,Pituitary,pituitary_tumor,p (707).jpg,data/raw/Training/pituitary_tumor/p (707).jpg,31301,512,512
train,Pituitary,pituitary_tumor,p (708).jpg,data/raw/Training/pituitary_tumor/p (708).jpg,30683,512,512
train,Pituitary,pituitary_tumor,p (709).jpg,data/raw/Training/pituitary_tumor/p (709).jpg,32638,512,512
train,Pituitary,pituitary_tumor,p (71).jpg,data/raw/Training/pituitary_tumor/p (71).jpg,35767,512,512
train,Pituitary,pituitary_tumor,p (710).jpg,data/raw/Training/pituitary_tumor/p (710).jpg,31282,512,512
train,Pituitary,pituitary_tumor,p (711).jpg,data/raw/Training/pituitary_tumor/p (711).jpg,33229,512,512
train,Pituitary,pituitary_tumor,p (712).jpg,data/raw/Training/pituitary_tumor/p (712).jpg,29232,512,512
train,Pituitary,pituitary_tumor,p (713).jpg,data/raw/Training/pituitary_tumor/p (713).jpg,28508,512,512
train,Pituitary,pituitary_tumor,p (714).jpg,data/raw/Training/pituitary_tumor/p (714).jpg,30193,512,512
train,Pituitary,pituitary_tumor,p (715).jpg,data/raw/Training/pituitary_tumor/p (715).jpg,27895,512,512
train,Pituitary,pituitary_tumor,p (716).jpg,data/raw/Training/pituitary_tumor/p (716).jpg,28363,512,512
train,Pituitary,pituitary_tumor,p (717).jpg,data/raw/Training/pituitary_tumor/p (717).jpg,27362,512,512
train,Pituitary,pituitary_tumor,p (718).jpg,data/raw/Training/pituitary_tumor/p (718).jpg,27361,512,512
train,Pituitary,pituitary_tumor,p (719).jpg,data/raw/Training/pituitary_tumor/p (719).jpg,26329,512,512
train,Pituitary,pituitary_tumor,p (72).jpg,data/raw/Training/pituitary_tumor/p (72).jpg,36629,512,512
train,Pituitary,pituitary_tumor,p (720).jpg,data/raw/Training/pituitary_tumor/p (720).jpg,25642,512,512
train,Pituitary,pituitary_tumor,p (721).jpg,data/raw/Training/pituitary_tumor/p (721).jpg,24812,512,512
train,Pituitary,pituitary_tumor,p (722).jpg,data/raw/Training/pituitary_tumor/p (722).jpg,26190,512,512
train,Pituitary,pituitary_tumor,p (723).jpg,data/raw/Training/pituitary_tumor/p (723).jpg,26497,512,512
train,Pituitary,pituitary_tumor,p (724).jpg,data/raw/Training/pituitary_tumor/p (724).jpg,25752,512,512
train,Pituitary,pituitary_tumor,p (725).jpg,data/raw/Training/pituitary_tumor/p (725).jpg,24606,512,512
train,Pituitary,pituitary_tumor,p (726).jpg,data/raw/Training/pituitary_tumor/p (726).jpg,23427,512,512
train,Pituitary,pituitary_tumor,p (727).jpg,data/raw/Training/pituitary_tumor/p (727).jpg,22840,512,512
train,Pituitary,pituitary_tumor,p (728).jpg,data/raw/Training/pituitary_tumor/p (728).jpg,33959,512,512
train,Pituitary,pituitary_tumor,p (729).jpg,data/raw/Training/pituitary_tumor/p (729).jpg,31915,512,512
train,Pituitary,pituitary_tumor,p (73).jpg,data/raw/Training/pituitary_tumor/p (73).jpg,37078,512,512
train,Pituitary,pituitary_tumor,p (730).jpg,data/raw/Training/pituitary_tumor/p (730).jpg,32698,512,512
train,Pituitary,pituitary_tumor,p (731).jpg,data/raw/Training/pituitary_tumor/p (731).jpg,32178,512,512
train,Pituitary,pituitary_tumor,p (732).jpg,data/raw/Training/pituitary_tumor/p (732).jpg,30433,512,512
train,Pituitary,pituitary_tumor,p (733).jpg,data/raw/Training/pituitary_tumor/p (733).jpg,26429,512,512
train,Pituitary,pituitary_tumor,p (734).jpg,data/raw/Training/pituitary_tumor/p (734).jpg,29625,512,512
train,Pituitary,pituitary_tumor,p (735).jpg,data/raw/Training/pituitary_tumor/p (735).jpg,27483,512,512
train,Pituitary,pituitary_tumor,p (736).jpg,data/raw/Training/pituitary_tumor/p (736).jpg,28239,512,512
train,Pituitary,pituitary_tumor,p (737).jpg,data/raw/Training/pituitary_tumor/p (737).jpg,26863,512,512
train,Pituitary,pituitary_tumor,p (738).jpg,data/raw/Training/pituitary_tumor/p (738).jpg,26863,512,512
train,Pituitary,pituitary_tumor,p (739).jpg,data/raw/Training/pituitary_tumor/p (739).jpg,26254,512,512
train,Pituitary,pituitary_tumor,p (74).jpg,data/raw/Training/pituitary_tumor/p (74).jpg,39899,512,512
train,Pituitary,pituitary_tumor,p (740).jpg,data/raw/Training/pituitary_tumor/p (740).jpg,27759,512,512
train,Pituitary,pituitary_tumor,p (741).jpg,data/raw/Training/pituitary_tumor/p (741).jpg,34743,512,512
train,Pituitary,pituitary_tumor,p (742).jpg,data/raw/Training/pituitary_tumor/p (742).jpg,34743,512,512
train,Pituitary,pituitary_tumor,p (743).jpg,data/raw/Training/pituitary_tumor/p (743).jpg,37034,512,512
train,Pituitary,pituitary_tumor,p (744).jpg,data/raw/Training/pituitary_tumor/p (744).jpg,36919,512,512
train,Pituitary,pituitary_tumor,p (745).jpg,data/raw/Training/pituitary_tumor/p (745).jpg,37810,512,512
train,Pituitary,pituitary_tumor,p (746).jpg,data/raw/Training/pituitary_tumor/p (746).jpg,34573,512,512
train,Pituitary,pituitary_tumor,p (747).jpg,data/raw/Training/pituitary_tumor/p (747).jpg,41580,512,512
train,Pituitary,pituitary_tumor,p (748).jpg,data/raw/Training/pituitary_tumor/p (748).jpg,42532,512,512
train,Pituitary,pituitary_tumor,p (749).jpg,data/raw/Training/pituitary_tumor/p (749).jpg,41161,512,512
train,Pituitary,pituitary_tumor,p (75).jpg,data/raw/Training/pituitary_tumor/p (75).jpg,37421,512,512
train,Pituitary,pituitary_tumor,p (750).jpg,data/raw/Training/pituitary_tumor/p (750).jpg,45230,512,512
train,Pituitary,pituitary_tumor,p (751).jpg,data/raw/Training/pituitary_tumor/p (751).jpg,34335,512,512
train,Pituitary,pituitary_tumor,p (752).jpg,data/raw/Training/pituitary_tumor/p (752).jpg,34335,512,512
train,Pituitary,pituitary_tumor,p (753).jpg,data/raw/Training/pituitary_tumor/p (753).jpg,33928,512,512
train,Pituitary,pituitary_tumor,p (754).jpg,data/raw/Training/pituitary_tumor/p (754).jpg,29260,512,512
train,Pituitary,pituitary_tumor,p (755).jpg,data/raw/Training/pituitary_tumor/p (755).jpg,35874,512,512
train,Pituitary,pituitary_tumor,p (756).jpg,data/raw/Training/pituitary_tumor/p (756).jpg,35439,512,512
train,Pituitary,pituitary_tumor,p (757).jpg,data/raw/Training/pituitary_tumor/p (757).jpg,30654,512,512
train,Pituitary,pituitary_tumor,p (758).jpg,data/raw/Training/pituitary_tumor/p (758).jpg,29284,512,512
train,Pituitary,pituitary_tumor,p (759).jpg,data/raw/Training/pituitary_tumor/p (759).jpg,35394,512,512
train,Pituitary,pituitary_tumor,p (76).jpg,data/raw/Training/pituitary_tumor/p (76).jpg,36077,512,512
train,Pituitary,pituitary_tumor,p (760).jpg,data/raw/Training/pituitary_tumor/p (760).jpg,33516,512,512
train,Pituitary,pituitary_tumor,p (761).jpg,data/raw/Training/pituitary_tumor/p (761).jpg,33772,512,512
train,Pituitary,pituitary_tumor,p (762).jpg,data/raw/Training/pituitary_tumor/p (762).jpg,32509,512,512
train,Pituitary,pituitary_tumor,p (763).jpg,data/raw/Training/pituitary_tumor/p (763).jpg,32903,512,512
train,Pituitary,pituitary_tumor,p (764).jpg,data/raw/Training/pituitary_tumor/p (764).jpg,32072,512,512
train,Pituitary,pituitary_tumor,p (765).jpg,data/raw/Training/pituitary_tumor/p (765).jpg,31464,512,512
train,Pituitary,pituitary_tumor,p (766).jpg,data/raw/Training/pituitary_tumor/p (766).jpg,31470,512,512
train,Pituitary,pituitary_tumor,p (767).jpg,data/raw/Training/pituitary_tumor/p (767).jpg,34914,512,512
train,Pituitary,pituitary_tumor,p (768).jpg,data/raw/Training/pituitary_tumor/p (768).jpg,34857,512,512
train,Pituitary,pituitary_tumor,p (769).jpg,data/raw/Training/pituitary_tumor/p (769).jpg,31698,512,512
train,Pituitary,pituitary_tumor,p (77).jpg,data/raw/Training/pituitary_tumor/p (77).jpg,34388,512,512
train,Pituitary,pituitary_tumor,p (770).jpg,data/raw/Training/pituitary_tumor/p (770).jpg,32135,512,512
train,Pituitary,pituitary_tumor,p (771).jpg,data/raw/Training/pituitary_tumor/p (771).jpg,30660,512,512
train,Pituitary,pituitary_tumor,p (772).jpg,data/raw/Training/pituitary_tumor/p (772).jpg,29349,512,512
train,Pituitary,pituitary_tumor,p (773).jpg,data/raw/Training/pituitary_tumor/p (773).jpg,36066,512,512
train,Pituitary,pituitary_tumor,p (774).jpg,data/raw/Training/pituitary_tumor/p (774).jpg,36275,512,512
train,Pituitary,pituitary_tumor,p (775).jpg,data/raw/Training/pituitary_tumor/p (775).jpg,36193,512,512
train,Pituitary,pituitary_tumor,p (776).jpg,data/raw/Training/pituitary_tumor/p (776).jpg,33705,512,512
train,Pituitary,pituitary_tumor,p (777).jpg,data/raw/Training/pituitary_tumor/p (777).jpg,33642,512,512
train,Pituitary,pituitary_tumor,p (778).jpg,data/raw/Training/pituitary_tumor/p (778).jpg,32632,512,512
train,Pituitary,pituitary_tumor,p (779).jpg,data/raw/Training/pituitary_tumor/p (779).jpg,37600,512,512
train,Pituitary,pituitary_tumor,p (78).jpg,data/raw/Training/pituitary_tumor/p (78).jpg,34842,512,512
train,Pituitary,pituitary_tumor,p (780).jpg,data/raw/Training/pituitary_tumor/p (780).jpg,36127,512,512
train,Pituitary,pituitary_tumor,p (781).jpg,data/raw/Training/pituitary_tumor/p (781).jpg,36127,512,512
train,Pituitary,pituitary_tumor,p (782).jpg,data/raw/Training/pituitary_tumor/p (782).jpg,32753,512,512
train,Pituitary,pituitary_tumor,p (783).jpg,data/raw/Training/pituitary_tumor/p (783).jpg,27870,512,512
train,Pituitary,pituitary_tumor,p (784).jpg,data/raw/Training/pituitary_tumor/p (784).jpg,28887,512,512
train,Pituitary,pituitary_tumor,p (785).jpg,data/raw/Training/pituitary_tumor/p (785).jpg,32359,512,512
train,Pituitary,pituitary_tumor,p (786).jpg,data/raw/Training/pituitary_tumor/p (786).jpg,33987,512,512
train,Pituitary,pituitary_tumor,p (787).jpg,data/raw/Training/pituitary_tumor/p (787).jpg,31860,512,512
train,Pituitary,pituitary_tumor,p (788).jpg,data/raw/Training/pituitary_tumor/p (788).jpg,32416,512,512
train,Pituitary,pituitary_tumor,p (789).jpg,data/raw/Training/pituitary_tumor/p (789).jpg,32306,512,512
train,Pituitary,pituitary_tumor,p (79).jpg,data/raw/Training/pituitary_tumor/p (79).jpg,36400,512,512
train,Pituitary,pituitary_tumor,p (790).jpg,data/raw/Training/pituitary_tumor/p (790).jpg,31987,512,512
train,Pituitary,pituitary_tumor,p (791).jpg,data/raw/Training/pituitary_tumor/p (791).jpg,29366,512,512
train,Pituitary,pituitary_tumor,p (792).jpg,data/raw/Training/pituitary_tumor/p (792).jpg,29014,512,512
train,Pituitary,pituitary_tumor,p (793).jpg,data/raw/Training/pituitary_tumor/p (793).jpg,27392,512,512
train,Pituitary,pituitary_tumor,p (794).jpg,data/raw/Training/pituitary_tumor/p (794).jpg,26061,512,512
train,Pituitary,pituitary_tumor,p (795).jpg,data/raw/Training/pituitary_tumor/p (795).jpg,23263,512,512
train,Pituitary,pituitary_tumor,p (796).jpg,data/raw/Training/pituitary_tumor/p (796).jpg,23957,512,512
train,Pituitary,pituitary_tumor,p (797).jpg,data/raw/Training/pituitary_tumor/p (797).jpg,32607,512,512
train,Pituitary,pituitary_tumor,p (798).jpg,data/raw/Training/pituitary_tumor/p (798).jpg,31993,512,512
train,Pituitary,pituitary_tumor,p (799).jpg,data/raw/Training/pituitary_tumor/p (799).jpg,31880,512,512
train,Pituitary,pituitary_tumor,p (8).jpg,data/raw/Training/pituitary_tumor/p (8).jpg,33067,512,512
train,Pituitary,pituitary_tumor,p (80).jpg,data/raw/Training/pituitary_tumor/p (80).jpg,36518,512,512
train,Pituitary,pituitary_tumor,p (800).jpg,data/raw/Training/pituitary_tumor/p (800).jpg,30019,512,512
train,Pituitary,pituitary_tumor,p (801).jpg,data/raw/Training/pituitary_tumor/p (801).jpg,28005,512,512
train,Pituitary,pituitary_tumor,p (802).jpg,data/raw/Training/pituitary_tumor/p (802).jpg,28416,512,512
train,Pituitary,pituitary_tumor,p (803).jpg,data/raw/Training/pituitary_tumor/p (803).jpg,29080,512,512
train,Pituitary,pituitary_tumor,p (804).jpg,data/raw/Training/pituitary_tumor/p (804).jpg,32087,512,512
train,Pituitary,pituitary_tumor,p (805).jpg,data/raw/Training/pituitary_tumor/p (805).jpg,31591,512,512
train,Pituitary,pituitary_tumor,p (806).jpg,data/raw/Training/pituitary_tumor/p (806).jpg,30798,512,512
train,Pituitary,pituitary_tumor,p (807).jpg,data/raw/Training/pituitary_tumor/p (807).jpg,31439,512,512
train,Pituitary,pituitary_tumor,p (808).jpg,data/raw/Training/pituitary_tumor/p (808).jpg,30069,512,512
train,Pituitary,pituitary_tumor,p (809).jpg,data/raw/Training/pituitary_tumor/p (809).jpg,26598,512,512
train,Pituitary,pituitary_tumor,p (81).jpg,data/raw/Training/pituitary_tumor/p (81).jpg,37417,512,512
train,Pituitary,pituitary_tumor,p (810).jpg,data/raw/Training/pituitary_tumor/p (810).jpg,27712,512,512
train,Pituitary,pituitary_tumor,p (811).jpg,data/raw/Training/pituitary_tumor/p (811).jpg,26833,512,512
train,Pituitary,pituitary_tumor,p (812).jpg,data/raw/Training/pituitary_tumor/p (812).jpg,14575,256,256
train,Pituitary,pituitary_tumor,p (813).jpg,data/raw/Training/pituitary_tumor/p (813).jpg,14496,256,256
train,Pituitary,pituitary_tumor,p (814).jpg,data/raw/Training/pituitary_tumor/p (814).jpg,13514,256,256
train,Pituitary,pituitary_tumor,p (815).jpg,data/raw/Training/pituitary_tumor/p (815).jpg,28612,512,512
train,Pituitary,pituitary_tumor,p (816).jpg,data/raw/Training/pituitary_tumor/p (816).jpg,26660,512,512
train,Pituitary,pituitary_tumor,p (817).jpg,data/raw/Training/pituitary_tumor/p (817).jpg,25522,512,512
train,Pituitary,pituitary_tumor,p (818).jpg,data/raw/Training/pituitary_tumor/p (818).jpg,26283,512,512
train,Pituitary,pituitary_tumor,p (819).jpg,data/raw/Training/pituitary_tumor/p (819).jpg,32695,512,512
train,Pituitary,pituitary_tumor,p (82).jpg,data/raw/Training/pituitary_tumor/p (82).jpg,35739,512,512
train,Pituitary,pituitary_tumor,p (820).jpg,data/raw/Training/pituitary_tumor/p (820).jpg,34321,512,512
train,Pituitary,pituitary_tumor,p (821).jpg,data/raw/Training/pituitary_tumor/p (821).jpg,31902,512,512
train,Pituitary,pituitary_tumor,p (822).jpg,data/raw/Training/pituitary_tumor/p (822).jpg,33704,512,512
train,Pituitary,pituitary_tumor,p (823).jpg,data/raw/Training/pituitary_tumor/p (823).jpg,36280,512,512
train,Pituitary,pituitary_tumor,p (824).jpg,data/raw/Training/pituitary_tumor/p (824).jpg,34301,512,512
train,Pituitary,pituitary_tumor,p (825).jpg,data/raw/Training/pituitary_tumor/p (825).jpg,32517,512,512
train,Pituitary,pituitary_tumor,p (826).jpg,data/raw/Training/pituitary_tumor/p (826).jpg,32517,512,512
train,Pituitary,pituitary_tumor,p (827).jpg,data/raw/Training/pituitary_tumor/p (827).jpg,30902,512,512
train,Pituitary,pituitary_tumor,p (83).jpg,data/raw/Training/pituitary_tumor/p (83).jpg,36126,512,512
train,Pituitary,pituitary_tumor,p (84).jpg,data/raw/Training/pituitary_tumor/p (84).jpg,35906,512,512
train,Pituitary,pituitary_tumor,p (85).jpg,data/raw/Training/pituitary_tumor/p (85).jpg,34395,512,512
train,Pituitary,pituitary_tumor,p (86).jpg,data/raw/Training/pituitary_tumor/p (86).jpg,35854,512,512
train,Pituitary,pituitary_tumor,p (87).jpg,data/raw/Training/pituitary_tumor/p (87).jpg,34602,512,512
train,Pituitary,pituitary_tumor,p (88).jpg,data/raw/Training/pituitary_tumor/p (88).jpg,34905,512,512
train,Pituitary,pituitary_tumor,p (89).jpg,data/raw/Training/pituitary_tumor/p (89).jpg,33874,512,512
train,Pituitary,pituitary_tumor,p (9).jpg,data/raw/Training/pituitary_tumor/p (9).jpg,31651,512,512
train,Pituitary,pituitary_tumor,p (90).jpg,data/raw/Training/pituitary_tumor/p (90).jpg,34263,512,512
train,Pituitary,pituitary_tumor,p (91).jpg,data/raw/Training/pituitary_tumor/p (91).jpg,34838,512,512
train,Pituitary,pituitary_tumor,p (92).jpg,data/raw/Training/pituitary_tumor/p (92).jpg,34464,512,512
train,Pituitary,pituitary_tumor,p (93).jpg,data/raw/Training/pituitary_tumor/p (93).jpg,35469,512,512
train,Pituitary,pituitary_tumor,p (94).jpg,data/raw/Training/pituitary_tumor/p (94).jpg,35754,512,512
train,Pituitary,pituitary_tumor,p (95).jpg,data/raw/Training/pituitary_tumor/p (95).jpg,35839,512,512
train,Pituitary,pituitary_tumor,p (96).jpg,data/raw/Training/pituitary_tumor/p (96).jpg,34127,512,512
train,Pituitary,pituitary_tumor,p (97).jpg,data/raw/Training/pituitary_tumor/p (97).jpg,34824,512,512
train,Pituitary,pituitary_tumor,p (98).jpg,data/raw/Training/pituitary_tumor/p (98).jpg,32777,512,512
train,Pituitary,pituitary_tumor,p (99).jpg,data/raw/Training/pituitary_tumor/p (99).jpg,32553,512,512
test,Glioma,glioma_tumor,image(20).jpg,data/raw/Testing/glioma_tumor/image(20).jpg,19227,248,274
test,Glioma,glioma_tumor,image(21).jpg,data/raw/Testing/glioma_tumor/image(21).jpg,48294,544,564
test,Glioma,glioma_tumor,image(22).jpg,data/raw/Testing/glioma_tumor/image(22).jpg,70676,490,625
test,Glioma,glioma_tumor,image(23).jpg,data/raw/Testing/glioma_tumor/image(23).jpg,16927,200,234
test,Glioma,glioma_tumor,image(24).jpg,data/raw/Testing/glioma_tumor/image(24).jpg,32246,355,399
test,Glioma,glioma_tumor,image(25).jpg,data/raw/Testing/glioma_tumor/image(25).jpg,35744,541,477
test,Glioma,glioma_tumor,image(26).jpg,data/raw/Testing/glioma_tumor/image(26).jpg,37700,620,415
test,Glioma,glioma_tumor,image(27).jpg,data/raw/Testing/glioma_tumor/image(27).jpg,47125,554,554
test,Glioma,glioma_tumor,image(28).jpg,data/raw/Testing/glioma_tumor/image(28).jpg,20008,319,360
test,Glioma,glioma_tumor,image(29).jpg,data/raw/Testing/glioma_tumor/image(29).jpg,20008,319,360
test,Glioma,glioma_tumor,image(3).jpg,data/raw/Testing/glioma_tumor/image(3).jpg,13125,256,256
test,Glioma,glioma_tumor,image(30).jpg,data/raw/Testing/glioma_tumor/image(30).jpg,14885,200,249
test,Glioma,glioma_tumor,image(31).jpg,data/raw/Testing/glioma_tumor/image(31).jpg,36100,442,426
test,Glioma,glioma_tumor,image(32).jpg,data/raw/Testing/glioma_tumor/image(32).jpg,25425,379,379
test,Glioma,glioma_tumor,image(33).jpg,data/raw/Testing/glioma_tumor/image(33).jpg,23784,337,412
test,Glioma,glioma_tumor,image(34).jpg,data/raw/Testing/glioma_tumor/image(34).jpg,26332,338,411
test,Glioma,glioma_tumor,image(35).jpg,data/raw/Testing/glioma_tumor/image(35).jpg,19657,305,325
test,Glioma,glioma_tumor,image(36).jpg,data/raw/Testing/glioma_tumor/image(36).jpg,34044,565,513
test,Glioma,glioma_tumor,image(37).jpg,data/raw/Testing/glioma_tumor/image(37).jpg,33556,440,398
test,Glioma,glioma_tumor,image(38).jpg,data/raw/Testing/glioma_tumor/image(38).jpg,26270,334,407
test,Glioma,glioma_tumor,image(39).jpg,data/raw/Testing/glioma_tumor/image(39).jpg,25052,339,406
test,Glioma,glioma_tumor,image(4).jpg,data/raw/Testing/glioma_tumor/image(4).jpg,22546,425,349
test,Glioma,glioma_tumor,image(40).jpg,data/raw/Testing/glioma_tumor/image(40).jpg,27393,353,427
test,Glioma,glioma_tumor,image(41).jpg,data/raw/Testing/glioma_tumor/image(41).jpg,23571,373,378
test,Glioma,glioma_tumor,image(42).jpg,data/raw/Testing/glioma_tumor/image(42).jpg,48608,572,536
test,Glioma,glioma_tumor,image(43).jpg,data/raw/Testing/glioma_tumor/image(43).jpg,34092,554,554
test,Glioma,glioma_tumor,image(44).jpg,data/raw/Testing/glioma_tumor/image(44).jpg,17755,282,257
test,Glioma,glioma_tumor,image(45).jpg,data/raw/Testing/glioma_tumor/image(45).jpg,19218,384,382
test,Glioma,glioma_tumor,image(46).jpg,data/raw/Testing/glioma_tumor/image(46).jpg,36100,442,426
test,Glioma,glioma_tumor,image(47).jpg,data/raw/Testing/glioma_tumor/image(47).jpg,45012,526,583
test,Glioma,glioma_tumor,image(48).jpg,data/raw/Testing/glioma_tumor/image(48).jpg,12469,236,236
test,Glioma,glioma_tumor,image(49).jpg,data/raw/Testing/glioma_tumor/image(49).jpg,11480,236,236
test,Glioma,glioma_tumor,image(5).jpg,data/raw/Testing/glioma_tumor/image(5).jpg,41860,401,475
test,Glioma,glioma_tumor,image(50).jpg,data/raw/Testing/glioma_tumor/image(50).jpg,14413,236,298
test,Glioma,glioma_tumor,image(51).jpg,data/raw/Testing/glioma_tumor/image(51).jpg,17817,233,233
test,Glioma,glioma_tumor,image(52).jpg,data/raw/Testing/glioma_tumor/image(52).jpg,71896,564,665
test,Glioma,glioma_tumor,image(53).jpg,data/raw/Testing/glioma_tumor/image(53).jpg,15141,236,236
test,Glioma,glioma_tumor,image(54).jpg,data/raw/Testing/glioma_tumor/image(54).jpg,12728,236,236
test,Glioma,glioma_tumor,image(55).jpg,data/raw/Testing/glioma_tumor/image(55).jpg,14413,236,298
test,Glioma,glioma_tumor,image(56).jpg,data/raw/Testing/glioma_tumor/image(56).jpg,11539,197,229
test,Glioma,glioma_tumor,image(57).jpg,data/raw/Testing/glioma_tumor/image(57).jpg,11814,236,236
test,Glioma,glioma_tumor,image(58).jpg,data/raw/Testing/glioma_tumor/image(58).jpg,11406,224,225
test,Glioma,glioma_tumor,image(59).jpg,data/raw/Testing/glioma_tumor/image(59).jpg,33403,512,512
test,Glioma,glioma_tumor,image(6).jpg,data/raw/Testing/glioma_tumor/image(6).jpg,13125,256,256
test,Glioma,glioma_tumor,image(60).jpg,data/raw/Testing/glioma_tumor/image(60).jpg,32997,512,512
test,Glioma,glioma_tumor,image(61).jpg,data/raw/Testing/glioma_tumor/image(61).jpg,29266,512,512
test,Glioma,glioma_tumor,image(62).jpg,data/raw/Testing/glioma_tumor/image(62).jpg,26610,512,512
test,Glioma,glioma_tumor,image(63).jpg,data/raw/Testing/glioma_tumor/image(63).jpg,34800,512,512
test,Glioma,glioma_tumor,image(64).jpg,data/raw/Testing/glioma_tumor/image(64).jpg,38977,512,512
test,Glioma,glioma_tumor,image(65).jpg,data/raw/Testing/glioma_tumor/image(65).jpg,38977,512,512
test,Glioma,glioma_tumor,image(66).jpg,data/raw/Testing/glioma_tumor/image(66).jpg,23156,512,512
test,Glioma,glioma_tumor,image(67).jpg,data/raw/Testing/glioma_tumor/image(67).jpg,24799,512,512
test,Glioma,glioma_tumor,image(68).jpg,data/raw/Testing/glioma_tumor/image(68).jpg,34064,512,512
test,Glioma,glioma_tumor,image(69).jpg,data/raw/Testing/glioma_tumor/image(69).jpg,35688,512,512
test,Glioma,glioma_tumor,image(7).jpg,data/raw/Testing/glioma_tumor/image(7).jpg,22486,394,368
test,Glioma,glioma_tumor,image(70).jpg,data/raw/Testing/glioma_tumor/image(70).jpg,33913,512,512
test,Glioma,glioma_tumor,image(71).jpg,data/raw/Testing/glioma_tumor/image(71).jpg,33913,512,512
test,Glioma,glioma_tumor,image(72).jpg,data/raw/Testing/glioma_tumor/image(72).jpg,31080,512,512
test,Glioma,glioma_tumor,image(73).jpg,data/raw/Testing/glioma_tumor/image(73).jpg,29836,512,512
test,Glioma,glioma_tumor,image(74).jpg,data/raw/Testing/glioma_tumor/image(74).jpg,30630,512,512
test,Glioma,glioma_tumor,image(75).jpg,data/raw/Testing/glioma_tumor/image(75).jpg,29051,512,512
test,Glioma,glioma_tumor,image(76).jpg,data/raw/Testing/glioma_tumor/image(76).jpg,31655,512,512
test,Glioma,glioma_tumor,image(77).jpg,data/raw/Testing/glioma_tumor/image(77).jpg,28239,310,380
test,Glioma,glioma_tumor,image(78).jpg,data/raw/Testing/glioma_tumor/image(78).jpg,41441,485,594
test,Glioma,glioma_tumor,image(79).jpg,data/raw/Testing/glioma_tumor/image(79).jpg,20008,319,360
test,Glioma,glioma_tumor,image(8).jpg,data/raw/Testing/glioma_tumor/image(8).jpg,35699,388,453
test,Glioma,glioma_tumor,image(80).jpg,data/raw/Testing/glioma_tumor/image(80).jpg,28239,310,380
test,Glioma,glioma_tumor,image(81).jpg,data/raw/Testing/glioma_tumor/image(81).jpg,30302,354,442
test,Glioma,glioma_tumor,image(82).jpg,data/raw/Testing/glioma_tumor/image(82).jpg,50991,504,608
test,Glioma,glioma_tumor,image(83).jpg,data/raw/Testing/glioma_tumor/image(83).jpg,8183,175,167
test,Glioma,glioma_tumor,image(84).jpg,data/raw/Testing/glioma_tumor/image(84).jpg,14885,200,249
test,Glioma,glioma_tumor,image(85).jpg,data/raw/Testing/glioma_tumor/image(85).jpg,13281,204,245
test,Glioma,glioma_tumor,image(86).jpg,data/raw/Testing/glioma_tumor/image(86).jpg,26139,326,405
test,Glioma,glioma_tumor,image(87).jpg,data/raw/Testing/glioma_tumor/image(87).jpg,30117,331,392
test,Glioma,glioma_tumor,image(88).jpg,data/raw/Testing/glioma_tumor/image(88).jpg,38988,640,480
test,Glioma,glioma_tumor,image(89).jpg,data/raw/Testing/glioma_tumor/image(89).jpg,23493,317,378
test,Glioma,glioma_tumor,image(9).jpg,data/raw/Testing/glioma_tumor/image(9).jpg,33233,383,407
test,Glioma,glioma_tumor,image(90).jpg,data/raw/Testing/glioma_tumor/image(90).jpg,47089,524,581
test,Glioma,glioma_tumor,image(91).jpg,data/raw/Testing/glioma_tumor/image(91).jpg,49532,531,577
test,Glioma,glioma_tumor,image(92).jpg,data/raw/Testing/glioma_tumor/image(92).jpg,57379,546,562
test,Glioma,glioma_tumor,image(93).jpg,data/raw/Testing/glioma_tumor/image(93).jpg,17778,249,238
test,Glioma,glioma_tumor,image(94).jpg,data/raw/Testing/glioma_tumor/image(94).jpg,17778,249,238
test,Glioma,glioma_tumor,image(95).jpg,data/raw/Testing/glioma_tumor/image(95).jpg,48294,544,564
test,Glioma,glioma_tumor,image(97).jpg,data/raw/Testing/glioma_tumor/image(97).jpg,37700,620,415
test,Glioma,glioma_tumor,image(98).jpg,data/raw/Testing/glioma_tumor/image(98).jpg,52874,510,602
test,Glioma,glioma_tumor,image(99).jpg,data/raw/Testing/glioma_tumor/image(99).jpg,52874,510,602
test,Glioma,glioma_tumor,image.jpg,data/raw/Testing/glioma_tumor/image.jpg,49523,495,619
test,Meningioma,meningioma_tumor,image(1).jpg,data/raw/Testing/meningioma_tumor/image(1).jpg,20679,440,278
test,Meningioma,meningioma_tumor,image(10).jpg,data/raw/Testing/meningioma_tumor/image(10).jpg,22020,257,307
test,Meningioma,meningioma_tumor,image(100).jpg,data/raw/Testing/meningioma_tumor/image(100).jpg,11996,228,221
test,Meningioma,meningioma_tumor,image(102).jpg,data/raw/Testing/meningioma_tumor/image(102).jpg,12043,212,237
test,Meningioma,meningioma_tumor,image(106).jpg,data/raw/Testing/meningioma_tumor/image(106).jpg,42111,528,581
test,Meningioma,meningioma_tumor,image(107).jpg,data/raw/Testing/meningioma_tumor/image(107).jpg,26970,295,394
test,Meningioma,meningioma_tumor,image(109).jpg,data/raw/Testing/meningioma_tumor/image(109).jpg,16489,219,234
test,Meningioma,meningioma_tumor,image(11).jpg,data/raw/Testing/meningioma_tumor/image(11).jpg,24573,262,308
test,Meningioma,meningioma_tumor,image(112).jpg,data/raw/Testing/meningioma_tumor/image(112).jpg,13145,206,249
test,Meningioma,meningioma_tumor,image(113).jpg,data/raw/Testing/meningioma_tumor/image(113).jpg,34176,530,526
test,Meningioma,meningioma_tumor,image(118).jpg,data/raw/Testing/meningioma_tumor/image(118).jpg,37473,455,500
test,Meningioma,meningioma_tumor,image(12).jpg,data/raw/Testing/meningioma_tumor/image(12).jpg,12380,200,223
test,Meningioma,meningioma_tumor,image(120).jpg,data/raw/Testing/meningioma_tumor/image(120).jpg,51430,472,546
test,Meningioma,meningioma_tumor,image(121).jpg,data/raw/Testing/meningioma_tumor/image(121).jpg,42446,441,427
test,Meningioma,meningioma_tumor,image(123).jpg,data/raw/Testing/meningioma_tumor/image(123).jpg,47132,540,568
test,Meningioma,meningioma_tumor,image(124).jpg,data/raw/Testing/meningioma_tumor/image(124).jpg,54825,507,605
test,Meningioma,meningioma_tumor,image(125).jpg,data/raw/Testing/meningioma_tumor/image(125).jpg,23465,290,339
test,Meningioma,meningioma_tumor,image(126).jpg,data/raw/Testing/meningioma_tumor/image(126).jpg,62465,591,650
test,Meningioma,meningioma_tumor,image(127).jpg,data/raw/Testing/meningioma_tumor/image(127).jpg,67638,534,674
test,Meningioma,meningioma_tumor,image(13).jpg,data/raw/Testing/meningioma_tumor/image(13).jpg,28301,300,345
test,Meningioma,meningioma_tumor,image(14).jpg,data/raw/Testing/meningioma_tumor/image(14).jpg,24340,306,306
test,Meningioma,meningioma_tumor,image(15).jpg,data/raw/Testing/meningioma_tumor/image(15).jpg,27770,374,370
test,Meningioma,meningioma_tumor,image(16).jpg,data/raw/Testing/meningioma_tumor/image(16).jpg,14807,201,207
test,Meningioma,meningioma_tumor,image(17).jpg,data/raw/Testing/meningioma_tumor/image(17).jpg,16989,291,340
test,Meningioma,meningioma_tumor,image(18).jpg,data/raw/Testing/meningioma_tumor/image(18).jpg,51353,630,423
test,Meningioma,meningioma_tumor,image(19).jpg,data/raw/Testing/meningioma_tumor/image(19).jpg,20735,318,354
test,Meningioma,meningioma_tumor,image(2).jpg,data/raw/Testing/meningioma_tumor/image(2).jpg,33797,554,554
test,Meningioma,meningioma_tumor,image(20).jpg,data/raw/Testing/meningioma_tumor/image(20).jpg,18762,315,341
test,Meningioma,meningioma_tumor,image(21).jpg,data/raw/Testing/meningioma_tumor/image(21).jpg,18704,286,356
test,Meningioma,meningioma_tumor,image(22).jpg,data/raw/Testing/meningioma_tumor/image(22).jpg,17710,278,306
test,Meningioma,meningioma_tumor,image(23).jpg,data/raw/Testing/meningioma_tumor/image(23).jpg,17975,252,303
test,Meningioma,meningioma_tumor,image(24).jpg,data/raw/Testing/meningioma_tumor/image(24).jpg,37473,455,500
test,Meningioma,meningioma_tumor,image(25).jpg,data/raw/Testing/meningioma_tumor/image(25).jpg,32046,442,442
test,Meningioma,meningioma_tumor,image(26).jpg,data/raw/Testing/meningioma_tumor/image(26).jpg,42116,554,554
test,Meningioma,meningioma_tumor,image(27).jpg,data/raw/Testing/meningioma_tumor/image(27).jpg,27277,312,401
test,Meningioma,meningioma_tumor,image(28).jpg,data/raw/Testing/meningioma_tumor/image(28).jpg,26981,300,412
test,Meningioma,meningioma_tumor,image(29).jpg,data/raw/Testing/meningioma_tumor/image(29).jpg,12130,205,251
test,Meningioma,meningioma_tumor,image(3).jpg,data/raw/Testing/meningioma_tumor/image(3).jpg,13220,300,258
test,Meningioma,meningioma_tumor,image(30).jpg,data/raw/Testing/meningioma_tumor/image(30).jpg,12491,204,249
test,Meningioma,meningioma_tumor,image(31).jpg,data/raw/Testing/meningioma_tumor/image(31).jpg,19826,239,224
test,Meningioma,meningioma_tumor,image(32).jpg,data/raw/Testing/meningioma_tumor/image(32).jpg,18203,323,342
test,Meningioma,meningioma_tumor,image(33).jpg,data/raw/Testing/meningioma_tumor/image(33).jpg,23802,290,342
test,Meningioma,meningioma_tumor,image(34).jpg,data/raw/Testing/meningioma_tumor/image(34).jpg,26991,366,395
test,Meningioma,meningioma_tumor,image(35).jpg,data/raw/Testing/meningioma_tumor/image(35).jpg,34945,416,395
test,Meningioma,meningioma_tumor,image(36).jpg,data/raw/Testing/meningioma_tumor/image(36).jpg,17271,256,256
test,Meningioma,meningioma_tumor,image(37).jpg,data/raw/Testing/meningioma_tumor/image(37).jpg,32492,402,396
test,Meningioma,meningioma_tumor,image(38).jpg,data/raw/Testing/meningioma_tumor/image(38).jpg,27715,369,395
test,Meningioma,meningioma_tumor,image(39).jpg,data/raw/Testing/meningioma_tumor/image(39).jpg,35979,343,367
test,Meningioma,meningioma_tumor,image(4).jpg,data/raw/Testing/meningioma_tumor/image(4).jpg,29322,369,398
test,Meningioma,meningioma_tumor,image(40).jpg,data/raw/Testing/meningioma_tumor/image(40).jpg,29820,313,393
test,Meningioma,meningioma_tumor,image(41).jpg,data/raw/Testing/meningioma_tumor/image(41).jpg,32794,442,442
test,Meningioma,meningioma_tumor,image(42).jpg,data/raw/Testing/meningioma_tumor/image(42).jpg,23280,330,355
test,Meningioma,meningioma_tumor,image(43).jpg,data/raw/Testing/meningioma_tumor/image(43).jpg,33110,442,442
test,Meningioma,meningioma_tumor,image(44).jpg,data/raw/Testing/meningioma_tumor/image(44).jpg,33987,442,442
test,Meningioma,meningioma_tumor,image(45).jpg,data/raw/Testing/meningioma_tumor/image(45).jpg,26971,367,395
test,Meningioma,meningioma_tumor,image(46).jpg,data/raw/Testing/meningioma_tumor/image(46).jpg,37338,411,396
test,Meningioma,meningioma_tumor,image(47).jpg,data/raw/Testing/meningioma_tumor/image(47).jpg,14225,234,216
test,Meningioma,meningioma_tumor,image(48).jpg,data/raw/Testing/meningioma_tumor/image(48).jpg,25062,232,261
test,Meningioma,meningioma_tumor,image(49).jpg,data/raw/Testing/meningioma_tumor/image(49).jpg,44187,645,439
test,Meningioma,meningioma_tumor,image(5).jpg,data/raw/Testing/meningioma_tumor/image(5).jpg,14257,314,195
test,Meningioma,meningioma_tumor,image(50).jpg,data/raw/Testing/meningioma_tumor/image(50).jpg,14216,217,232
test,Meningioma,meningioma_tumor,image(51).jpg,data/raw/Testing/meningioma_tumor/image(51).jpg,21569,352,322
test,Meningioma,meningioma_tumor,image(52).jpg,data/raw/Testing/meningioma_tumor/image(52).jpg,11810,216,216
test,Meningioma,meningioma_tumor,image(53).jpg,data/raw/Testing/meningioma_tumor/image(53).jpg,15615,257,248
test,Meningioma,meningioma_tumor,image(54).jpg,data/raw/Testing/meningioma_tumor/image(54).jpg,11647,174,230
test,Meningioma,meningioma_tumor,image(55).jpg,data/raw/Testing/meningioma_tumor/image(55).jpg,17125,206,245
test,Meningioma,meningioma_tumor,image(56).jpg,data/raw/Testing/meningioma_tumor/image(56).jpg,121564,1149,1019
test,Meningioma,meningioma_tumor,image(57).jpg,data/raw/Testing/meningioma_tumor/image(57).jpg,50763,722,690
test,Meningioma,meningioma_tumor,image(58).jpg,data/raw/Testing/meningioma_tumor/image(58).jpg,34400,554,554
test,Meningioma,meningioma_tumor,image(59).jpg,data/raw/Testing/meningioma_tumor/image(59).jpg,25945,315,315
test,Meningioma,meningioma_tumor,image(6).jpg,data/raw/Testing/meningioma_tumor/image(6).jpg,42301,351,398
test,Meningioma,meningioma_tumor,image(60).jpg,data/raw/Testing/meningioma_tumor/image(60).jpg,28353,341,395
test,Meningioma,meningioma_tumor,image(61).jpg,data/raw/Testing/meningioma_tumor/image(61).jpg,27286,341,372
test,Meningioma,meningioma_tumor,image(62).jpg,data/raw/Testing/meningioma_tumor/image(62).jpg,28353,341,395
test,Meningioma,meningioma_tumor,image(63).jpg,data/raw/Testing/meningioma_tumor/image(63).jpg,26771,273,326
test,Meningioma,meningioma_tumor,image(64).jpg,data/raw/Testing/meningioma_tumor/image(64).jpg,13855,239,248
test,Meningioma,meningioma_tumor,image(65).jpg,data/raw/Testing/meningioma_tumor/image(65).jpg,20107,289,354
test,Meningioma,meningioma_tumor,image(66).jpg,data/raw/Testing/meningioma_tumor/image(66).jpg,18534,305,337
test,Meningioma,meningioma_tumor,image(67).jpg,data/raw/Testing/meningioma_tumor/image(67).jpg,27186,304,410
test,Meningioma,meningioma_tumor,image(68).jpg,data/raw/Testing/meningioma_tumor/image(68).jpg,13951,208,243
test,Meningioma,meningioma_tumor,image(69).jpg,data/raw/Testing/meningioma_tumor/image(69).jpg,17464,221,228
test,Meningioma,meningioma_tumor,image(7).jpg,data/raw/Testing/meningioma_tumor/image(7).jpg,37660,341,377
test,Meningioma,meningioma_tumor,image(70).jpg,data/raw/Testing/meningioma_tumor/image(70).jpg,12919,200,252
test,Meningioma,meningioma_tumor,image(71).jpg,data/raw/Testing/meningioma_tumor/image(71).jpg,10120,226,214
test,Meningioma,meningioma_tumor,image(72).jpg,data/raw/Testing/meningioma_tumor/image(72).jpg,18058,200,236
test,Meningioma,meningioma_tumor,image(73).jpg,data/raw/Testing/meningioma_tumor/image(73).jpg,12137,238,212
test,Meningioma,meningioma_tumor,image(74).jpg,data/raw/Testing/meningioma_tumor/image(74).jpg,11067,225,225
test,Meningioma,meningioma_tumor,image(75).jpg,data/raw/Testing/meningioma_tumor/image(75).jpg,13775,212,238
test,Meningioma,meningioma_tumor,image(76).jpg,data/raw/Testing/meningioma_tumor/image(76).jpg,12162,215,220
test,Meningioma,meningioma_tumor,image(77).jpg,data/raw/Testing/meningioma_tumor/image(77).jpg,9937,201,251
test,Meningioma,meningioma_tumor,image(78).jpg,data/raw/Testing/meningioma_tumor/image(78).jpg,42636,480,480
test,Meningioma,meningioma_tumor,image(79).jpg,data/raw/Testing/meningioma_tumor/image(79).jpg,12529,212,237
test,Meningioma,meningioma_tumor,image(8).jpg,data/raw/Testing/meningioma_tumor/image(8).jpg,38271,491,624
test,Meningioma,meningioma_tumor,image(80).jpg,data/raw/Testing/meningioma_tumor/image(80).jpg,11617,225,225
test,Meningioma,meningioma_tumor,image(81).jpg,data/raw/Testing/meningioma_tumor/image(81).jpg,7607,225,225
test,Meningioma,meningioma_tumor,image(82).jpg,data/raw/Testing/meningioma_tumor/image(82).jpg,9781,225,225
test,Meningioma,meningioma_tumor,image(83).jpg,data/raw/Testing/meningioma_tumor/image(83).jpg,14431,224,219
test,Meningioma,meningioma_tumor,image(84).jpg,data/raw/Testing/meningioma_tumor/image(84).jpg,13119,200,223
test,Meningioma,meningioma_tumor,image(85).jpg,data/raw/Testing/meningioma_tumor/image(85).jpg,15038,200,235
test,Meningioma,meningioma_tumor,image(86).jpg,data/raw/Testing/meningioma_tumor/image(86).jpg,12968,209,241
test,Meningioma,meningioma_tumor,image(87).jpg,data/raw/Testing/meningioma_tumor/image(87).jpg,14670,211,239
test,Meningioma,meningioma_tumor,image(88).jpg,data/raw/Testing/meningioma_tumor/image(88).jpg,12103,215,234
test,Meningioma,meningioma_tumor,image(89).jpg,data/raw/Testing/meningioma_tumor/image(89).jpg,7177,225,225
test,Meningioma,meningioma_tumor,image(9).jpg,data/raw/Testing/meningioma_tumor/image(9).jpg,26406,314,358
test,Meningioma,meningioma_tumor,image(90).jpg,data/raw/Testing/meningioma_tumor/image(90).jpg,11881,213,237
test,Meningioma,meningioma_tumor,image(91).jpg,data/raw/Testing/meningioma_tumor/image(91).jpg,10921,214,216
test,Meningioma,meningioma_tumor,image(92).jpg,data/raw/Testing/meningioma_tumor/image(92).jpg,12843,201,251
test,Meningioma,meningioma_tumor,image(93).jpg,data/raw/Testing/meningioma_tumor/image(93).jpg,12668,214,235
test,Meningioma,meningioma_tumor,image(94).jpg,data/raw/Testing/meningioma_tumor/image(94).jpg,14865,210,240
test,Meningioma,meningioma_tumor,image(95).jpg,data/raw/Testing/meningioma_tumor/image(95).jpg,8844,225,225
test,Meningioma,meningioma_tumor,image(96).jpg,data/raw/Testing/meningioma_tumor/image(96).jpg,10232,210,240
test,Meningioma,meningioma_tumor,image(97).jpg,data/raw/Testing/meningioma_tumor/image(97).jpg,14579,225,225
test,Meningioma,meningioma_tumor,image(98).jpg,data/raw/Testing/meningioma_tumor/image(98).jpg,14370,213,236
test,Meningioma,meningioma_tumor,image(99).jpg,data/raw/Testing/meningioma_tumor/image(99).jpg,11090,224,216
test,Meningioma,meningioma_tumor,image.jpg,data/raw/Testing/meningioma_tumor/image.jpg,18999,338,345
test,No tumor,no_tumor,image(1).jpg,data/raw/Testing/no_tumor/image(1).jpg,11110,236,236
test,No tumor,no_tumor,image(10).jpg,data/raw/Testing/no_tumor/image(10).jpg,15159,236,260
test,No tumor,no_tumor,image(100).jpg,data/raw/Testing/no_tumor/image(100).jpg,13578,314,258
test,No tumor,no_tumor,image(101).jpg,data/raw/Testing/no_tumor/image(101).jpg,14906,225,259
test,No tumor,no_tumor,image(102).jpg,data/raw/Testing/no_tumor/image(102).jpg,17032,224,262
test,No tumor,no_tumor,image(103).jpg,data/raw/Testing/no_tumor/image(103).jpg,20868,314,260
test,No tumor,no_tumor,image(104).jpg,data/raw/Testing/no_tumor/image(104).jpg,16158,278,253
test,No tumor,no_tumor,image(11).jpg,data/raw/Testing/no_tumor/image(11).jpg,7577,236,236
test,No tumor,no_tumor,image(12).jpg,data/raw/Testing/no_tumor/image(12).jpg,15730,235,227
test,No tumor,no_tumor,image(13).jpg,data/raw/Testing/no_tumor/image(13).jpg,18316,236,236
test,No tumor,no_tumor,image(14).jpg,data/raw/Testing/no_tumor/image(14).jpg,15855,205,249
test,No tumor,no_tumor,image(15).jpg,data/raw/Testing/no_tumor/image(15).jpg,13218,236,236
test,No tumor,no_tumor,image(16).jpg,data/raw/Testing/no_tumor/image(16).jpg,12060,236,236
test,No tumor,no_tumor,image(17).jpg,data/raw/Testing/no_tumor/image(17).jpg,21099,236,270
test,No tumor,no_tumor,image(18).jpg,data/raw/Testing/no_tumor/image(18).jpg,16812,235,261
test,No tumor,no_tumor,image(19).jpg,data/raw/Testing/no_tumor/image(19).jpg,12375,236,236
test,No tumor,no_tumor,image(2).jpg,data/raw/Testing/no_tumor/image(2).jpg,10469,236,218
test,No tumor,no_tumor,image(20).jpg,data/raw/Testing/no_tumor/image(20).jpg,14040,212,236
test,No tumor,no_tumor,image(21).jpg,data/raw/Testing/no_tumor/image(21).jpg,10600,236,236
test,No tumor,no_tumor,image(22).jpg,data/raw/Testing/no_tumor/image(22).jpg,15347,236,262
test,No tumor,no_tumor,image(23).jpg,data/raw/Testing/no_tumor/image(23).jpg,9027,236,236
test,No tumor,no_tumor,image(24).jpg,data/raw/Testing/no_tumor/image(24).jpg,11990,236,231
test,No tumor,no_tumor,image(25).jpg,data/raw/Testing/no_tumor/image(25).jpg,14044,236,290
test,No tumor,no_tumor,image(26).jpg,data/raw/Testing/no_tumor/image(26).jpg,12991,235,227
test,No tumor,no_tumor,image(27).jpg,data/raw/Testing/no_tumor/image(27).jpg,14271,209,234
test,No tumor,no_tumor,image(28).jpg,data/raw/Testing/no_tumor/image(28).jpg,15244,208,217
test,No tumor,no_tumor,image(29).jpg,data/raw/Testing/no_tumor/image(29).jpg,13004,236,228
test,No tumor,no_tumor,image(3).jpg,data/raw/Testing/no_tumor/image(3).jpg,16920,236,295
test,No tumor,no_tumor,image(30).jpg,data/raw/Testing/no_tumor/image(30).jpg,14079,234,234
test,No tumor,no_tumor,image(31).jpg,data/raw/Testing/no_tumor/image(31).jpg,7143,236,236
test,No tumor,no_tumor,image(32).jpg,data/raw/Testing/no_tumor/image(32).jpg,16209,236,257
test,No tumor,no_tumor,image(33).jpg,data/raw/Testing/no_tumor/image(33).jpg,15159,236,260
test,No tumor,no_tumor,image(34).jpg,data/raw/Testing/no_tumor/image(34).jpg,13753,234,224
test,No tumor,no_tumor,image(35).jpg,data/raw/Testing/no_tumor/image(35).jpg,11432,227,213
test,No tumor,no_tumor,image(36).jpg,data/raw/Testing/no_tumor/image(36).jpg,16191,201,249
test,No tumor,no_tumor,image(37).jpg,data/raw/Testing/no_tumor/image(37).jpg,9995,236,263
test,No tumor,no_tumor,image(38).jpg,data/raw/Testing/no_tumor/image(38).jpg,18147,236,236
test,No tumor,no_tumor,image(39).jpg,data/raw/Testing/no_tumor/image(39).jpg,13087,235,227
test,No tumor,no_tumor,image(4).jpg,data/raw/Testing/no_tumor/image(4).jpg,12408,236,236
test,No tumor,no_tumor,image(40).jpg,data/raw/Testing/no_tumor/image(40).jpg,26104,236,300
test,No tumor,no_tumor,image(41).jpg,data/raw/Testing/no_tumor/image(41).jpg,12598,236,236
test,No tumor,no_tumor,image(42).jpg,data/raw/Testing/no_tumor/image(42).jpg,10976,234,218
test,No tumor,no_tumor,image(43).jpg,data/raw/Testing/no_tumor/image(43).jpg,15584,208,225
test,No tumor,no_tumor,image(44).jpg,data/raw/Testing/no_tumor/image(44).jpg,14533,205,214
test,No tumor,no_tumor,image(45).jpg,data/raw/Testing/no_tumor/image(45).jpg,12060,236,236
test,No tumor,no_tumor,image(46).jpg,data/raw/Testing/no_tumor/image(46).jpg,11184,236,251
test,No tumor,no_tumor,image(47).jpg,data/raw/Testing/no_tumor/image(47).jpg,12550,235,228
test,No tumor,no_tumor,image(48).jpg,data/raw/Testing/no_tumor/image(48).jpg,10709,234,218
test,No tumor,no_tumor,image(49).jpg,data/raw/Testing/no_tumor/image(49).jpg,13218,236,236
test,No tumor,no_tumor,image(5).jpg,data/raw/Testing/no_tumor/image(5).jpg,16364,236,280
test,No tumor,no_tumor,image(50).jpg,data/raw/Testing/no_tumor/image(50).jpg,11184,236,251
test,No tumor,no_tumor,image(51).jpg,data/raw/Testing/no_tumor/image(51).jpg,20420,236,309
test,No tumor,no_tumor,image(52).jpg,data/raw/Testing/no_tumor/image(52).jpg,12598,236,236
test,No tumor,no_tumor,image(53).jpg,data/raw/Testing/no_tumor/image(53).jpg,13218,236,236
test,No tumor,no_tumor,image(54).jpg,data/raw/Testing/no_tumor/image(54).jpg,11184,236,251
test,No tumor,no_tumor,image(55).jpg,data/raw/Testing/no_tumor/image(55).jpg,12060,236,236
test,No tumor,no_tumor,image(56).jpg,data/raw/Testing/no_tumor/image(56).jpg,12620,236,236
test,No tumor,no_tumor,image(57).jpg,data/raw/Testing/no_tumor/image(57).jpg,16334,200,248
test,No tumor,no_tumor,image(58).jpg,data/raw/Testing/no_tumor/image(58).jpg,13488,236,236
test,No tumor,no_tumor,image(59).jpg,data/raw/Testing/no_tumor/image(59).jpg,15427,207,225
test,No tumor,no_tumor,image(6).jpg,data/raw/Testing/no_tumor/image(6).jpg,13106,235,229
test,No tumor,no_tumor,image(60).jpg,data/raw/Testing/no_tumor/image(60).jpg,12060,236,236
test,No tumor,no_tumor,image(61).jpg,data/raw/Testing/no_tumor/image(61).jpg,15347,236,262
test,No tumor,no_tumor,image(62).jpg,data/raw/Testing/no_tumor/image(62).jpg,16244,200,243
test,No tumor,no_tumor,image(63).jpg,data/raw/Testing/no_tumor/image(63).jpg,12561,234,225
test,No tumor,no_tumor,image(64).jpg,data/raw/Testing/no_tumor/image(64).jpg,16209,236,257
test,No tumor,no_tumor,image(65).jpg,data/raw/Testing/no_tumor/image(65).jpg,15016,234,225
test,No tumor,no_tumor,image(66).jpg,data/raw/Testing/no_tumor/image(66).jpg,15159,236,260
test,No tumor,no_tumor,image(67).jpg,data/raw/Testing/no_tumor/image(67).jpg,13218,236,236
test,No tumor,no_tumor,image(68).jpg,data/raw/Testing/no_tumor/image(68).jpg,7143,236,236
test,No tumor,no_tumor,image(69).jpg,data/raw/Testing/no_tumor/image(69).jpg,10600,236,236
test,No tumor,no_tumor,image(7).jpg,data/raw/Testing/no_tumor/image(7).jpg,13999,235,233
test,No tumor,no_tumor,image(70).jpg,data/raw/Testing/no_tumor/image(70).jpg,11990,236,231
test,No tumor,no_tumor,image(71).jpg,data/raw/Testing/no_tumor/image(71).jpg,15347,236,262
test,No tumor,no_tumor,image(72).jpg,data/raw/Testing/no_tumor/image(72).jpg,14039,211,236
test,No tumor,no_tumor,image(73).jpg,data/raw/Testing/no_tumor/image(73).jpg,14044,236,290
test,No tumor,no_tumor,image(74).jpg,data/raw/Testing/no_tumor/image(74).jpg,12461,235,229
test,No tumor,no_tumor,image(75).jpg,data/raw/Testing/no_tumor/image(75).jpg,10709,234,218
test,No tumor,no_tumor,image(76).jpg,data/raw/Testing/no_tumor/image(76).jpg,14987,233,226
test,No tumor,no_tumor,image(77).jpg,data/raw/Testing/no_tumor/image(77).jpg,14041,210,234
test,No tumor,no_tumor,image(78).jpg,data/raw/Testing/no_tumor/image(78).jpg,19344,220,275
test,No tumor,no_tumor,image(79).jpg,data/raw/Testing/no_tumor/image(79).jpg,9995,236,263
test,No tumor,no_tumor,image(8).jpg,data/raw/Testing/no_tumor/image(8).jpg,10991,234,224
test,No tumor,no_tumor,image(80).jpg,data/raw/Testing/no_tumor/image(80).jpg,13121,236,243
test,No tumor,no_tumor,image(81).jpg,data/raw/Testing/no_tumor/image(81).jpg,15159,236,260
test,No tumor,no_tumor,image(82).jpg,data/raw/Testing/no_tumor/image(82).jpg,18286,236,236
test,No tumor,no_tumor,image(83).jpg,data/raw/Testing/no_tumor/image(83).jpg,16956,236,295
test,No tumor,no_tumor,image(84).jpg,data/raw/Testing/no_tumor/image(84).jpg,13218,236,236
test,No tumor,no_tumor,image(85).jpg,data/raw/Testing/no_tumor/image(85).jpg,7577,236,236
test,No tumor,no_tumor,image(86).jpg,data/raw/Testing/no_tumor/image(86).jpg,15401,218,234
test,No tumor,no_tumor,image(87).jpg,data/raw/Testing/no_tumor/image(87).jpg,18772,236,268
test,No tumor,no_tumor,image(88).jpg,data/raw/Testing/no_tumor/image(88).jpg,11593,212,280
test,No tumor,no_tumor,image(89).jpg,data/raw/Testing/no_tumor/image(89).jpg,22444,236,300
test,No tumor,no_tumor,image(9).jpg,data/raw/Testing/no_tumor/image(9).jpg,13121,236,243
test,No tumor,no_tumor,image(90).jpg,data/raw/Testing/no_tumor/image(90).jpg,24249,236,315
test,No tumor,no_tumor,image(91).jpg,data/raw/Testing/no_tumor/image(91).jpg,10666,236,252
test,No tumor,no_tumor,image(92).jpg,data/raw/Testing/no_tumor/image(92).jpg,9683,236,236
test,No tumor,no_tumor,image(93).jpg,data/raw/Testing/no_tumor/image(93).jpg,13291,228,228
test,No tumor,no_tumor,image(94).jpg,data/raw/Testing/no_tumor/image(94).jpg,14964,236,236
test,No tumor,no_tumor,image(95).jpg,data/raw/Testing/no_tumor/image(95).jpg,11459,233,208
test,No tumor,no_tumor,image(96).jpg,data/raw/Testing/no_tumor/image(96).jpg,12988,236,273
test,No tumor,no_tumor,image(97).jpg,data/raw/Testing/no_tumor/image(97).jpg,23703,321,351
test,No tumor,no_tumor,image(98).jpg,data/raw/Testing/no_tumor/image(98).jpg,12914,221,257
test,No tumor,no_tumor,image(99).jpg,data/raw/Testing/no_tumor/image(99).jpg,16654,222,252
test,No tumor,no_tumor,image.jpg,data/raw/Testing/no_tumor/image.jpg,13813,236,251
test,Pituitary,pituitary_tumor,image(1).jpg,data/raw/Testing/pituitary_tumor/image(1).jpg,43670,488,512
test,Pituitary,pituitary_tumor,image(10).jpg,data/raw/Testing/pituitary_tumor/image(10).jpg,33374,400,400
test,Pituitary,pituitary_tumor,image(11).jpg,data/raw/Testing/pituitary_tumor/image(11).jpg,103713,685,681
test,Pituitary,pituitary_tumor,image(13).jpg,data/raw/Testing/pituitary_tumor/image(13).jpg,14057,202,202
test,Pituitary,pituitary_tumor,image(15).jpg,data/raw/Testing/pituitary_tumor/image(15).jpg,232333,1280,1280
test,Pituitary,pituitary_tumor,image(18).jpg,data/raw/Testing/pituitary_tumor/image(18).jpg,41332,436,429
test,Pituitary,pituitary_tumor,image(19).jpg,data/raw/Testing/pituitary_tumor/image(19).jpg,40862,502,502
test,Pituitary,pituitary_tumor,image(2).jpg,data/raw/Testing/pituitary_tumor/image(2).jpg,43670,488,512
test,Pituitary,pituitary_tumor,image(20).jpg,data/raw/Testing/pituitary_tumor/image(20).jpg,40862,502,502
test,Pituitary,pituitary_tumor,image(21).jpg,data/raw/Testing/pituitary_tumor/image(21).jpg,40862,502,502
test,Pituitary,pituitary_tumor,image(22).jpg,data/raw/Testing/pituitary_tumor/image(22).jpg,34167,360,378
test,Pituitary,pituitary_tumor,image(23).jpg,data/raw/Testing/pituitary_tumor/image(23).jpg,34167,360,378
test,Pituitary,pituitary_tumor,image(27).jpg,data/raw/Testing/pituitary_tumor/image(27).jpg,267544,1358,1322
test,Pituitary,pituitary_tumor,image(28).jpg,data/raw/Testing/pituitary_tumor/image(28).jpg,267544,1358,1322
test,Pituitary,pituitary_tumor,image(3).jpg,data/raw/Testing/pituitary_tumor/image(3).jpg,43670,488,512
test,Pituitary,pituitary_tumor,image(30).jpg,data/raw/Testing/pituitary_tumor/image(30).jpg,40160,474,474
test,Pituitary,pituitary_tumor,image(31).jpg,data/raw/Testing/pituitary_tumor/image(31).jpg,42336,470,432
test,Pituitary,pituitary_tumor,image(34).jpg,data/raw/Testing/pituitary_tumor/image(34).jpg,112601,913,875
test,Pituitary,pituitary_tumor,image(35).jpg,data/raw/Testing/pituitary_tumor/image(35).jpg,17709,201,210
test,Pituitary,pituitary_tumor,image(36).jpg,data/raw/Testing/pituitary_tumor/image(36).jpg,17709,201,210
test,Pituitary,pituitary_tumor,image(37).jpg,data/raw/Testing/pituitary_tumor/image(37).jpg,17709,201,210
test,Pituitary,pituitary_tumor,image(38).jpg,data/raw/Testing/pituitary_tumor/image(38).jpg,40442,442,442
test,Pituitary,pituitary_tumor,image(41).jpg,data/raw/Testing/pituitary_tumor/image(41).jpg,74371,624,607
test,Pituitary,pituitary_tumor,image(42).jpg,data/raw/Testing/pituitary_tumor/image(42).jpg,74371,624,607
test,Pituitary,pituitary_tumor,image(43).jpg,data/raw/Testing/pituitary_tumor/image(43).jpg,74371,624,607
test,Pituitary,pituitary_tumor,image(44).jpg,data/raw/Testing/pituitary_tumor/image(44).jpg,268072,1335,1302
test,Pituitary,pituitary_tumor,image(45).jpg,data/raw/Testing/pituitary_tumor/image(45).jpg,268072,1335,1302
test,Pituitary,pituitary_tumor,image(46).jpg,data/raw/Testing/pituitary_tumor/image(46).jpg,268072,1335,1302
test,Pituitary,pituitary_tumor,image(47).jpg,data/raw/Testing/pituitary_tumor/image(47).jpg,16405,225,225
test,Pituitary,pituitary_tumor,image(48).jpg,data/raw/Testing/pituitary_tumor/image(48).jpg,16405,225,225
test,Pituitary,pituitary_tumor,image(49).jpg,data/raw/Testing/pituitary_tumor/image(49).jpg,16405,225,225
test,Pituitary,pituitary_tumor,image(5).jpg,data/raw/Testing/pituitary_tumor/image(5).jpg,61133,474,474
test,Pituitary,pituitary_tumor,image(51).jpg,data/raw/Testing/pituitary_tumor/image(51).jpg,40442,442,442
test,Pituitary,pituitary_tumor,image(52).jpg,data/raw/Testing/pituitary_tumor/image(52).jpg,40442,442,442
test,Pituitary,pituitary_tumor,image(53).jpg,data/raw/Testing/pituitary_tumor/image(53).jpg,268812,1338,1304
test,Pituitary,pituitary_tumor,image(54).jpg,data/raw/Testing/pituitary_tumor/image(54).jpg,268812,1338,1304
test,Pituitary,pituitary_tumor,image(55).jpg,data/raw/Testing/pituitary_tumor/image(55).jpg,268812,1338,1304
test,Pituitary,pituitary_tumor,image(56).jpg,data/raw/Testing/pituitary_tumor/image(56).jpg,15564,225,225
test,Pituitary,pituitary_tumor,image(57).jpg,data/raw/Testing/pituitary_tumor/image(57).jpg,15564,225,225
test,Pituitary,pituitary_tumor,image(6).jpg,data/raw/Testing/pituitary_tumor/image(6).jpg,61133,474,474
test,Pituitary,pituitary_tumor,image(60).jpg,data/raw/Testing/pituitary_tumor/image(60).jpg,74811,625,603
test,Pituitary,pituitary_tumor,image(61).jpg,data/raw/Testing/pituitary_tumor/image(61).jpg,74811,625,603
test,Pituitary,pituitary_tumor,image(63).jpg,data/raw/Testing/pituitary_tumor/image(63).jpg,14677,202,202
test,Pituitary,pituitary_tumor,image(64).jpg,data/raw/Testing/pituitary_tumor/image(64).jpg,14677,202,202
test,Pituitary,pituitary_tumor,image(65).jpg,data/raw/Testing/pituitary_tumor/image(65).jpg,29953,350,400
test,Pituitary,pituitary_tumor,image(66).jpg,data/raw/Testing/pituitary_tumor/image(66).jpg,29953,350,400
test,Pituitary,pituitary_tumor,image(67).jpg,data/raw/Testing/pituitary_tumor/image(67).jpg,225311,1168,1178
test,Pituitary,pituitary_tumor,image(68).jpg,data/raw/Testing/pituitary_tumor/image(68).jpg,225311,1168,1178
test,Pituitary,pituitary_tumor,image(69).jpg,data/raw/Testing/pituitary_tumor/image(69).jpg,49394,441,429
test,Pituitary,pituitary_tumor,image(7).jpg,data/raw/Testing/pituitary_tumor/image(7).jpg,18669,276,320
test,Pituitary,pituitary_tumor,image(70).jpg,data/raw/Testing/pituitary_tumor/image(70).jpg,49394,441,429
test,Pituitary,pituitary_tumor,image(73).jpg,data/raw/Testing/pituitary_tumor/image(73).jpg,31317,512,512
test,Pituitary,pituitary_tumor,image(76).jpg,data/raw/Testing/pituitary_tumor/image(76).jpg,26904,512,512
test,Pituitary,pituitary_tumor,image(77).jpg,data/raw/Testing/pituitary_tumor/image(77).jpg,26904,512,512
test,Pituitary,pituitary_tumor,image(78).jpg,data/raw/Testing/pituitary_tumor/image(78).jpg,26904,512,512
test,Pituitary,pituitary_tumor,image(79).jpg,data/raw/Testing/pituitary_tumor/image(79).jpg,35606,512,512
test,Pituitary,pituitary_tumor,image(8).jpg,data/raw/Testing/pituitary_tumor/image(8).jpg,18669,276,320
test,Pituitary,pituitary_tumor,image(81).jpg,data/raw/Testing/pituitary_tumor/image(81).jpg,34589,512,512
test,Pituitary,pituitary_tumor,image(82).jpg,data/raw/Testing/pituitary_tumor/image(82).jpg,34589,512,512
test,Pituitary,pituitary_tumor,image(85).jpg,data/raw/Testing/pituitary_tumor/image(85).jpg,38348,512,512
test,Pituitary,pituitary_tumor,image(86).jpg,data/raw/Testing/pituitary_tumor/image(86).jpg,38348,512,512
test,Pituitary,pituitary_tumor,image(87).jpg,data/raw/Testing/pituitary_tumor/image(87).jpg,189502,900,741
test,Pituitary,pituitary_tumor,image(88).jpg,data/raw/Testing/pituitary_tumor/image(88).jpg,189502,900,741
test,Pituitary,pituitary_tumor,image(89).jpg,data/raw/Testing/pituitary_tumor/image(89).jpg,137916,892,826
test,Pituitary,pituitary_tumor,image(90).jpg,data/raw/Testing/pituitary_tumor/image(90).jpg,137916,892,826
test,Pituitary,pituitary_tumor,image(91).jpg,data/raw/Testing/pituitary_tumor/image(91).jpg,137916,892,826
test,Pituitary,pituitary_tumor,image(92).jpg,data/raw/Testing/pituitary_tumor/image(92).jpg,46623,512,512
test,Pituitary,pituitary_tumor,image(93).jpg,data/raw/Testing/pituitary_tumor/image(93).jpg,46623,512,512
test,Pituitary,pituitary_tumor,image(94).jpg,data/raw/Testing/pituitary_tumor/image(94).jpg,35727,383,436
test,Pituitary,pituitary_tumor,image(95).jpg,data/raw/Testing/pituitary_tumor/image(95).jpg,35727,383,436
test,Pituitary,pituitary_tumor,image(96).jpg,data/raw/Testing/pituitary_tumor/image(96).jpg,46623,512,512
test,Pituitary,pituitary_tumor,image(97).jpg,data/raw/Testing/pituitary_tumor/image(97).jpg,46623,512,512
test,Pituitary,pituitary_tumor,image(98).jpg,data/raw/Testing/pituitary_tumor/image(98).jpg,80129,538,548
test,Pituitary,pituitary_tumor,image.jpg,data/raw/Testing/pituitary_tumor/image.jpg,38348,512,512
